number	hits	start	end	length	score	scaff	strand	taxon_name	taxon_id	filelabel
1	WP_251174786.1,WP_251174788.1,WP_251174792.1	65904	72536	2742	2460	NZ_JAMAWE010000007.1		GCF_023713405.1	665099	
2	WP_320210585.1,WP_320210586.1	107618	109557	1976	2422	NZ_JAXBME010000016.1		GCF_033963835.1	3097357	
3	WP_394542840.1,WP_456364915.1,WP_394542831.1	67480	74137	2607	2307	NZ_CP027936.1		GCF_043538165.1	412384	
4	WP_394542831.1,WP_394542837.1,WP_394542840.1	18084	24743	2643	2307	NZ_CP027994.1		GCF_043541695.1	412384	
5	WP_446246593.1,WP_446246596.1	1755063	1761178	3140	2260	NZ_CM128249.1		GCF_052828565.1	3463856	
6	WP_214483792.1,WP_214483793.1	43058	45012	1994	2255	NZ_JAEUFG010000022.1		GCF_018588585.1	2805366	
7	WP_427416292.1,WP_427416293.1	39928	41879	1991	2246	NZ_JBNNUX010000028.1		GCF_050280145.1	3390577	
8	WP_053363413.1,WP_053363415.1,WP_053363419.1	3852858	3863010	3441	2167	NZ_LIGG01000001.1		GCF_001273925.1	1684142	
9	WP_139859881.1,WP_173477959.1,WP_173477953.1	927578	936916	2748	2159	NZ_CP085880.1		GCF_006351725.2	2892541	
10	WP_337981978.1,WP_173477959.1,WP_337982208.1	1875373	1883778	2748	2159	NZ_CP065546.1		GCF_015999545.1	2792480	
11	WP_402889482.1,WP_402888618.1,WP_402888626.1	13535	23766	2748	2159	NZ_JBIWDA010000002.1		GCF_044761745.1	3364143	
12	WP_418201569.1,WP_418201573.1,WP_418201579.1	9073	21759	3468	2155	NZ_JBLWFS010000031.1		GCF_048323755.1	3402081	
13	WP_340826138.1,WP_340826147.1,WP_340826532.1	4419354	4428648	2751	2151	NZ_JBBOZQ010000001.1		GCF_038008685.1	2954643	
14	WP_401009645.1,WP_401009651.1,WP_401009881.1	609581	619846	2751	2151	NZ_JBIVOE010000002.1		GCF_044753985.1	3364133	
15	WP_340826532.1,WP_401021363.1,WP_401021371.1	170783	179048	2751	2151	NZ_JBIVOH010000008.1		GCF_044754025.1	3364132	
16	WP_403054791.1,WP_403048552.1,WP_403048562.1	148772	158331	2751	2151	NZ_JBIWBS010000001.1		GCF_044761135.1	3364145	
17	WP_402764573.1,WP_401021363.1,WP_402764814.1	51026	60298	2751	2151	NZ_JBIWDT010000005.1		GCF_044762185.1	3364140	
18	WP_403054791.1,WP_403048552.1,WP_403048562.1	148951	158510	2751	2151	NZ_JBIWEQ010000001.1		GCF_044762625.1	3364139	
19	WP_427429532.1,WP_427429538.1,WP_427429672.1	453828	463785	2751	2151	NZ_JBNNUU010000003.1		GCF_050280025.1	3390579	
20	WP_190997879.1,WP_190997881.1,WP_190997882.1	60531	67726	4644	1958	NZ_JACXSI010000016.1		GCF_014712675.1	2772559	
21	WP_341331785.1,WP_341331786.1,WP_341331789.1	3005880	3013432	4692	1945	NZ_JBBPAM010000001.1		GCF_038050315.1	2954540	
22	WP_341331789.1,WP_440272956.1,WP_121449440.1	241	7793	4692	1945	NZ_JBQCLH010000016.1		GCF_051966215.1	3387275	
23	WP_028391094.1,WP_034300935.1,WP_028391100.1	579383	592330	3444	1863	NZ_KI632495.1		GCF_000504145.1	1208599	
24	WP_050614950.1,WP_050614951.1,WP_050614953.1	1912228	1918781	4773	1851	NZ_LN851186.1		GCF_001243895.1	1622072	
25	WP_217642402.1,WP_090765108.1,WP_090765119.1	47100	55882	3594	1847	NZ_FNHN01000011.1		GCF_900103525.1	1882761	
26	WP_307311374.1,WP_307301336.1,WP_307301342.1	947415	957852	3405	1829	NZ_JAUSZN010000001.1		GCF_030817595.1	3035913	
27	WP_335717330.1,WP_420491885.1,WP_335717336.1	5953	14717	3585	1816	NZ_JBALON010000279.1		GCF_036962665.1	86668	
28	WP_213126922.1,WP_213126925.1,WP_213126926.1	29806	37959	3927	1749	NZ_JAGYPG010000005.1		GCF_018343625.1	2833580	
29	WP_400434246.1,WP_400434264.1	55822	63448	2654	1717	NZ_JBIVOP010000026.1		GCF_044754175.1	3364296	
30	WP_307228599.1,WP_307228910.1,WP_307228611.1	11840	22250	3768	1708	NZ_JAUSTT010000009.1		GCF_030812995.1	587633	
31	WP_307228599.1,WP_307228910.1,WP_307228611.1	293518	303905	3768	1708	NZ_JBHRZQ010000013.1		GCF_042651685.1	587633	
32	WP_113937725.1,WP_113937729.1,WP_113937730.1	163833	171688	4842	1693	NZ_QNRN01000012.1		GCF_003315125.1	1030092	
33	WP_113937725.1,WP_113937729.1,WP_113937730.1	163889	171744	4842	1693	NZ_QTTY01000008.1		GCF_003386775.1	1405	
34	WP_404491162.1,WP_404491163.1,WP_113937725.1	298757	306612	4842	1693	NZ_JBIYCT010000003.1		GCF_044907945.1	3156285	
35	WP_113937725.1,WP_113937729.1,WP_113937730.1	53996	61851	4842	1693	NZ_JBIYCW010000012.1		GCF_044908115.1	3156288	
36	WP_113937730.1,WP_113937729.1,WP_113937725.1	1083822	1091677	4842	1693	NZ_JBNNVF010000001.1		GCF_050280405.1	1405	
37	WP_338786213.1,WP_338786217.1	3471689	3478338	2708	1657	NZ_CP147403.1		GCF_037201795.1	3117747	
38	WP_099363270.1,WP_099362907.1	17185	22104	2726	1646	NZ_NSEB01000011.1		GCF_002734215.1	1571209	
39	WP_388035677.1,WP_304220198.1	423434	428290	2726	1646	NZ_JBHUEK010000007.1		GCF_042680725.1	2595041	
40	WP_402874229.1,WP_402987405.1	987752	993123	2681	1640	NZ_JBIWCZ010000001.1		GCF_044761765.1	3364401	
41	WP_402874219.1,WP_402874229.1	108796	115169	2699	1640	NZ_JBIWDN010000007.1		GCF_044762045.1	3364398	
42	WP_402957359.1,WP_402957365.1	208962	215165	2699	1640	NZ_JBIWDO010000005.1		GCF_044762055.1	3364397	
43	WP_402874229.1,WP_427590988.1	345841	351001	2681	1640	NZ_JBNNML010000001.1		GCF_050272735.1	3390607	
44	WP_402874229.1,WP_427687851.1	134805	139938	2681	1640	NZ_JBNNSR010000006.1		GCF_050277925.1	3390616	
45	WP_427651148.1,WP_402874229.1	206989	212167	2699	1640	NZ_JBNNST010000007.1		GCF_050278025.1	3390615	
46	WP_402874229.1,WP_427590988.1	880687	885847	2681	1640	NZ_JBNNSY010000001.1		GCF_050278185.1	3390613	
47	WP_417899701.1,WP_417899703.1	1084446	1088829	2726	1628	NZ_CP158164.1		GCF_048270625.1	3160967	
48	WP_115893202.1,WP_220352877.1,WP_115893204.1	41601	46906	3389	1616	NZ_QTLC01000004.1		GCF_003382325.1	156205	
49	WP_025028229.1,WP_025028232.1,WP_464226102.1	57164	66188	3489	1606	NZ_AP043734.1		GCF_055397565.1	1418	
50	WP_411802007.1,WP_411802008.1,WP_265627463.1	33934	37736	3921	1605	NZ_JARSGO010000001.1		GCF_035808635.1	1648923	
51	WP_411802007.1,WP_411802008.1,WP_265627463.1	34020	37822	3921	1605	NZ_JARLZW010000010.1		GCF_036210515.1	1648923	
52	WP_042461334.1,WP_042461349.1	35540	42402	2669	1595	NZ_HG942074.1		GCF_000612665.1	1347369	
53	WP_116350460.1,WP_116350463.1	303156	309174	2726	1593	NZ_QUQV01000001.1		GCF_003400205.1	2293325	
54	WP_046525541.1,WP_046525544.1	14007	20353	2657	1576	NZ_LAYY01000034.1		GCF_000986785.1	1408103	
55	WP_215030745.1,WP_215030761.1	3796	11099	2867	1564	NZ_JAGGQL010000005.1		GCF_018613315.1	2819123	
56	WP_475427764.1,WP_475427769.1	2090744	2098064	2867	1564	NZ_CM149675.1		GCF_056173465.1	3569821	
57	WP_462412891.1,WP_462412893.1	445550	450016	2669	1561	NZ_JBUCKX010000004.1		GCF_054950115.1	3477506	
58	WP_310198050.1,WP_310198057.1	76468	81963	2723	1558	NZ_JAVDVZ010000011.1		GCF_031457145.1	86668	
59	WP_230504971.1,WP_230504976.1	10509	18064	2753	1550	NZ_CAKJTJ010000050.1		GCF_917563925.1	2880967	
60	WP_412995014.1,WP_412995019.1	3211451	3216833	2720	1542	NZ_JBDFLL010000001.1		GCF_047237705.1	3132212	
61	WP_034677067.1,WP_034677076.1	11137	16997	2720	1537	NZ_BCVA01000054.1		GCF_001591505.1	1348654	
62	WP_034677076.1,WP_034677067.1	40060	45920	2720	1537	NZ_JARSIV010000053.1		GCF_035809615.1	86668	
63	WP_419887514.1,WP_419887516.1	3825778	3831534	2720	1537	NZ_CP183883.1		GCF_048572935.1	86668	
64	WP_377878076.1,WP_377878078.1,WP_377878079.1	5689	12523	5079	1536	NZ_JBHUJX010000021.1		GCF_042683745.1	3351842	
65	WP_065384123.1,WP_065384126.1	738277	744186	2642	1528	NZ_MAQX01000001.1		GCF_001682865.1	1743142	
66	WP_406686537.1,WP_406686538.1,WP_406686539.1	3924161	3928010	3849	1528	NZ_CP140482.1		GCF_045278735.1	218284	
67	WP_179595939.1,WP_179595942.1	530564	536032	2720	1521	NZ_JACCBX010000002.1		GCF_013409995.1	3035913	
68	WP_306074843.1,WP_306074846.1	1807525	1812987	2720	1521	NZ_JAROBZ020000001.1		GCF_030732025.2	3035913	
69	WP_402622449.1,WP_402622159.1	77539	82945	2708	1514	NZ_JBIVOI010000010.1		GCF_044754045.1	3364297	
70	WP_283860340.1,WP_283860343.1	3259925	3265342	2720	1510	NZ_CP126093.1		GCF_030123065.1	3047871	
71	WP_224875594.1,WP_224874912.1	797701	802855	2768	1504	NZ_JAIVAR010000001.1		GCF_020171925.1	189382	
72	WP_373428138.1,WP_307195369.1	2909039	2914467	2708	1489	NZ_JAUSZQ010000002.1		GCF_030817695.1	86668	
73	WP_374934673.1,WP_374934676.1	59137	64561	2720	1489	NZ_JBDZYE010000015.1		GCF_041937505.1	3035913	
74	WP_082233110.1,WP_082233113.1	1180622	1185743	2732	1455	NZ_LT800499.1		GCF_900166625.1	1926286	
75	WP_144533412.1,WP_144533414.1,WP_144533420.1	692757	697432	3138	1447	NZ_VDMZ01000003.1		GCF_007665325.1	1408	
76	WP_158598308.1,WP_158598310.1,WP_121681001.1	105351	111228	3381	1443	NZ_RCVZ01000008.1		GCF_003668575.1	2478915	
77	WP_309523949.1,WP_309523953.1	72306	79966	2918	1428	NZ_JAVIVS010000001.1		GCF_031324245.1	1740721	
78	WP_034640188.1,WP_034640210.1	33308	40634	2834	1421	NZ_JOTN01000012.1		GCF_000712595.1	574376	
79	WP_369899610.1,WP_369899616.1	2334327	2341271	2834	1421	NZ_CP165965.1		GCF_041225435.1	574376	
80	WP_034640210.1,WP_034640188.1	61644	68970	2834	1421	NZ_CBCSJC010000017.1		GCF_965139495.1	574376	
81	WP_429670152.1,WP_429670153.1,WP_429670156.1	50991	56776	3195	1413	NZ_JBCNCB010000048.1		GCF_050478945.1	1392	
82	WP_429670156.1,WP_429670153.1,WP_429670446.1	7373	13173	3210	1413	NZ_JBCNIA010000048.1		GCF_050482525.1	1392	
83	WP_380772463.1,WP_380772466.1	309794	315078	2549	1408	NZ_JBHUEO010000005.1		GCF_042680885.1	1274353	
84	WP_400719827.1,WP_400719835.1	163875	169520	1979	1405	NZ_JBIVRU010000001.1		GCF_044755845.1	3364131	
85	WP_211741400.1,WP_211741403.1,WP_211741407.1	436166	444941	3189	1401	NZ_JAGXBY010000002.1		GCF_018310345.1	1944633	
86	WP_048824041.1,WP_048824044.1	1091573	1097831	2828	1393	NZ_CCXR01000001.1		GCF_000821085.1	1476857	
87	WP_059173150.1,WP_059173153.1	410787	416489	2702	1371	NZ_LMTI01000005.1		GCF_001510665.1	1679166	
88	WP_244682469.1,WP_244682472.1	149949	156468	2846	1369	NZ_JALIRM010000011.1		GCF_022900255.1	1347903	
89	WP_244682469.1,WP_244682472.1	149925	156444	2846	1369	NZ_JAUSUO010000008.1		GCF_030814045.1	1347903	
90	WP_244682469.1,WP_244682472.1	149956	156475	2846	1369	NZ_JBHLZM010000011.1		GCF_042429915.1	1347903	
91	WP_244682472.1,WP_244682469.1	8452	14971	2846	1369	NZ_JBHLSU010000005.1		GCF_042434825.1	1347903	
92	WP_100543383.1,WP_100543384.1	67171	69368	2192	1345	NZ_PHQY01000612.1		GCF_002803495.1	582475	
93	WP_340851301.1,WP_340851306.1	87543	93317	2705	1324	NZ_JBBOOI010000001.1		GCF_038003025.1	2921576	
94	WP_406910204.1,WP_406910206.1	50898	56672	2705	1324	NZ_JBIQDP010000026.1		GCF_045370945.1	3374292	
95	WP_240257101.1,WP_240257102.1	21061	24957	3899	1315	NZ_JAKTTI010000035.1		GCF_022427965.1	2918902	
96	WP_239820780.1,WP_001096887.1	733597	735888	2021	1311	NZ_CP092412.1		GCF_022370935.1	492670	
97	WP_115822132.1,WP_115822135.1	339898	345161	2711	1308	NZ_QUAE01000001.1		GCF_003386945.1	156205	
98	WP_089651077.1,WP_406946048.1	1686878	1692141	2711	1308	NZ_CP174345.1		GCF_045401165.1	3381356	
99	WP_089651077.1,WP_089651080.1	278776	284039	2711	1308	NZ_FNIZ01000002.1		GCF_900104185.1	240303	
100	WP_095370701.1,WP_095370702.1	1417989	1421816	3830	1302	NZ_CP022983.1		GCF_002276165.1	859143	
101	WP_224939021.1,WP_224939022.1	8321	12151	3833	1302	NZ_JAIVAM010000018.1		GCF_020171845.1	859143	
102	WP_251163292.1,WP_251163293.1	78724	82554	3833	1302	NZ_JAMAWG010000009.1		GCF_023713375.1	859143	
103	WP_251163292.1,WP_251163293.1	78724	82554	3833	1302	NZ_JAMAWC010000009.1		GCF_023713445.1	859143	
104	WP_307315314.1,WP_307315317.1	268987	272814	3830	1302	NZ_JAUSTS010000003.1		GCF_030812975.1	859143	
105	WP_322910207.1,WP_322910208.1	243232	247059	3830	1302	NZ_JAYEFF010000004.1		GCF_034651445.1	3108468	
106	WP_289432794.1,WP_289432795.1	642918	646748	3833	1302	NZ_JAUCFR010000004.1		GCF_030348365.1	859143	
107	WP_307315314.1,WP_328198898.1	101734	105561	3830	1302	NZ_JARMDJ010000017.1		GCF_036212305.1	859143	
108	WP_341104570.1,WP_341104572.1	1064382	1068212	3833	1302	NZ_JBBOWA010000001.1		GCF_038006865.1	2921691	
109	WP_322910208.1,WP_341049708.1	569711	573538	3830	1302	NZ_JBBOWW010000001.1		GCF_038007265.1	2921649	
110	WP_341054102.1,WP_341054104.1	690767	694594	3830	1302	NZ_JBBOWZ010000001.1		GCF_038007345.1	2921621	
111	WP_095370702.1,WP_340977719.1	3681631	3685458	3830	1302	NZ_JBBOXM010000001.1		GCF_038007625.1	2921421	
112	WP_341098453.1,WP_341098454.1	4061024	4064851	3830	1302	NZ_JBBPAO010000001.1		GCF_038009245.1	2921689	
113	WP_342488813.1,WP_342488814.1	573019	576846	3830	1302	NZ_CP151998.1		GCF_038595015.1	2921700	
114	WP_307315317.1,WP_307315314.1	29460	33287	3830	1302	NZ_JBHRZR010000012.1		GCF_042649545.1	859143	
115	WP_404293429.1,WP_404293432.1	597757	601587	3833	1302	NZ_CP085254.1		GCF_044790165.1	859143	
116	WP_404293429.1,WP_404293432.1	603833	607663	3833	1302	NZ_CP085020.1		GCF_044794875.1	859143	
117	WP_251163292.1,WP_251163293.1	78975	82805	3833	1302	NZ_JBQCNB010000012.1		GCF_051964595.1	859143	
118	WP_224939022.1,WP_224939021.1	738289	742119	3833	1302	NZ_CM126253.1		GCF_052373855.1	859143	
119	WP_474908679.1,WP_474908678.1	20646	24476	3833	1302	NZ_JBSWWV010000023.1		GCF_056160265.1	859143	
120	WP_461610904.1,WP_461610905.1	767291	771121	3833	1302	NZ_JBTJCJ010000002.1		GCF_054864155.1	859143	
121	WP_474908678.1,WP_474908679.1	3728851	3732681	3833	1302	NZ_JBSWUE010000017.1		GCF_056158885.1	859143	
122	WP_342673073.1,WP_281202886.1	29451	33257	3809	1302	NZ_CANMJM010000012.1		GCF_947498265.1	859143	
123	WP_191275905.1,WP_191275907.1	17810	21685	3881	1301	NZ_BNDS01000023.1		GCF_014656545.1	2759023	
124	WP_060671298.1,WP_060671304.1	314104	320242	2747	1298	NZ_LIXZ01000002.1		GCF_001305855.1	218284	
125	WP_053362852.1,WP_197280063.1	3188806	3192621	3821	1293	NZ_LIGG01000001.1		GCF_001273925.1	1684142	
126	WP_335704340.1,WP_335704341.1	56970	60878	3914	1292	NZ_JBALOQ010000022.1		GCF_036962705.1	3122960	
127	WP_323651417.1,WP_323651418.1	26828	29267	2432	1284	NZ_JAIQVH010000026.1		GCF_035064485.1	582475	
128	WP_427482654.1,WP_427482656.1	207067	209515	2441	1284	NZ_JBNNUW010000003.1		GCF_050280125.1	3390578	
129	WP_427444372.1,WP_427444375.1	106363	108802	2432	1284	NZ_JBNNVB010000001.1		GCF_050280325.1	3390576	
130	WP_411257161.1,WP_411257162.1	6138	10001	3869	1280	NZ_JAWVNQ010000022.1		GCF_046591715.1	86668	
131	WP_046559397.1,WP_044053016.1	600583	605504	3086	1279	NZ_CP011346.1		GCF_000987825.1	492670	
132	WP_044053016.1,WP_044053019.1	85259	90180	3086	1279	NZ_LMAT01000011.1		GCF_001469685.1	1390	
133	WP_044053019.1,WP_060386786.1	587662	592583	3086	1279	NZ_LN999829.1		GCF_001536925.1	492670	
134	WP_044053016.1,WP_044053019.1	736089	741010	3086	1279	NZ_CP018152.1		GCF_001889285.1	1390	
135	WP_044053019.1,WP_044053016.1	605350	610271	3086	1279	NZ_CP016395.1		GCF_001723585.1	492670	
136	WP_044053019.1,WP_044053016.1	550410	555331	3086	1279	NZ_CP031880.1		GCF_003441635.1	492670	
137	WP_044053019.1,WP_044053016.1	605250	610171	3086	1279	NZ_CP051011.1		GCF_012275165.1	492670	
138	WP_044053019.1,WP_060386786.1	1576910	1581831	3086	1279	NZ_CP046386.1		GCF_009734085.1	492670	
139	WP_044053019.1,WP_044053016.1	599292	604213	3086	1279	NZ_CP047157.1		GCF_009834085.1	492670	
140	WP_160182440.1,WP_160182443.1	668139	673063	3089	1279	NZ_CP047644.1		GCF_009906915.1	2665175	
141	WP_044053016.1,WP_046559397.1	248157	253078	3086	1279	NZ_CP035533.1		GCF_015291865.1	492670	
142	WP_044053019.1,WP_044053016.1	19008	23929	3086	1279	NZ_WOVK01000004.1		GCF_011317125.1	492670	
143	WP_044053019.1,WP_044053016.1	19008	23929	3086	1279	NZ_WOYD01000005.1		GCF_011421515.1	492670	
144	WP_044053016.1,WP_044053019.1	329610	334531	3086	1279	NZ_CP031694.1		GCF_009914175.1	492670	
145	WP_044053019.1,WP_044053016.1	18894	23815	3086	1279	NZ_NKBE01000004.1		GCF_009935125.1	492670	
146	WP_044053019.1,WP_044053016.1	18981	23902	3086	1279	NZ_NKBF01000006.1		GCF_009935175.1	492670	
147	WP_044053019.1,WP_044053016.1	18970	23891	3086	1279	NZ_VFLN01000007.1		GCF_013131655.1	492670	
148	WP_044053019.1,WP_160182443.1	2520450	2525374	3089	1279	NZ_CP047119.1		GCF_014706595.1	492670	
149	WP_044053019.1,WP_044053016.1	599656	604577	3086	1279	NZ_CP072843.1		GCF_017948225.1	492670	
150	WP_044053019.1,WP_044053016.1	588021	592942	3086	1279	NZ_CP087957.1		GCF_020995365.1	492670	
151	WP_044053019.1,WP_044053016.1	599485	604406	3086	1279	NZ_CP075547.1		GCF_018502525.1	1390	
152	WP_160182443.1,WP_160182440.1	1287504	1292428	3089	1279	NZ_JAHHQD010000003.1		GCF_018729415.1	492670	
153	WP_046559397.1,WP_044053016.1	2502304	2507225	3086	1279	NZ_CP065159.1		GCF_017357905.1	1390	
154	WP_046559397.1,WP_044053016.1	600751	605672	3086	1279	NZ_CP072791.1		GCF_019449395.1	492670	
155	WP_044053016.1,WP_044053019.1	519016	523937	3086	1279	NZ_CP067043.1		GCF_019551675.1	492670	
156	WP_044053016.1,WP_046559397.1	253887	258808	3086	1279	NZ_JAHVIU010000005.1		GCF_019801565.1	492670	
157	WP_046559397.1,WP_044053016.1	19075	23996	3086	1279	NZ_JAIVMA010000008.1		GCF_020176675.1	492670	
158	WP_044053019.1,WP_044053016.1	586420	591341	3086	1279	NZ_CP092439.1		GCF_022385235.1	492670	
159	WP_160182443.1,WP_160182440.1	19632	24556	3089	1279	NZ_JAPHWC010000012.1		GCF_026241365.1	2994530	
160	WP_046559397.1,WP_044053016.1	19047	23968	3086	1279	NZ_JAPIUU010000013.1		GCF_026241745.1	492670	
161	WP_044053019.1,WP_044053016.1	597978	602899	3086	1279	NZ_CP117945.1		GCF_029016665.1	492670	
162	WP_044053019.1,WP_044053016.1	604255	609176	3086	1279	NZ_CP125289.1		GCF_030028335.1	492670	
163	WP_044053016.1,WP_044053019.1	140576	145497	3086	1279	NZ_JAQDIR010000007.1		GCF_027663005.1	492670	
164	WP_044053019.1,WP_044053016.1	599293	604214	3086	1279	NZ_CP115604.1		GCF_027857035.1	492670	
165	WP_046559397.1,WP_044053016.1	600700	605621	3086	1279	NZ_CP121465.1		GCF_029691445.1	492670	
166	WP_044053016.1,WP_046559397.1	79874	84795	3086	1279	NZ_BSTV01000007.1		GCF_030269725.1	1390	
167	WP_044053019.1,WP_044053016.1	543025	547946	3086	1279	NZ_CP127243.1		GCF_030284565.1	1390	
168	WP_044053019.1,WP_160182443.1	19114	24038	3089	1279	NZ_JAXUFL010000009.1		GCF_034555015.1	492670	
169	WP_044053016.1,WP_044053019.1	2322885	2327806	3086	1279	NZ_JAUCFX010000005.1		GCF_030348305.1	492670	
170	WP_044053016.1,WP_046559397.1	1636334	1641255	3086	1279	NZ_CP134775.1		GCF_031883715.1	492670	
171	WP_044053019.1,WP_044053016.1	599586	604507	3086	1279	NZ_CP130445.1		GCF_030520205.1	1390	
172	WP_044053019.1,WP_044053016.1	598377	603298	3086	1279	NZ_CP130608.1		GCF_030544925.1	492670	
173	WP_044053019.1,WP_044053016.1	18896	23817	3086	1279	NZ_JARSND010000018.1		GCF_035811855.1	492670	
174	WP_044053019.1,WP_044053016.1	18900	23821	3086	1279	NZ_JARSQB010000012.1		GCF_035813375.1	492670	
175	WP_044053016.1,WP_046559397.1	1507141	1512062	3086	1279	NZ_JAVLSS010000002.1		GCF_036600835.1	492670	
176	WP_044053016.1,WP_046559397.1	3452735	3457656	3086	1279	NZ_CP144358.1		GCF_036549115.1	492670	
177	WP_044053019.1,WP_160182443.1	19008	23932	3089	1279	NZ_VKIC01000007.1		GCF_040337675.1	492670	
178	WP_044053019.1,WP_044053016.1	19025	23946	3086	1279	NZ_JBCDMH010000009.1		GCF_039605725.1	3140352	
179	WP_044053016.1,WP_044053019.1	147545	152466	3086	1279	NZ_JAZBHE010000005.1		GCF_037623985.1	492670	
180	WP_044053019.1,WP_044053016.1	599486	604407	3086	1279	NZ_CP169877.1		GCF_042159825.1	1390	
181	WP_044053019.1,WP_044053016.1	18746	23667	3086	1279	NZ_JBFSEW010000007.1		GCF_040965335.1	492670	
182	WP_044053019.1,WP_160182443.1	18954	23878	3089	1279	NZ_JAXCMK010000014.1		GCF_043520075.1	492670	
183	WP_044053019.1,WP_044053016.1	586421	591342	3086	1279	NZ_JBGTYF010000001.1		GCF_041729945.1	492670	
184	WP_044053019.1,WP_044053016.1	18774	23695	3086	1279	NZ_JBKIWL010000005.1		GCF_046599285.1	867642	
185	WP_044053016.1,WP_046559397.1	254374	259295	3086	1279	NZ_JBKJHE010000006.1		GCF_046613715.1	492670	
186	WP_046559397.1,WP_044053016.1	600704	605625	3086	1279	NZ_CP176523.1		GCF_046267865.1	1390	
187	WP_044053019.1,WP_044053016.1	597775	602696	3086	1279	NZ_CP173038.1		GCF_044784305.1	492670	
188	WP_044053019.1,WP_044053016.1	588929	593850	3086	1279	NZ_CP148060.1		GCF_049354995.1	492670	
189	WP_044053016.1,WP_044053019.1	2405295	2410216	3086	1279	NZ_JBMPXV010000002.1		GCF_049367435.1	492670	
190	WP_046559397.1,WP_044053016.1	583504	588425	3086	1279	NZ_CP187936.1		GCF_049942705.1	492670	
191	WP_044053019.1,WP_044053016.1	637241	642162	3086	1279	NZ_CP182571.1		GCF_048296745.1	492670	
192	WP_046559397.1,WP_044053016.1	19029	23950	3086	1279	NZ_JBJOUE010000009.1		GCF_045801055.1	492670	
193	WP_044053016.1,WP_044053019.1	2405295	2410216	3086	1279	NZ_JBMPZG010000003.1		GCF_049368855.1	492670	
194	WP_044053019.1,WP_044053016.1	597856	602777	3086	1279	NZ_CP183293.1		GCF_048541545.1	492670	
195	WP_044053019.1,WP_044053016.1	604436	609357	3086	1279	NZ_CP183947.1		GCF_048585455.1	492670	
196	WP_044053016.1,WP_044053019.1	2256896	2261817	3086	1279	NZ_JBKCQZ010000001.1		GCF_046312375.1	492670	
197	WP_416515837.1,WP_044053016.1	588103	593024	3086	1279	NZ_CP182170.1		GCF_048013385.1	492670	
198	WP_046559397.1,WP_044053016.1	502563	507484	3086	1279	NZ_CP118770.1		GCF_046115415.1	492670	
199	WP_044053019.1,WP_044053016.1	18750	23671	3086	1279	NZ_JBNVTN010000009.1		GCF_050412515.1	1390	
200	WP_044053016.1,WP_044053019.1	1377926	1382847	3086	1279	NZ_CP148042.1		GCF_051128625.1	492670	
201	WP_044053016.1,WP_046559397.1	79838	84759	3086	1279	NZ_JBNXVT010000009.1		GCF_050565505.1	492670	
202	WP_044053019.1,WP_044053016.1	599486	604407	3086	1279	NZ_CP199389.1		GCF_052568175.1	492670	
203	WP_044053019.1,WP_044053016.1	608870	613791	3086	1279	NZ_CP196934.1		GCF_051940895.1	492670	
204	WP_044053019.1,WP_044053016.1	605252	610173	3086	1279	NZ_CP195800.1		GCF_051472655.1	492670	
205	WP_044053019.1,WP_044053016.1	586421	591342	3086	1279	NZ_CP196162.1		GCF_051549775.1	492670	
206	WP_160182443.1,WP_160182440.1	19646	24570	3089	1279	NZ_JBSEED010000023.1		GCF_053569555.1	492670	
207	WP_044053019.1,WP_044053016.1	587488	592409	3086	1279	NZ_CM149634.1		GCF_056163325.1	492670	
208	WP_044053016.1,WP_044053019.1	259020	263941	3086	1279	NZ_JBTRFE010000005.1		GCF_054509705.1	492670	
209	WP_044053016.1,WP_044053019.1	3503484	3508405	3086	1279	NZ_CM146090.1		GCF_055690645.1	492670	
210	WP_044053019.1,WP_160182443.1	663072	667996	3089	1279	NZ_CM145514.1		GCF_055523575.1	492670	
211	WP_044053019.1,WP_044053016.1	588020	592941	3086	1279	NZ_CM148697.1		GCF_056135895.1	492670	
212	WP_042982557.1,WP_042982559.1	3537143	3541009	3869	1271	NZ_JMQC01000008.1		GCF_000746925.1	2338372	
213	WP_042982559.1,WP_042982557.1	28905	32771	3869	1271	NZ_QVOD01000018.1		GCF_003428195.1	2338372	
214	WP_269411479.1,WP_269411480.1	803594	807490	3899	1265	NZ_CP114176.1		GCF_027186265.1	2911514	
215	WP_367746854.1,WP_367746855.1	1822	5718	3899	1265	NZ_JBFNXI010000015.1		GCF_040812445.1	3163028	
216	WP_251556446.1,WP_251556452.1	224147	228037	3893	1264	NZ_JAMBNR010000002.1		GCF_023715205.1	1643336	
217	WP_251435051.1,WP_251435054.1	24005	27895	3893	1264	NZ_JAMBNU010000019.1		GCF_023715265.1	1643336	
218	WP_182503909.1,WP_182503912.1	22381	29862	2600	1263	NZ_JACJHX010000023.1		GCF_014138605.1	1501239	
219	WP_105989004.1,WP_105989005.1	132757	136623	3872	1257	NZ_PVNJ01000001.1		GCF_002994535.1	1155617	
220	WP_105989005.1,WP_212113876.1	455171	459037	3872	1257	NZ_PHKR01000002.1		GCF_018221505.1	1396	
221	WP_277492200.1,WP_277492201.1	174848	178714	3872	1257	NZ_JARPPI010000001.1		GCF_029479395.1	1396	
222	WP_274310592.1,WP_274310593.1	175307	179173	3872	1257	NZ_JARABA010000002.1		GCF_028745775.1	1396	
223	WP_105989005.1,WP_212113876.1	454480	458346	3872	1257	NZ_JBCMZR010000013.1		GCF_050477645.1	1392	
224	WP_212113876.1,WP_105989005.1	48668	52534	3872	1257	NZ_JBCMZW010000001.1		GCF_050477755.1	1392	
225	WP_212113876.1,WP_105989005.1	48592	52458	3872	1257	NZ_JBCMZX010000016.1		GCF_050477785.1	1392	
226	WP_212113876.1,WP_105989005.1	48592	52458	3872	1257	NZ_JBCMZU010000004.1		GCF_050477705.1	1392	
227	WP_212113876.1,WP_105989005.1	489145	493011	3872	1257	NZ_JBSSFA010000002.1		GCF_054062215.1	3470505	
228	WP_426863372.1,WP_426863373.1	87259	90990	3737	1256	NZ_JBNILJ010000013.1		GCF_050107635.1	3404706	
229	WP_426846248.1,WP_426846250.1	2156	5887	3737	1256	NZ_JBNILN010000012.1		GCF_050107715.1	3404705	
230	WP_158318025.1,WP_102719069.1	182969	186835	3872	1254	NZ_PHQW02000002.1		GCF_002880735.2	1396	
231	WP_229135597.1,WP_328005806.1	271129	274995	3872	1251	NZ_JARLXJ010000010.1		GCF_036209155.1	2026187	
232	WP_002169248.1,WP_204101000.1	4851556	4856503	3089	1247	NZ_JH792251.1		GCF_000290895.1	1405	
233	WP_098207207.1,WP_098207204.1	3314	8264	3092	1247	NZ_NVNM01000122.1		GCF_002552805.1	1396	
234	WP_179864208.1,WP_098207207.1	67555	72502	3089	1247	NZ_NTZM01000027.1		GCF_002559365.1	1396	
235	WP_098207207.1,WP_098207204.1	3378	8328	3092	1247	NZ_NTRH01000092.1		GCF_002560415.1	1396	
236	WP_078418805.1,WP_078418806.1	100672	104538	3872	1247	NZ_MQTB01000019.1		GCF_002021365.1	1396	
237	WP_098207207.1,WP_098207204.1	3369	8319	3092	1247	NZ_NTUK01000183.1		GCF_002561355.1	1396	
238	WP_098207207.1,WP_098207204.1	19632	24582	3092	1247	NZ_NTWA01000016.1		GCF_002561715.1	1396	
239	WP_098207207.1,WP_098207204.1	3366	8316	3092	1247	NZ_NTST01000058.1		GCF_002562985.1	1396	
240	WP_179864208.1,WP_098207207.1	65202	70149	3089	1247	NZ_NTSA01000127.1		GCF_002563025.1	1396	
241	WP_176526217.1,WP_098481584.1	128268	133215	3089	1247	NZ_NUVN01000027.1		GCF_002565245.1	1396	
242	WP_098207204.1,WP_098207207.1	5748	10698	3092	1247	NZ_NUJP01000042.1		GCF_002576825.1	1396	
243	WP_098207207.1,WP_098207204.1	37249	42199	3092	1247	NZ_NULF01000085.1		GCF_002577175.1	1396	
244	WP_098207207.1,WP_098207204.1	3319	8269	3092	1247	NZ_NUMO01000008.1		GCF_002578195.1	1396	
245	WP_098207204.1,WP_098207207.1	3722	8672	3092	1247	NZ_NVDW01000061.1		GCF_002570945.1	1396	
246	WP_180235388.1,WP_002169248.1	3473	8420	3089	1247	NZ_NUHO01000046.1		GCF_002575205.1	1396	
247	WP_098207207.1,WP_098207204.1	29181	34131	3092	1247	NZ_NUMV01000062.1		GCF_002578635.1	1396	
248	WP_317458665.1,WP_317458666.1	897455	901321	3872	1247	NZ_JAPTOD010000001.1		GCF_033041975.1	2980102	
249	WP_325805767.1,WP_325805769.1	72918	76778	3866	1247	NZ_JARLBV010000004.1		GCF_035801615.1	1392	
250	WP_332277366.1,WP_332277368.1	407565	412512	3089	1247	NZ_JAZIBI010000003.1		GCF_036621155.1	1396	
251	WP_332277366.1,WP_332277368.1	407565	412512	3089	1247	NZ_JAZIEZ010000003.1		GCF_036621195.1	1396	
252	WP_332277368.1,WP_332277366.1	196703	201650	3089	1247	NZ_JAZIFW010000003.1		GCF_036621395.1	1396	
253	WP_426934222.1,WP_426934225.1	108902	113849	3089	1247	NZ_JBNMRH010000007.1		GCF_050188115.1	1890302	
254	WP_426842310.1,WP_332277368.1	97804	102751	3089	1247	NZ_JBNIKI010000016.1		GCF_050107095.1	1428	
255	WP_426842310.1,WP_332277368.1	97804	102751	3089	1247	NZ_JBNILV010000017.1		GCF_050107875.1	1428	
256	WP_426827881.1,WP_332277368.1	97801	102751	3092	1247	NZ_JBNILY010000017.1		GCF_050107935.1	1428	
257	WP_446894032.1,WP_426934222.1	428005	432955	3092	1247	NZ_CM129593.1		GCF_052947655.1	2983392	
258	WP_002169251.1,WP_002169248.1	428513	433463	3092	1247	NZ_CDRLLC010000001.1		GCF_976996315.1	1405	
259	WP_147791658.1,WP_147791659.1	37610	41476	3872	1246	NZ_QPAL01000028.1		GCF_008042335.1	2217821	
260	WP_268494021.1,WP_268494027.1	40680	45609	3095	1243	NZ_JALASX010000029.1		GCF_026793375.1	1452	
261	WP_268494021.1,WP_268494027.1	40850	45779	3095	1243	NZ_JALATA010000011.1		GCF_026793395.1	1452	
262	WP_268494027.1,WP_268494021.1	19520	24449	3095	1243	NZ_JALASY010000006.1		GCF_026793415.1	1452	
263	WP_268494021.1,WP_268494027.1	171506	176435	3095	1243	NZ_JALATB010000003.1		GCF_026793455.1	1452	
264	WP_268494021.1,WP_268494027.1	172586	177515	3095	1243	NZ_JARRXD010000003.1		GCF_035806795.1	1452	
265	WP_268494021.1,WP_268494027.1	173625	178554	3095	1243	NZ_JARRXG010000001.1		GCF_035806815.1	1452	
266	WP_268494027.1,WP_268494021.1	19521	24450	3095	1243	NZ_JARRXF010000012.1		GCF_035806825.1	1452	
267	WP_268494021.1,WP_268494027.1	172593	177522	3095	1243	NZ_JARRXE010000002.1		GCF_035806855.1	1452	
268	WP_268494027.1,WP_268494021.1	19531	24460	3095	1243	NZ_JARRWT010000002.1		GCF_035806595.1	1452	
269	WP_268494021.1,WP_268494027.1	172593	177522	3095	1243	NZ_JARRWU010000015.1		GCF_035806615.1	1452	
270	WP_268494027.1,WP_268494021.1	19522	24451	3095	1243	NZ_JARRWZ010000011.1		GCF_035806715.1	1452	
271	WP_268494021.1,WP_268494027.1	172594	177523	3095	1243	NZ_JARRWY010000003.1		GCF_035806735.1	1452	
272	WP_268494021.1,WP_268494027.1	172595	177524	3095	1243	NZ_JARRXA010000008.1		GCF_035806755.1	1452	
273	WP_078427652.1,WP_078427656.1	895457	901500	2720	1240	NZ_KV917368.1		GCF_002019605.1	427920	
274	WP_236804230.1,WP_158318025.1	1231185	1235051	3872	1235	NZ_AP022907.1		GCF_021654995.1	1396	
275	WP_330534207.1,WP_330534154.1	19847	22141	2291	1235	NZ_JAZDWE010000008.1		GCF_036350305.1	1404	
276	WP_236804230.1,WP_158318025.1	207690	211556	3872	1235	NZ_BAAIAN010000002.1		GCF_054767135.1	1396	
277	WP_000192966.1,WP_000067621.1	1243108	1246974	3872	1234	NC_005957.1		GCF_000008505.1	281309	
278	WP_000067621.1,WP_000192966.1	1186321	1190187	3872	1234	NZ_CP010088.1		GCF_000833085.1	1428	
279	WP_070172312.1,WP_000192966.1	86094	89960	3872	1234	NZ_NHYF01000002.1		GCF_002199635.1	1396	
280	WP_070172312.1,WP_000192966.1	77065	80931	3872	1234	NZ_MQTD01000024.1		GCF_002021375.1	1396	
281	WP_000192966.1,WP_070172312.1	27040	30906	3872	1234	NZ_MEAQ01000334.1		GCF_001758315.1	1392	
282	WP_000192966.1,WP_070172312.1	470769	474635	3872	1234	NZ_PCNX01000003.1		GCF_002976395.1	1396	
283	WP_070172312.1,WP_000192966.1	306443	310309	3872	1234	NZ_PCNY01000002.1		GCF_002976415.1	1396	
284	WP_000192966.1,WP_070172312.1	414652	418518	3872	1234	NZ_SBHQ01000018.1		GCF_004023705.1	1396	
285	WP_000192966.1,WP_070172312.1	1258370	1262236	3872	1234	NZ_CP039269.1		GCF_004801195.1	1396	
286	WP_000192966.1,WP_000067621.1	444586	448452	3872	1234	NZ_CP053938.1		GCF_013267815.1	1428	
287	WP_070172312.1,WP_000192966.1	124155	128021	3872	1234	NZ_JAKUEA010000002.1		GCF_022662685.1	2920368	
288	WP_000067628.1,WP_242263476.1	125391	129257	3872	1234	NZ_JAKUED010000014.1		GCF_022662735.1	2920365	
289	WP_000067621.1,WP_000192966.1	11916	15782	3872	1234	NZ_JAKUGH010000003.1		GCF_022663855.1	2920309	
290	WP_000192966.1,WP_070172312.1	470017	473883	3872	1234	NZ_JBHLSL010000019.1		GCF_045376285.1	1396	
291	WP_000192966.1,WP_070172312.1	85106	88972	3872	1234	NZ_JBNLYI010000013.1		GCF_050172255.1	3418490	
292	WP_070172312.1,WP_000192966.1	1734223	1738089	3872	1234	NZ_JBPAKS010000001.1		GCF_051451545.1	1396	
293	WP_242263476.1,WP_439984167.1	371449	375315	3872	1234	NZ_JBQAFD010000001.1		GCF_051915665.1	3450621	
294	WP_070172312.1,WP_000192966.1	180684	184550	3872	1234	NZ_JBQAFI010000003.1		GCF_051915725.1	3450626	
295	WP_070172312.1,WP_000192966.1	311356	315222	3872	1234	NZ_JBQAFJ010000002.1		GCF_051915785.1	3450627	
296	WP_070172312.1,WP_000192966.1	311356	315222	3872	1234	NZ_JBQAFK010000003.1		GCF_051915805.1	3450628	
297	WP_439984167.1,WP_242263476.1	444651	448517	3872	1234	NZ_JBQAFM010000002.1		GCF_051915845.1	3450630	
298	WP_000192966.1,WP_070172312.1	475705	479571	3872	1234	NZ_JBQAFP010000004.1		GCF_051915865.1	3450633	
299	WP_000192966.1,WP_070172312.1	475804	479670	3872	1234	NZ_JBQAFQ010000004.1		GCF_051915925.1	3450634	
300	WP_439984167.1,WP_242263476.1	112740	116606	3872	1234	NZ_JBQAFU010000015.1		GCF_051916005.1	3450638	
301	WP_439984167.1,WP_242263476.1	444972	448838	3872	1234	NZ_JBQAFV010000003.1		GCF_051916025.1	3450639	
302	WP_439984167.1,WP_242263476.1	444618	448484	3872	1234	NZ_JBQAFY010000004.1		GCF_051916085.1	3450642	
303	WP_439984167.1,WP_242263476.1	444906	448772	3872	1234	NZ_JBQAGE010000003.1		GCF_051916195.1	3450648	
304	WP_242263476.1,WP_439984167.1	19027	22893	3872	1234	NZ_JBQAFO010000003.1		GCF_051915875.1	3450632	
305	WP_070172312.1,WP_000192966.1	481530	485396	3872	1234	NZ_JBTLBD010000002.1		GCF_054459175.1	1396	
306	WP_000192966.1,WP_070172312.1	1253516	1257382	3872	1234	NZ_CM145993.1		GCF_055685985.1	1392	
307	WP_064467479.1,WP_064467480.1	58722	62615	3896	1227	NZ_LDJR01000008.1		GCF_001645705.1	217031	
308	WP_223596422.1,WP_223596423.1	1207	5085	3881	1227	NZ_JAHXYW010000024.1		GCF_019969725.1	220685	
309	WP_209973506.1,WP_209973508.1	58133	62026	3896	1227	NZ_JAGGKH010000005.1		GCF_017873565.1	217031	
310	WP_335713934.1,WP_335713935.1	16431	20309	3881	1227	NZ_JBALPP010000055.1		GCF_036965425.1	220684	
311	WP_430060421.1,WP_430060424.1	56244	60122	3881	1227	NZ_JBITPF010000003.1		GCF_050468025.1	3233898	
312	WP_035406103.1,WP_035405866.1	129310	136371	2834	1226	NZ_JAQV02000019.1		GCF_000732485.2	1423321	
313	WP_211562091.1,WP_211556543.1	704692	711610	2828	1226	NZ_JAGVRK010000001.1		GCF_018283675.1	2823519	
314	WP_338782144.1,WP_338780278.1	746262	753324	2834	1226	NZ_CP147407.1		GCF_037201815.1	3117746	
315	WP_025149189.1,WP_025149190.1	55977	59834	3863	1224	NZ_AYMH01000030.1		GCF_000633475.1	1397276	
316	WP_048369568.1,WP_048369571.1	96969	100835	3872	1224	NZ_LDUK01000001.1		GCF_001043575.1	1628206	
317	WP_071720101.1,WP_071720102.1	36924	40790	3872	1224	NZ_MAOI01000107.1		GCF_001884235.1	2026194	
318	WP_098304634.1,WP_098304633.1	99720	103586	3872	1224	NZ_VEMA01000003.1		GCF_007682005.1	2026194	
319	WP_178940522.1,WP_178940523.1	121754	125620	3872	1224	NZ_JACAXA010000019.1		GCF_013391375.1	2026194	
320	WP_242272098.1,WP_242272099.1	127657	131523	3872	1224	NZ_JAKUHD010000004.1		GCF_022664325.1	2920287	
321	WP_265621327.1,WP_265621328.1	1231335	1235201	3872	1224	NZ_JAOVZP010000001.1		GCF_026221135.1	2026194	
322	WP_331805954.1,WP_331805956.1,WP_331805957.1	21108	24914	2868	1224	NZ_JAZHPM010000041.1		GCF_036543105.1	302167	
323	WP_327914937.1,WP_327914939.1	90286	94152	3872	1224	NZ_JARMCB010000002.1		GCF_036211665.1	2026194	
324	WP_327914937.1,WP_327914939.1	90285	94151	3872	1224	NZ_JARMCC010000006.1		GCF_036211685.1	2026194	
325	WP_327914939.1,WP_327914937.1	123066	126932	3872	1224	NZ_JARMCD010000022.1		GCF_036211725.1	2026194	
326	WP_328064351.1,WP_328064352.1	36232	40098	3872	1224	NZ_JARLYR010000015.1		GCF_036209885.1	2026194	
327	WP_327902842.1,WP_327902841.1	288410	292276	3872	1224	NZ_JARLYQ010000013.1		GCF_036209905.1	2026194	
328	WP_327915820.1,WP_327915821.1	241349	245215	3872	1224	NZ_JARMCT010000002.1		GCF_036212065.1	2026194	
329	WP_327919238.1,WP_242272099.1	117529	121395	3872	1224	NZ_JARMDB010000004.1		GCF_036212125.1	2026194	
330	WP_328061137.1,WP_328061139.1	121558	125424	3872	1224	NZ_JARLXY010000011.1		GCF_036209475.1	2026194	
331	WP_328045169.1,WP_328045170.1	410492	414358	3872	1224	NZ_JARLYA010000002.1		GCF_036209515.1	2026194	
332	WP_327902841.1,WP_242272099.1	127002	130868	3872	1224	NZ_JARLYC010000012.1		GCF_036209585.1	2026194	
333	WP_328049564.1,WP_328049566.1	98648	102514	3872	1224	NZ_JARLYI010000008.1		GCF_036209705.1	2026194	
334	WP_327902841.1,WP_327902842.1	102149	106015	3872	1224	NZ_JARLYP010000001.1		GCF_036209835.1	2026194	
335	WP_327902841.1,WP_327902842.1	534870	538736	3872	1224	NZ_JARLXZ010000009.1		GCF_036209465.1	2026194	
336	WP_400487171.1,WP_400487172.1	235268	239134	3872	1224	NZ_JBIWHL010000003.1		GCF_044764055.1	2026194	
337	WP_400560302.1,WP_400560303.1	291816	295682	3872	1224	NZ_JBIWIA010000002.1		GCF_044764365.1	2026194	
338	WP_400527104.1,WP_400527106.1	476786	480652	3872	1224	NZ_JBIWHZ010000001.1		GCF_044764375.1	2026194	
339	WP_427310505.1,WP_327902842.1	116681	120547	3872	1224	NZ_JBNNHF010000003.1		GCF_050268685.1	2026194	
340	WP_328064352.1,WP_327902842.1	98265	102131	3872	1224	NZ_JBCMNL010000022.1		GCF_050459945.1	2026194	
341	WP_328064352.1,WP_328064351.1	351283	355149	3872	1224	NZ_JBCMNN010000017.1		GCF_050459985.1	2026194	
342	WP_400487171.1,WP_400487172.1	235618	239484	3872	1224	NZ_JBNNTT010000003.1		GCF_050279025.1	2026194	
343	WP_400487172.1,WP_400487171.1	390910	394776	3872	1224	NZ_JBNNTX010000002.1		GCF_050279165.1	2026194	
344	WP_427288025.1,WP_427288026.1	966909	970775	3872	1224	NZ_JBNNTY010000001.1		GCF_050279185.1	2026194	
345	WP_400527104.1,WP_400527106.1	322500	326366	3872	1224	NZ_JBNNUE010000003.1		GCF_050279445.1	2026194	
346	WP_427293293.1,WP_242272099.1	113544	117410	3872	1224	NZ_JBNNUO010000009.1		GCF_050279805.1	2026194	
347	WP_242272099.1,WP_427293293.1	58454	62320	3872	1224	NZ_JBNNUT010000009.1		GCF_050280005.1	2026194	
348	WP_328061137.1,WP_328061139.1	121446	125312	3872	1224	NZ_JBCNHE010000001.1		GCF_050482005.1	2026194	
349	WP_427349919.1,WP_427349920.1	437210	441076	3872	1224	NZ_JBNNTQ010000003.1		GCF_050278905.1	2026194	
350	WP_048369571.1,WP_446158607.1	3189226	3193092	3872	1224	NZ_JBQSFA010000003.1		GCF_052828465.1	2026194	
351	WP_440034110.1,WP_440034111.1	1747177	1751043	3872	1224	NZ_JBQAFR010000001.1		GCF_051915945.1	3450635	
352	WP_440034110.1,WP_440034111.1	37162	41028	3872	1224	NZ_JBQAFS010000004.1		GCF_051915965.1	3450636	
353	WP_472873236.1,WP_472873237.1	844122	847988	3872	1224	NZ_JBVQCM010000002.1		GCF_055702925.1	2026194	
354	WP_472873236.1,WP_472873237.1	844097	847963	3872	1224	NZ_JBVQCL010000002.1		GCF_055703005.1	2026194	
355	WP_071720102.1,WP_071720101.1	114650	118516	3872	1224	NZ_CBCSHB010000010.1		GCF_965138945.1	2026194	
356	WP_000192967.1,WP_000067633.1	1258125	1261991	3872	1222	NC_008600.1		GCF_000015065.1	412694	
357	WP_029437891.1,WP_029437892.1	1038093	1041959	3872	1222	NZ_AYPV01000009.1		GCF_000500585.1	1417985	
358	WP_000192967.1,WP_000067634.1	1151624	1155490	3872	1222	NZ_CM000716.1		GCF_000160915.1	526970	
359	WP_000067617.1,WP_000192961.1	3398172	3402038	3872	1222	NZ_JH792131.1		GCF_000291135.1	1053216	
360	WP_038812850.1,WP_000067632.1	35801	39667	3872	1222	NZ_CAVD010000022.1		GCF_000359445.1	1297867	
361	WP_046957054.1,WP_046957055.1	166653	170519	3872	1222	NZ_LCYI01000065.1		GCF_001008565.1	1396	
362	WP_033646726.1,WP_000067632.1	246295	250161	3872	1222	NZ_LHUN01000008.1		GCF_001277085.1	1392	
363	WP_053602024.1,WP_053602028.1	180455	186923	3512	1222	NZ_CP012600.1		GCF_001278705.1	1441095	
364	WP_000067632.1,WP_072180303.1	4629	8495	3872	1222	NZ_CYHM01000190.1		GCF_001286825.1	1396	
365	WP_061530860.1,WP_000192967.1	88014	91880	3872	1222	NZ_LOQC01000024.1		GCF_001583855.1	1396	
366	WP_000192967.1,WP_000067633.1	1195989	1199855	3872	1222	NC_016779.1		GCF_000239195.1	347495	
367	WP_000192959.1,WP_000067616.1	8086	11952	3872	1222	NZ_CMPU01000084.1		GCF_001117785.1	2026186	
368	WP_001061544.1,WP_000192998.1	1267347	1271213	3872	1222	NZ_CM000718.1		GCF_000160955.1	1890302	
369	WP_000192971.1,WP_000067629.1	1179945	1183811	3872	1222	NZ_CM000727.1		GCF_000161135.1	526979	
370	WP_001061542.1,WP_000193001.1	4381129	4384995	3872	1222	NZ_JH791910.1		GCF_000291495.1	1890302	
371	WP_000193002.1,WP_001061542.1	728495	732361	3872	1222	NZ_JH804637.1		GCF_000293565.1	1890302	
372	WP_000067629.1,WP_000192971.1	2931106	2934972	3872	1222	NZ_CP009605.1		GCF_000835185.1	1396	
373	WP_033646726.1,WP_000067632.1	1210155	1214021	3872	1222	NZ_AP018443.1		GCF_000534935.2	1392	
374	WP_046198554.1,WP_046198555.1	20914	24780	3872	1222	NZ_JSFD01000007.1		GCF_000971535.1	1565146	
375	WP_001990996.1,WP_001990994.1	31506	35372	3872	1222	NZ_LDPG01000005.1		GCF_001029875.1	1392	
376	WP_000067618.1,WP_000192964.1	1129414	1133280	3872	1222	NZ_CM000754.1		GCF_000161635.1	527032	
377	WP_000192969.1,WP_000067629.1	1119922	1123788	3872	1222	NZ_CM000755.1		GCF_000161655.1	527029	
378	WP_000192964.1,WP_000067632.1	1165161	1169027	3872	1222	NZ_CM000757.1		GCF_000161695.1	527028	
379	WP_038812850.1,WP_000067632.1	35804	39670	3872	1222	NZ_CAVE010000017.1		GCF_000359465.1	1297868	
380	WP_000192971.1,WP_000067629.1	37488	41354	3872	1222	NZ_LRPI01000202.1		GCF_001541995.1	1396	
381	WP_061686364.1,WP_029437891.1	193257	197123	3872	1222	NZ_LONG01000098.1		GCF_001583975.1	1396	
382	WP_000067633.1,WP_000192967.1	194070	197936	3872	1222	NZ_LOMU01000071.1		GCF_001584105.1	1396	
383	WP_042513076.1,WP_000192967.1	3272259	3276125	3872	1222	NZ_CP009300.1		GCF_000832385.1	1454382	
384	WP_000192967.1,WP_001995236.1	5275375	5279241	3872	1222	NZ_CP009641.1		GCF_000832865.1	451709	
385	WP_047421146.1,WP_000067632.1	338709	342575	3872	1222	NZ_JSZS01000033.1		GCF_000782995.1	1392	
386	WP_000192969.1,WP_000067615.1	1272225	1276091	3872	1222	NC_011773.1		GCF_000021785.1	405535	
387	WP_000192962.1,WP_000067627.1	1212490	1216356	3872	1222	NC_012472.1		GCF_000022505.1	572264	
388	WP_000193003.1,WP_000067625.1	1213276	1217142	3872	1222	NC_014335.1		GCF_000143605.1	637380	
389	WP_060489409.1,WP_060489411.1	294724	298590	3872	1222	NZ_LJXA01000025.1		GCF_001317525.1	1890302	
390	WP_062922950.1,WP_062922951.1	28378	32244	3872	1222	NZ_LVVJ01000029.1		GCF_001611175.1	936600	
391	WP_063224559.1,WP_063224560.1	205635	209501	3872	1222	NZ_LJKA01000070.1		GCF_001619425.1	1396	
392	WP_064476769.1,WP_064476770.1	107951	111817	3872	1222	NZ_LXFN01000053.1		GCF_001645505.1	1890302	
393	WP_000192962.1,WP_000067627.1	1283354	1287220	3872	1222	NZ_CP009318.1		GCF_000832405.1	572264	
394	WP_000192969.1,WP_000067629.1	2393169	2397035	3872	1222	NZ_CP009335.1		GCF_000832485.1	1428	
395	WP_000067629.1,WP_000192971.1	2386058	2389924	3872	1222	NZ_CP009596.1		GCF_000832765.1	1396	
396	WP_000192967.1,WP_000067633.1	4253384	4257250	3872	1222	NZ_CP009600.1		GCF_000832825.1	1428	
397	WP_038812850.1,WP_000067632.1	35737	39603	3872	1222	NZ_CAVC010000019.1		GCF_000359425.1	1297866	
398	WP_071735674.1,WP_071735676.1	35818	39684	3872	1222	NZ_LZQX01000010.1		GCF_001883885.1	1392	
399	WP_061131564.1,WP_071741578.1	68583	72449	3872	1222	NZ_MACE01000009.1		GCF_001883995.1	2026186	
400	WP_000192978.1,WP_000067650.1	8671	12537	3872	1222	NZ_MACD01000036.1		GCF_001884025.1	2026187	
401	WP_071723990.1,WP_071723992.1	270716	274582	3872	1222	NZ_MACG01000031.1		GCF_001884035.1	2026188	
402	WP_071722186.1,WP_071722188.1	22047	25913	3872	1222	NZ_MACF01000086.1		GCF_001884045.1	2026190	
403	WP_078984903.1,WP_000067628.1	57040	60906	3872	1222	NZ_MTAU01000005.1		GCF_002024565.1	1392	
404	WP_075308511.1,WP_075308513.1	83810	87676	3872	1222	NZ_MSBQ01000003.1		GCF_001932005.1	1890302	
405	WP_075395481.1,WP_075395482.1	247928	251794	3872	1222	NZ_MSMO01000003.1		GCF_001936485.1	1396	
406	WP_000193002.1,WP_001061542.1	492563	496429	3872	1222	NZ_MUAM01000002.1		GCF_002014635.1	1890302	
407	WP_088062531.1,WP_087984771.1	107962	111828	3872	1222	NZ_NJGF01000003.1		GCF_002209985.1	2014743	
408	WP_048561472.1,WP_048561473.1	11623	15489	3872	1222	NZ_NVPQ01000013.1		GCF_002550225.1	1890302	
409	WP_001061542.1,WP_000193002.1	160331	164197	3872	1222	NZ_NVOW01000001.1		GCF_002550875.1	1890302	
410	WP_097994392.1,WP_097994393.1	364	4230	3872	1222	NZ_NVPF01000019.1		GCF_002551545.1	1890302	
411	WP_000192964.1,WP_000067632.1	219428	223294	3872	1222	NZ_NFDQ01000075.1		GCF_002146905.1	180867	
412	WP_098275483.1,WP_098095513.1	6949	10815	3872	1222	NZ_NTRC01000020.1		GCF_002560325.1	1396	
413	WP_000193001.1,WP_001061542.1	84070	87936	3872	1222	NZ_LXLK01000007.1		GCF_001756265.1	1890302	
414	WP_001978361.1,WP_001978363.1	1260449	1264315	3872	1222	NZ_CP020937.1		GCF_002117465.1	2026188	
415	WP_097917784.1,WP_097917783.1	222085	225951	3872	1222	NZ_NUCU01000013.1		GCF_002555085.1	1890302	
416	WP_098155164.1,WP_098115474.1	101923	105789	3872	1222	NZ_NUDB01000004.1		GCF_002555155.1	1890302	
417	WP_088062531.1,WP_087984771.1	76170	80036	3872	1222	NZ_NUDC01000006.1		GCF_002555165.1	1890302	
418	WP_088062531.1,WP_087984771.1	108365	112231	3872	1222	NZ_NUDD01000011.1		GCF_002555265.1	1890302	
419	WP_098101835.1,WP_098101837.1	60221	64087	3872	1222	NZ_NUDL01000012.1		GCF_002555385.1	1890302	
420	WP_098095512.1,WP_098095513.1	21030	24896	3872	1222	NZ_NUDI01000002.1		GCF_002555485.1	1890302	
421	WP_098116255.1,WP_098116256.1	10153	14019	3872	1222	NZ_NUER01000014.1		GCF_002556425.1	1890302	
422	WP_087984771.1,WP_088062531.1	20371	24237	3872	1222	NZ_NUAQ01000016.1		GCF_002556825.1	1890302	
423	WP_071708929.1,WP_000193004.1	95279	99145	3872	1222	NZ_MAOD01000017.1		GCF_001884145.1	1866312	
424	WP_071758952.1,WP_048526752.1	124618	128484	3872	1222	NZ_MAOE01000121.1		GCF_001884185.1	2026189	
425	WP_046198555.1,WP_046198554.1	207966	211832	3872	1222	NZ_MAOH01000078.1		GCF_001884215.1	1866317	
426	WP_071715904.1,WP_071715905.1	38031	41897	3872	1222	NZ_MAOF01000057.1		GCF_001884225.1	1866315	
427	WP_000067628.1,WP_073526108.1	26325	30191	3872	1222	NZ_MPOL01000016.1		GCF_001901235.1	1396	
428	WP_073517496.1,WP_073517497.1	173271	177137	3872	1222	NZ_MPOM01000001.1		GCF_001901245.1	1396	
429	WP_073517496.1,WP_073517497.1	173541	177407	3872	1222	NZ_MPON01000004.1		GCF_001901305.1	1396	
430	WP_078383584.1,WP_078383585.1	83385	87251	3872	1222	NZ_MQTC01000004.1		GCF_002021355.1	1396	
431	WP_001990994.1,WP_001990996.1	193541	197407	3872	1222	NZ_MQTE01000026.1		GCF_002021385.1	1396	
432	WP_070805524.1,WP_070805525.1	1218736	1222602	3872	1222	NZ_CP017016.1		GCF_001831375.1	1892404	
433	WP_075395482.1,WP_075395481.1	1194183	1198049	3872	1222	NZ_CP018933.1		GCF_001941885.1	1396	
434	WP_075395481.1,WP_075395482.1	4060766	4064632	3872	1222	NZ_CP018931.1		GCF_001941905.1	1396	
435	WP_075395481.1,WP_075395482.1	459140	463006	3872	1222	NZ_CP018935.1		GCF_001941925.1	1396	
436	WP_076869266.1,WP_076869267.1	358069	361935	3872	1222	NZ_MLKL01000002.1		GCF_001982845.1	1396	
437	WP_088062531.1,WP_087984771.1	108365	112231	3872	1222	NZ_NVOA01000026.1		GCF_002552205.1	1890302	
438	WP_075395482.1,WP_075395481.1	253683	257549	3872	1222	NZ_NBNR01000004.1		GCF_002151615.1	1973490	
439	WP_075395482.1,WP_075395481.1	84517	88383	3872	1222	NZ_NBNU01000005.1		GCF_002151625.1	1973493	
440	WP_075395481.1,WP_075395482.1	4708	8574	3872	1222	NZ_NBNT01000016.1		GCF_002151665.1	1973492	
441	WP_075395481.1,WP_075395482.1	4684	8550	3872	1222	NZ_NBNV01000019.1		GCF_002151675.1	1973494	
442	WP_087957841.1,WP_087957843.1	473269	477135	3872	1222	NZ_NFCL01000042.1		GCF_002146505.1	180843	
443	WP_087957841.1,WP_087957843.1	473269	477135	3872	1222	NZ_NFCZ01000037.1		GCF_002146605.1	180871	
444	WP_087957841.1,WP_087957843.1	473439	477305	3872	1222	NZ_NFDB01000024.1		GCF_002146655.1	180859	
445	WP_087984771.1,WP_087984772.1	232638	236504	3872	1222	NZ_NFDD01000048.1		GCF_002146695.1	180878	
446	WP_088119096.1,WP_088119097.1	46747	50613	3872	1222	NZ_NFDL01000027.1		GCF_002146825.1	180881	
447	WP_000067616.1,WP_000192959.1	169806	173672	3872	1222	NZ_NELX01000003.1		GCF_002233615.1	1972845	
448	WP_075395482.1,WP_075395481.1	244824	248690	3872	1222	NZ_NBNS01000003.1		GCF_002151605.1	1973491	
449	WP_000067629.1,WP_000192969.1	434361	438227	3872	1222	NZ_NFCX01000035.1		GCF_002147005.1	180874	
450	WP_087957841.1,WP_087957843.1	473620	477486	3872	1222	NZ_NFCY01000025.1		GCF_002147025.1	180891	
451	WP_088092201.1,WP_088092202.1	10312	14178	3872	1222	NZ_NFDE01000016.1		GCF_002147065.1	1890302	
452	WP_000067618.1,WP_000192964.1	189429	193295	3872	1222	NZ_MOOJ01000046.1		GCF_002147835.1	180872	
453	WP_087984771.1,WP_087984772.1	176706	180572	3872	1222	NZ_MOOQ01000049.1		GCF_002147985.1	180875	
454	WP_075395482.1,WP_075395481.1	109134	113000	3872	1222	NZ_NCLG01000002.1		GCF_002150025.1	1977090	
455	WP_097840658.1,WP_087957841.1	129377	133243	3872	1222	NZ_NVLX01000007.1		GCF_002550475.1	1392	
456	WP_097857473.1,WP_097857474.1	540180	544046	3872	1222	NZ_NVOH01000011.1		GCF_002550635.1	1890302	
457	WP_087957843.1,WP_087957841.1	191111	194977	3872	1222	NZ_NVMH01000022.1		GCF_002550645.1	2033516	
458	WP_097907406.1,WP_097857474.1	4610	8476	3872	1222	NZ_NVOK01000123.1		GCF_002553125.1	1890302	
459	WP_097917783.1,WP_097917784.1	426	4292	3872	1222	NZ_NVPD01000026.1		GCF_002553405.1	1890302	
460	WP_087984771.1,WP_088062531.1	20423	24289	3872	1222	NZ_NUEA01000009.1		GCF_002555735.1	1890302	
461	WP_097917784.1,WP_097917783.1	124925	128791	3872	1222	NZ_NUEG01000010.1		GCF_002555855.1	1890302	
462	WP_097994393.1,WP_097994392.1	222577	226443	3872	1222	NZ_NUBW01000002.1		GCF_002557475.1	1890302	
463	WP_098201722.1,WP_098201723.1	264859	268725	3872	1222	NZ_NUCA01000006.1		GCF_002557595.1	1890302	
464	WP_097917783.1,WP_097917784.1	426	4292	3872	1222	NZ_NUDX01000012.1		GCF_002557675.1	1890302	
465	WP_001061542.1,WP_000193001.1	75366	79232	3872	1222	NZ_NUAD01000004.1		GCF_002557855.1	1890302	
466	WP_098095512.1,WP_098095513.1	28453	32319	3872	1222	NZ_NUEL01000027.1		GCF_002555945.1	1890302	
467	WP_098146785.1,WP_087984771.1	7039	10905	3872	1222	NZ_NUEV01000064.1		GCF_002556085.1	1890302	
468	WP_097917783.1,WP_097917784.1	376	4242	3872	1222	NZ_NUET01000008.1		GCF_002556095.1	1890302	
469	WP_098098493.1,WP_098098494.1	176267	180133	3872	1222	NZ_NUAU01000011.1		GCF_002556915.1	1890302	
470	WP_098111131.1,WP_088048344.1	25670	29536	3872	1222	NZ_NUAV01000039.1		GCF_002557015.1	1890302	
471	WP_097994392.1,WP_097917784.1	364	4230	3872	1222	NZ_NUBD01000012.1		GCF_002557085.1	1890302	
472	WP_097917783.1,WP_098149827.1	170	4036	3872	1222	NZ_NUBB01000014.1		GCF_002557155.1	1890302	
473	WP_097917783.1,WP_097917784.1	479	4345	3872	1222	NZ_NUBI01000016.1		GCF_002557205.1	1890302	
474	WP_098200839.1,WP_098200840.1	25504	29370	3872	1222	NZ_NUBM01000019.1		GCF_002557295.1	1890302	
475	WP_087984771.1,WP_088062531.1	497466	501332	3872	1222	NZ_NUBO01000012.1		GCF_002557345.1	1890302	
476	WP_098275483.1,WP_098095513.1	124523	128389	3872	1222	NZ_NTUZ01000003.1		GCF_002561565.1	1396	
477	WP_098555454.1,WP_098555455.1	58527	62393	3872	1222	NZ_NUXH01000027.1		GCF_002566425.1	1392	
478	WP_098324492.1,WP_098324493.1	112553	116419	3872	1222	NZ_NUYK01000025.1		GCF_002566595.1	1396	
479	WP_098095512.1,WP_098095513.1	125663	129529	3872	1222	NZ_NUXK01000025.1		GCF_002565605.1	1396	
480	WP_098857346.1,WP_088062531.1	85574	89440	3872	1222	NZ_NUTN01000012.1		GCF_002582515.1	1890302	
481	WP_088062531.1,WP_087984771.1	179606	183472	3872	1222	NZ_NUTS01000017.1		GCF_002585485.1	1890302	
482	WP_099686112.1,WP_099686113.1	45163	49029	3872	1222	NZ_NWUW01000028.1		GCF_002746455.1	2039284	
483	WP_097917783.1,WP_097917784.1	426	4292	3872	1222	NZ_NVGX01000017.1		GCF_002568955.1	1890302	
484	WP_097917783.1,WP_098639688.1	1684	5550	3872	1222	NZ_NVGL01000016.1		GCF_002569165.1	1890302	
485	WP_098822365.1,WP_001061542.1	317801	321667	3872	1222	NZ_NUQY01000001.1		GCF_002579445.1	1890302	
486	WP_001061542.1,WP_000193002.1	75365	79231	3872	1222	NZ_NUQO01000004.1		GCF_002579545.1	1890302	
487	WP_097917783.1,WP_097917784.1	363	4229	3872	1222	NZ_NURG01000015.1		GCF_002579945.1	1890302	
488	WP_097917783.1,WP_097917784.1	426	4292	3872	1222	NZ_NURM01000003.1		GCF_002580235.1	1890302	
489	WP_098095512.1,WP_098095513.1	28453	32319	3872	1222	NZ_NURY01000024.1		GCF_002580565.1	1890302	
490	WP_101195533.1,WP_101195534.1	3914351	3918217	3872	1222	NZ_CP025122.1		GCF_002833485.1	2053832	
491	WP_101166235.1,WP_101166237.1	614435	618301	3872	1222	NZ_PJCU01000002.1		GCF_002837395.1	2056493	
492	WP_098815429.1,WP_060489409.1	1195034	1198900	3872	1222	NZ_PVRQ01000001.1		GCF_002998955.1	1890302	
493	WP_106101353.1,WP_098815429.1	412331	416197	3872	1222	NZ_PVRR01000001.1		GCF_002998975.1	1890302	
494	WP_087984771.1,WP_088062531.1	481251	485117	3872	1222	NZ_PVRU01000005.1		GCF_002998985.1	1890302	
495	WP_098815429.1,WP_106074353.1	705393	709259	3872	1222	NZ_PVRT01000001.1		GCF_002999015.1	1890302	
496	WP_098815429.1,WP_106074353.1	705159	709025	3872	1222	NZ_PVRS01000001.1		GCF_002999025.1	1890302	
497	WP_097994393.1,WP_097994392.1	278980	282846	3872	1222	NZ_NVIF01000001.1		GCF_002571525.1	1890302	
498	WP_097917783.1,WP_098149827.1	170	4036	3872	1222	NZ_NVIO01000041.1		GCF_002571635.1	1890302	
499	WP_098653940.1,WP_098653939.1	110375	114241	3872	1222	NZ_NVIY01000041.1		GCF_002571725.1	1890302	
500	WP_000193002.1,WP_001061542.1	176233	180099	3872	1222	NZ_NVJD01000028.1		GCF_002571785.1	1890302	
501	WP_098116255.1,WP_098116256.1	78293	82159	3872	1222	NZ_NVJH01000002.1		GCF_002571795.1	1890302	
502	WP_098201723.1,WP_098920269.1	1006851	1010717	3872	1222	NZ_NUTP01000002.1		GCF_002583915.1	1890302	
503	WP_088062531.1,WP_087984771.1	76157	80023	3872	1222	NZ_NVFZ01000040.1		GCF_002569595.1	1890302	
504	WP_098653939.1,WP_098653940.1	365765	369631	3872	1222	NZ_NVGF01000011.1		GCF_002569665.1	1890302	
505	WP_098116255.1,WP_098631892.1	160354	164220	3872	1222	NZ_NVGJ01000003.1		GCF_002569675.1	1890302	
506	WP_048561473.1,WP_098650176.1	28614	32480	3872	1222	NZ_NVGQ01000044.1		GCF_002569715.1	1890302	
507	WP_000193002.1,WP_098715506.1	17817	21683	3872	1222	NZ_NVJF01000141.1		GCF_002572045.1	1890302	
508	WP_097917784.1,WP_097917783.1	210550	214416	3872	1222	NZ_NVJV01000016.1		GCF_002572145.1	1890302	
509	WP_098653940.1,WP_098653939.1	329276	333142	3872	1222	NZ_NVIK01000001.1		GCF_002572225.1	1890302	
510	WP_098815429.1,WP_060489409.1	476729	480595	3872	1222	NZ_NUSP01000011.1		GCF_002581055.1	1890302	
511	WP_001978363.1,WP_001978361.1	107838	111704	3872	1222	NZ_NUQD01000016.1		GCF_002581245.1	2034280	
512	WP_097917783.1,WP_098149827.1	250	4116	3872	1222	NZ_NUUI01000024.1		GCF_002588915.1	1890302	
513	WP_061185267.1,WP_103102088.1	170582	174448	3872	1222	NZ_POYG01000001.1		GCF_002896395.1	2072506	
514	WP_097917783.1,WP_097917784.1	363	4229	3872	1222	NZ_NVFC01000018.1		GCF_002568685.1	1890302	
515	WP_098201723.1,WP_098201722.1	692269	696135	3872	1222	NZ_NVFW01000001.1		GCF_002568785.1	1890302	
516	WP_098101837.1,WP_098101835.1	79897	83763	3872	1222	NZ_NVHJ01000033.1		GCF_002570035.1	1890302	
517	WP_000193001.1,WP_001061542.1	36563	40429	3872	1222	NZ_NVHO01000177.1		GCF_002570135.1	1890302	
518	WP_000192969.1,WP_000067629.1	133541	137407	3872	1222	NZ_NVHS01000023.1		GCF_002570225.1	1392	
519	WP_000193002.1,WP_001061542.1	180582	184448	3872	1222	NZ_NVHU01000004.1		GCF_002570255.1	1890302	
520	WP_098627705.1,WP_087984771.1	76130	79996	3872	1222	NZ_NVHV01000019.1		GCF_002570265.1	1890302	
521	WP_097994393.1,WP_097994392.1	234564	238430	3872	1222	NZ_NVHZ01000015.1		GCF_002570335.1	1890302	
522	WP_098670135.1,WP_098670136.1	20979	24845	3872	1222	NZ_NVEC01000065.1		GCF_002571225.1	2033508	
523	WP_098720239.1,WP_098720240.1	366107	369973	3872	1222	NZ_NVID01000001.1		GCF_002571465.1	1890302	
524	WP_001061542.1,WP_098822365.1	75371	79237	3872	1222	NZ_NUQI01000007.1		GCF_002578895.1	1890302	
525	WP_097917783.1,WP_097917784.1	250	4116	3872	1222	NZ_NUQP01000020.1		GCF_002579175.1	1890302	
526	WP_097917783.1,WP_097917784.1	364	4230	3872	1222	NZ_NUSX01000030.1		GCF_002581905.1	1890302	
527	WP_097917783.1,WP_097917784.1	364	4230	3872	1222	NZ_NUTI01000024.1		GCF_002582255.1	1890302	
528	WP_098653940.1,WP_098653939.1	84900	88766	3872	1222	NZ_NUTJ01000035.1		GCF_002582335.1	1890302	
529	WP_097917784.1,WP_097917783.1	90745	94611	3872	1222	NZ_NUUP01000033.1		GCF_002589695.1	1890302	
530	WP_000067616.1,WP_000192960.1	2521303	2525169	3872	1222	NZ_SOBJ01000011.1		GCF_004365675.1	2183999	
531	WP_144613637.1,WP_144613639.1	511961	515827	3872	1222	NZ_VEDW01000003.1		GCF_007678085.1	1396	
532	WP_087984772.1,WP_137035685.1	6703	10569	3872	1222	NZ_SZOO01000224.1		GCF_005217695.1	1890302	
533	WP_138322299.1,WP_138322300.1	4030570	4034436	3872	1222	NZ_CP040515.1		GCF_005848985.1	2026186	
534	WP_140968908.1,WP_140968909.1	516428	520294	3872	1222	NZ_VHIV01000001.1		GCF_006494425.1	3088378	
535	WP_127813816.1,WP_127813817.1	9018	12884	3872	1222	NZ_LDER01000228.1		GCF_004009875.1	1428	
536	WP_001978361.1,WP_001978363.1	481696	485562	3872	1222	NZ_VEMB01000002.1		GCF_007682035.1	2026188	
537	WP_000192959.1,WP_000067616.1	200500	204366	3872	1222	NZ_VEMH01000007.1		GCF_007682135.1	2026186	
538	WP_144532120.1,WP_144532122.1	26917	30783	3872	1222	NZ_VEMI01000002.1		GCF_007682155.1	2026186	
539	WP_071722186.1,WP_144534807.1	112854	116720	3872	1222	NZ_VEMJ01000004.1		GCF_007682195.1	2026190	
540	WP_144660127.1,WP_097852230.1	215928	219794	3872	1222	NZ_VEMT01000001.1		GCF_007682405.1	2026188	
541	WP_087984772.1,WP_087984771.1	116236	120102	3872	1222	NZ_QKQR01000013.1		GCF_008042305.1	2217814	
542	WP_000105762.1,WP_147776342.1	80005	83871	3872	1222	NZ_QNUC01000012.1		GCF_008042375.1	2217822	
543	WP_147807432.1,WP_147807433.1	93575	97441	3872	1222	NZ_QNUD01000010.1		GCF_008042405.1	2217818	
544	WP_001990994.1,WP_144623474.1	438696	442562	3872	1222	NZ_VDNI01000002.1		GCF_007665505.1	1396	
545	WP_144507396.1,WP_000067619.1	270512	274378	3872	1222	NZ_VDPB01000001.1		GCF_007666385.1	1428	
546	WP_087965409.1,WP_131101662.1	3406002	3409868	3872	1222	NZ_CP036356.1		GCF_004322655.1	2529386	
547	WP_000192967.1,WP_061530860.1	476894	480760	3872	1222	NZ_VEES01000001.1		GCF_007678495.1	1428	
548	WP_087957841.1,WP_097840658.1	474101	477967	3872	1222	NZ_VEET01000003.1		GCF_007678525.1	1892404	
549	WP_087957843.1,WP_087957841.1	463823	467689	3872	1222	NZ_VEFJ01000002.1		GCF_007678855.1	1396	
550	WP_088048344.1,WP_088048343.1	107895	111761	3872	1222	NZ_QOZW01000005.1		GCF_008368885.1	2217815	
551	WP_097994392.1,WP_097994393.1	709	4575	3872	1222	NZ_QOZX01000020.1		GCF_008368895.1	2217820	
552	WP_149239382.1,WP_000193004.1	88142	92008	3872	1222	NZ_QPEK01000038.1		GCF_008368945.1	2217824	
553	WP_071758952.1,WP_128974568.1	1300909	1304775	3872	1222	NZ_SDFS01000001.1		GCF_004116025.1	2026189	
554	WP_128974568.1,WP_071758952.1	399723	403589	3872	1222	NZ_SDFP01000001.1		GCF_004116035.1	2026189	
555	WP_128974568.1,WP_071758952.1	399615	403481	3872	1222	NZ_SDFO01000001.1		GCF_004116065.1	2026189	
556	WP_071758952.1,WP_128974568.1	738054	741920	3872	1222	NZ_SDFQ01000001.1		GCF_004116085.1	2026189	
557	WP_128974568.1,WP_071758952.1	399723	403589	3872	1222	NZ_SDFR01000001.1		GCF_004116415.1	2026189	
558	WP_139869738.1,WP_139869739.1	12667	16533	3872	1222	NZ_VEPU01000015.1		GCF_006349595.1	2026187	
559	WP_000193004.1,WP_000105762.1	341064	344930	3872	1222	NZ_VEPV01000004.1		GCF_006349625.1	2026188	
560	WP_000105762.1,WP_000193004.1	109439	113305	3872	1222	NZ_VEPW01000007.1		GCF_006349645.1	2026188	
561	WP_139896106.1,WP_139896107.1	141247	145113	3872	1222	NZ_VEPX01000010.1		GCF_006349665.1	2587157	
562	WP_139872401.1,WP_139872402.1	110422	114288	3872	1222	NZ_VEPY01000005.1		GCF_006349675.1	2587158	
563	WP_098254129.1,WP_144656363.1	524380	528246	3872	1222	NZ_VDUR01000003.1		GCF_007672275.1	2026188	
564	WP_000067616.1,WP_000192960.1	4682	8548	3872	1222	NZ_SWDD01000047.1		GCF_005117095.1	2026186	
565	WP_097857474.1,WP_137012220.1	29784	33650	3872	1222	NZ_SZOL01000060.1		GCF_005217165.1	1890302	
566	WP_029437891.1,WP_029437892.1	2996364	3000230	3872	1222	NZ_CP024771.1		GCF_003546665.1	1417985	
567	WP_000192959.1,WP_000067616.1	550326	554192	3872	1222	NZ_CP033795.1		GCF_003812125.1	2576356	
568	WP_000192977.1,WP_074567598.1	558372	562238	3872	1222	NZ_RQST01000002.1		GCF_003858675.1	2026187	
569	WP_131260084.1,WP_000192962.1	194387	198253	3872	1222	NZ_SJQF01000002.1		GCF_004330325.1	1396	
570	WP_000067618.1,WP_000192964.1	13236	17102	3872	1222	NZ_SJQB01000055.1		GCF_004330405.1	1396	
571	WP_098435682.1,WP_144473728.1	359749	363615	3872	1222	NZ_VEJV01000004.1		GCF_007676425.1	2026188	
572	WP_016088833.1,WP_098986152.1	114036	117902	3872	1222	NZ_QUQQ01000008.1		GCF_003399505.1	2293320	
573	WP_016088833.1,WP_016088832.1	500686	504552	3872	1222	NZ_QUQR01000002.1		GCF_003400245.1	2293321	
574	WP_016088832.1,WP_016088833.1	1026033	1029899	3872	1222	NZ_QUQU01000001.1		GCF_003400255.1	2293324	
575	WP_098485891.1,WP_098485892.1	161144	165010	3872	1222	NZ_QURA01000002.1		GCF_003400345.1	2293329	
576	WP_143880944.1,WP_143880945.1	1176601	1180467	3872	1222	NZ_CP034686.1		GCF_007363175.1	2499213	
577	WP_076536041.1,WP_120341229.1	9755	13621	3872	1222	NZ_MCAT01000003.1		GCF_003610835.1	1890302	
578	WP_151631257.1,WP_151631258.1	982028	985894	3872	1222	NZ_WBPD01000010.1		GCF_008923715.1	1436363	
579	WP_151631258.1,WP_151631257.1	462151	466017	3872	1222	NZ_WBPF01000016.1		GCF_008923725.1	1650300	
580	WP_172552848.1,WP_172552849.1	767419	771285	3872	1222	NZ_CP035727.2		GCF_012222085.2	257985	
581	WP_000067616.1,WP_000192959.1	256598	260464	3872	1222	NZ_JAAVIL010000002.1		GCF_012395305.1	2026186	
582	WP_168391746.1,WP_101195533.1	577318	581184	3872	1222	NZ_JAAVIN010000001.1		GCF_012395345.1	1396	
583	WP_168897600.1,WP_070172312.1	477251	481117	3872	1222	NZ_JAANHY010000001.1		GCF_012624885.1	2596896	
584	WP_000192969.1,WP_000067629.1	3276350	3280216	3872	1222	NZ_CP053980.1		GCF_013267315.1	1428	
585	WP_000192967.1,WP_000067633.1	2130855	2134721	3872	1222	NZ_CP053981.1		GCF_013267335.1	1428	
586	WP_000192971.1,WP_000067629.1	761181	765047	3872	1222	NZ_CP053991.1		GCF_013267455.1	1396	
587	WP_000067629.1,WP_000192971.1	1912892	1916758	3872	1222	NZ_CP053997.1		GCF_013267475.1	1396	
588	WP_042513076.1,WP_000192967.1	368127	371993	3872	1222	NZ_CP053931.1		GCF_013267775.1	1396	
589	WP_087994548.1,WP_173601731.1	352714	356580	3872	1222	NZ_JABSVD010000004.1		GCF_013284485.1	2026187	
590	WP_000067650.1,WP_000192978.1	4248033	4251899	3872	1222	NZ_JADAMD010000007.1		GCF_014876595.1	2026187	
591	WP_064476770.1,WP_064476769.1	96210	100076	3872	1222	NZ_LDFN01000074.1		GCF_015854565.1	1890302	
592	WP_098555455.1,WP_098555454.1	110568	114434	3872	1222	NZ_JAEHBS010000004.1		GCF_016483525.1	1396	
593	WP_199695331.1,WP_098857346.1	63150	67016	3872	1222	NZ_JAEHBI010000020.1		GCF_016483705.1	2794583	
594	WP_048526752.1,WP_071758952.1	2830796	2834662	3872	1222	NZ_CP040344.1		GCF_009740005.1	2026189	
595	WP_000067620.1,WP_000192959.1	188700	192566	3872	1222	NZ_NJQK01000004.1		GCF_010994565.1	2026186	
596	WP_163072450.1,WP_061131565.1	82364	86230	3872	1222	NZ_NJQD01000007.1		GCF_010628765.1	2026186	
597	WP_000067650.1,WP_000192978.1	985745	989611	3872	1222	NZ_NJQG01000009.1		GCF_010628775.1	2026187	
598	WP_152155157.1,WP_152155158.1	441550	445416	3872	1222	NZ_WEIH01000002.1		GCF_009183765.1	2653217	
599	WP_000192960.1,WP_000067616.1	1698	5564	3872	1222	NZ_WEIG01000069.1		GCF_009183785.1	2653216	
600	WP_000192959.1,WP_000067616.1	1283688	1287554	3872	1222	NZ_CP064079.1		GCF_015334865.1	2026186	
601	WP_095842669.1,WP_061185267.1	374029	377895	3872	1222	NZ_NJQS01000012.1		GCF_010994585.1	2026186	
602	WP_000067623.1,WP_000192974.1	171690	175556	3872	1222	NZ_NJQO01000002.1		GCF_010994595.1	2026186	
603	WP_000067616.1,WP_000192959.1	6478	10344	3872	1222	NZ_NJQT01000032.1		GCF_010994625.1	2026186	
604	WP_000193004.1,WP_164690582.1	637919	641785	3872	1222	NZ_CP049019.1		GCF_011040455.1	2026188	
605	WP_000067616.1,WP_000192959.1	234921	238787	3872	1222	NZ_ML762350.1		GCF_009498675.1	2026186	
606	WP_000067616.1,WP_000192959.1	4338353	4342219	3872	1222	NZ_CP045777.1		GCF_009648955.1	2026186	
607	WP_166704222.1,WP_166704223.1	141550	145416	3872	1222	NZ_JAAAWQ010000012.1		GCF_011751575.1	2026189	
608	WP_166688938.1,WP_166688939.1	146542	150408	3872	1222	NZ_JAAAWS010000011.1		GCF_011751595.1	2026189	
609	WP_169509359.1,WP_095842669.1	170668	174534	3872	1222	NZ_JABDHZ010000010.1		GCF_012972725.1	2026186	
610	WP_000192960.1,WP_000067616.1	279819	283685	3872	1222	NZ_WQMW01000001.1		GCF_013357905.1	2026186	
611	WP_196472759.1,WP_196472760.1	540968	544834	3872	1222	NZ_VWVP01000032.1		GCF_015712725.1	2608688	
612	WP_127813816.1,WP_199795069.1	119143	123009	3872	1222	NZ_LDFT01000106.1		GCF_015844565.1	1428	
613	WP_029437891.1,WP_197244877.1	107348	111214	3872	1222	NZ_LDGF01000109.1		GCF_015844725.1	2026188	
614	WP_029437891.1,WP_197244877.1	107348	111214	3872	1222	NZ_LDGG01000107.1		GCF_015844815.1	2026188	
615	WP_000105763.1,WP_000193004.1	5011552	5015418	3872	1222	NZ_CP053955.1		GCF_013331815.1	2026188	
616	WP_000192967.1,WP_000067633.1	3676320	3680186	3872	1222	NZ_CP054568.1		GCF_013343075.1	1428	
617	WP_197244877.1,WP_029437891.1	150262	154128	3872	1222	NZ_LDHJ01000113.1		GCF_015845405.1	2026188	
618	WP_138322300.1,WP_138322299.1	128237	132103	3872	1222	NZ_LDHO01000043.1		GCF_015845495.1	2026186	
619	WP_029437892.1,WP_029437891.1	173728	177594	3872	1222	NZ_LDKE01000068.1		GCF_015846035.1	2026188	
620	WP_000192960.1,WP_000067616.1	29377	33243	3872	1222	NZ_JACYOG010000010.1		GCF_014932875.1	2026186	
621	WP_000192959.1,WP_000067616.1	293127	296993	3872	1222	NZ_VOUZ01000003.1		GCF_015071075.1	2026186	
622	WP_000067623.1,WP_000192974.1	16454	20320	3872	1222	NZ_VOVD01000010.1		GCF_015071125.1	2026186	
623	WP_000192974.1,WP_000067623.1	358174	362040	3872	1222	NZ_VOVF01000001.1		GCF_015071165.1	2026186	
624	WP_000192960.1,WP_193655276.1	64116	67982	3872	1222	NZ_VOVE01000023.1		GCF_015071175.1	2026186	
625	WP_000067623.1,WP_000192974.1	431589	435455	3872	1222	NZ_VOVG01000002.1		GCF_015071205.1	2026186	
626	WP_154132100.1,WP_064476769.1	10327	14193	3872	1222	NZ_WJYJ01000081.1		GCF_009668165.1	2666190	
627	WP_087984771.1,WP_088062531.1	107383	111249	3872	1222	NZ_WIPE01000052.1		GCF_009760835.1	2662453	
628	WP_000192959.1,WP_000067616.1	550293	554159	3872	1222	NZ_CP047085.1		GCF_009799965.1	2026186	
629	WP_000067616.1,WP_000192959.1	297031	300897	3872	1222	NZ_JABGBK010000002.1		GCF_013133865.1	2026186	
630	WP_001995236.1,WP_000192967.1	4349856	4353722	3872	1222	NZ_CP053965.1		GCF_013267235.1	1396	
631	WP_001978361.1,WP_001978363.1	5107479	5111345	3872	1222	NZ_CP065739.1		GCF_016026855.1	2026188	
632	WP_000192962.1,WP_000067627.1	4387118	4390984	3872	1222	NZ_CP065650.1		GCF_016027015.1	1396	
633	WP_001978361.1,WP_001978363.1	2146479	2150345	3872	1222	NZ_CP065743.1		GCF_016027575.1	2026188	
634	WP_000067626.1,WP_000192976.1	102221	106087	3872	1222	NZ_LPZU01000058.1		GCF_016068345.1	2026186	
635	WP_088048343.1,WP_088048344.1	88435	92301	3872	1222	NZ_LPZV01000093.1		GCF_016068395.1	1890302	
636	WP_000067616.1,WP_163073013.1	569507	573373	3872	1222	NZ_CP048687.1		GCF_010669045.1	2026186	
637	WP_163247532.1,WP_000105762.1	354749	358615	3872	1222	NZ_NJQA01000010.1		GCF_010994445.1	2026188	
638	WP_000067616.1,WP_000192959.1	234851	238717	3872	1222	NZ_NJQB01000022.1		GCF_010994475.1	2026186	
639	WP_000192959.1,WP_000067616.1	102034	105900	3872	1222	NZ_NJQC01000017.1		GCF_010994505.1	2026186	
640	WP_163254066.1,WP_163254067.1	173665	177531	3872	1222	NZ_NJQH01000006.1		GCF_010994525.1	2026188	
641	WP_000192959.1,WP_000067616.1	75340	79206	3872	1222	NZ_NJQJ01000033.1		GCF_010994535.1	2026186	
642	WP_197229274.1,WP_197229275.1	11158	15024	3872	1222	NZ_LDGX01000005.1		GCF_015845075.1	1890302	
643	WP_029437891.1,WP_197244877.1	107348	111214	3872	1222	NZ_LDOO01000115.1		GCF_016491655.1	1405	
644	WP_000067627.1,WP_000192967.1	4242117	4245983	3872	1222	NZ_JAEFBZ010000001.1		GCF_016580425.1	1396	
645	WP_098521092.1,WP_098521091.1	110631	114497	3872	1222	NZ_JADNYT010000009.1		GCF_015620945.1	2026189	
646	WP_000067650.1,WP_000192978.1	1361664	1365530	3872	1222	NZ_JADAMF010000001.1		GCF_014876635.1	2026187	
647	WP_000192978.1,WP_000067650.1	88000	91866	3872	1222	NZ_JADAMG010000001.1		GCF_014876645.1	2026187	
648	WP_000067650.1,WP_000192978.1	1361763	1365629	3872	1222	NZ_JADAME010000001.1		GCF_014876665.1	2026187	
649	WP_000067650.1,WP_000192978.1	995544	999410	3872	1222	NZ_JADAMH010000008.1		GCF_014876695.1	2026187	
650	WP_000067650.1,WP_000192978.1	12380	16246	3872	1222	NZ_JADAMI010000009.1		GCF_014876735.1	2026187	
651	WP_071758952.1,WP_048526752.1	479889	483755	3872	1222	NZ_JABGBR020000001.1		GCF_014926245.2	2026189	
652	WP_202283380.1,WP_202283381.1	5618	9484	3872	1222	NZ_JADNQI010000014.1		GCF_016757815.1	1396	
653	WP_202283380.1,WP_202283381.1	149788	153654	3872	1222	NZ_JADNQH010000012.1		GCF_016757835.1	1396	
654	WP_223698196.1,WP_223698198.1	189529	193395	3872	1222	NZ_JAIQCN010000131.1		GCF_020035475.1	1890302	
655	WP_000192974.1,WP_000067622.1	1249580	1253446	3872	1222	NZ_CP065149.1		GCF_015693885.1	2026186	
656	WP_053602028.1,WP_053602024.1	134406	140874	3512	1222	NZ_JAFDST010000007.1		GCF_017832095.1	1840411	
657	WP_210627098.1,WP_210627099.1	4770	8636	3872	1222	NZ_JAGKST010000084.1		GCF_017939725.1	2822693	
658	WP_000067616.1,WP_163073013.1	569507	573373	3872	1222	NZ_CP069244.1		GCF_016834515.1	2026186	
659	WP_000192967.1,WP_000067627.1	511508	515374	3872	1222	NZ_PHKO01000001.1		GCF_018221485.1	1396	
660	WP_000067616.1,WP_000192959.1	234219	238085	3872	1222	NZ_PHQS01000002.1		GCF_018221755.1	2026186	
661	WP_212804927.1,WP_212804928.1	1220643	1224509	3872	1222	NZ_CP072766.1		GCF_018309125.1	1396	
662	WP_227455411.1,WP_227455413.1	506466	510299	3839	1222	NZ_JAIQWD010000002.1		GCF_020662085.1	2875730	
663	WP_000193004.1,WP_229137848.1	1216271	1220137	3872	1222	NZ_JAIUDN010000001.1		GCF_020667855.1	2026188	
664	WP_062821891.1,WP_061183172.1	59698	63564	3872	1222	NZ_JAJESI010000016.1		GCF_020685115.1	2026187	
665	WP_000067616.1,WP_000192959.1	77071	80937	3872	1222	NZ_JAJESO010000020.1		GCF_020685945.1	2026186	
666	WP_000067623.1,WP_000192972.1	76667	80533	3872	1222	NZ_JAJESK010000001.1		GCF_020685955.1	2026186	
667	WP_073530310.1,WP_061183172.1	59738	63604	3872	1222	NZ_JAJESM010000024.1		GCF_020686025.1	2026187	
668	WP_061131564.1,WP_076874056.1	82467	86333	3872	1222	NZ_JAJESQ010000013.1		GCF_020686065.1	2026186	
669	WP_229130692.1,WP_000192978.1	4648	8514	3872	1222	NZ_JAJESG010000049.1		GCF_020686145.1	2026187	
670	WP_061183172.1,WP_062821891.1	110849	114715	3872	1222	NZ_JAJERL010000002.1		GCF_020686155.1	2026187	
671	WP_229136479.1,WP_061185267.1	196661	200527	3872	1222	NZ_JAJERS010000003.1		GCF_020686185.1	2026186	
672	WP_087984772.1,WP_087984771.1	178120	181986	3872	1222	NZ_JAJERI010000006.1		GCF_020686195.1	1890302	
673	WP_000192998.1,WP_001061544.1	97450	101316	3872	1222	NZ_JAJERT010000005.1		GCF_020686205.1	1890302	
674	WP_095842669.1,WP_061185267.1	202884	206750	3872	1222	NZ_JAJERW010000002.1		GCF_020686245.1	2026186	
675	WP_000067616.1,WP_000192959.1	109782	113648	3872	1222	NZ_JAJERU010000010.1		GCF_020686265.1	2026186	
676	WP_000192998.1,WP_001061544.1	97450	101316	3872	1222	NZ_JAJERV010000003.1		GCF_020686285.1	1890302	
677	WP_076856137.1,WP_061185267.1	2172690	2176556	3872	1222	NZ_JAFLOL010000001.1		GCF_021014465.1	2026186	
678	WP_232195102.1,WP_000192959.1	234969	238835	3872	1222	NZ_JAJQKX010000001.1		GCF_021213735.1	2902635	
679	WP_109630892.1,WP_109630888.1	3856772	3860638	3872	1222	NZ_CP089743.1		GCF_021249305.1	2026186	
680	WP_236793331.1,WP_236793333.1	1250537	1254403	3872	1222	NZ_AP022927.1		GCF_021655055.1	1396	
681	WP_000192967.1,WP_000067627.1	1245977	1249843	3872	1222	NZ_AP022934.1		GCF_021655135.1	1396	
682	WP_000192967.1,WP_000067627.1	1302825	1306691	3872	1222	NZ_AP022964.1		GCF_021655215.1	1396	
683	WP_000192967.1,WP_202321739.1	1304985	1308851	3872	1222	NZ_AP022986.1		GCF_021655315.1	1396	
684	WP_061131564.1,WP_214328695.1	1150023	1153889	3872	1222	NZ_CP075520.1		GCF_018513785.1	2026186	
685	WP_087984771.1,WP_088062531.1	1203464	1207330	3872	1222	NZ_CP036070.1		GCF_018741285.1	1890302	
686	WP_097994393.1,WP_097994392.1	1268996	1272862	3872	1222	NZ_CP036073.1		GCF_018741405.1	1890302	
687	WP_227601580.1,WP_000192962.1	10058	13924	3872	1222	NZ_JAJERK010000014.1		GCF_020686345.1	1392	
688	WP_229155051.1,WP_229155053.1	11228	15094	3872	1222	NZ_JAJERP010000007.1		GCF_020686365.1	2026186	
689	WP_227571839.1,WP_103626632.1	162252	166118	3872	1222	NZ_JAJERJ010000006.1		GCF_020686505.1	2026188	
690	WP_229135597.1,WP_229135598.1	88566	92432	3872	1222	NZ_JAJERQ010000013.1		GCF_020686565.1	2026187	
691	WP_000067616.1,WP_000192960.1	53233	57099	3872	1222	NZ_JAJERX010000021.1		GCF_020686575.1	2026186	
692	WP_016716913.1,WP_016716914.1	173727	177593	3872	1222	NZ_JAJERY010000005.1		GCF_020686605.1	2026187	
693	WP_000192960.1,WP_000067616.1	198286	202152	3872	1222	NZ_JAJESA010000002.1		GCF_020686625.1	2026186	
694	WP_000192974.1,WP_000067622.1	38838	42704	3872	1222	NZ_JAJERZ010000031.1		GCF_020686645.1	2026186	
695	WP_061535901.1,WP_061535902.1	662923	666789	3872	1222	NZ_JAJESB010000001.1		GCF_020686665.1	2026186	
696	WP_000067616.1,WP_000192959.1	4747	8613	3872	1222	NZ_JAJESH010000109.1		GCF_020686705.1	2026186	
697	WP_212955146.1,WP_212955147.1	12365	16231	3872	1222	NZ_BPLG01000043.1		GCF_019656135.1	2842484	
698	WP_212955146.1,WP_212955147.1	18904	22770	3872	1222	NZ_BPLJ01000050.1		GCF_019656195.1	2842487	
699	WP_212955146.1,WP_212955147.1	4759	8625	3872	1222	NZ_BOQB01000028.1		GCF_018332475.1	2817476	
700	WP_166688938.1,WP_166688939.1	146939	150805	3872	1222	NZ_JAHLND010000010.1		GCF_018916635.1	2026189	
701	WP_061131565.1,WP_220778874.1	127165	131031	3872	1222	NZ_BPLB01000003.1		GCF_019656115.1	2026186	
702	WP_202283381.1,WP_202283380.1	10056	13922	3872	1222	NZ_JADNQE010000011.1		GCF_016757895.1	1396	
703	WP_202283381.1,WP_202283380.1	10212	14078	3872	1222	NZ_JADNQL010000012.1		GCF_016758415.1	1396	
704	WP_202294123.1,WP_070172312.1	55903	59769	3872	1222	NZ_JADNQD010000016.1		GCF_016758535.1	1396	
705	WP_202321739.1,WP_000192967.1	16720	20586	3872	1222	NZ_JADNPW010000009.1		GCF_016758645.1	1396	
706	WP_233723801.1,WP_158318025.1	401088	404954	3872	1222	NZ_JAJUXD010000002.1		GCF_021390375.1	1396	
707	WP_000105762.1,WP_000193004.1	1459766	1463632	3872	1222	NZ_CP083749.1		GCF_020149975.1	2874284	
708	WP_061183172.1,WP_062821891.1	3871083	3874949	3872	1222	NZ_CP086328.1		GCF_020861345.1	2026187	
709	WP_000105762.1,WP_000193004.1	111947	115813	3872	1222	NZ_JAJAQE010000005.1		GCF_020523635.1	2026188	
710	WP_000193004.1,WP_226640030.1	306156	310022	3872	1222	NZ_JAIWKC010000006.1		GCF_020524665.1	2026188	
711	WP_000192972.1,WP_000067623.1	109993	113859	3872	1222	NZ_JAJJWR010000005.1		GCF_021654055.1	2026186	
712	WP_236807173.1,WP_236807175.1	1245781	1249647	3872	1222	NZ_AP022877.1		GCF_021654915.1	1396	
713	WP_000192959.1,WP_000067620.1	44753	48619	3872	1222	NZ_LEBY01000008.1		GCF_019797705.1	2026186	
714	WP_098101837.1,WP_098101835.1	373876	377742	3872	1222	NZ_JADAXF010000002.1		GCF_019837435.1	2778092	
715	WP_088048344.1,WP_088048343.1	655683	659549	3872	1222	NZ_JADAXG010000002.1		GCF_019837545.1	2778093	
716	WP_029437891.1,WP_029437892.1	1215794	1219660	3872	1222	NZ_CP051013.1		GCF_018141085.1	2026188	
717	WP_073517496.1,WP_073517497.1	4537	8403	3872	1222	NZ_JAJESE010000101.1		GCF_020686325.1	2026190	
718	WP_236797652.1,WP_236797653.1	1260447	1264313	3872	1222	NZ_AP022886.1		GCF_021654935.1	1396	
719	WP_088015403.1,WP_070172312.1	1227486	1231352	3872	1222	NZ_CP113428.1		GCF_026684175.1	1396	
720	WP_088048343.1,WP_088048344.1	475737	479603	3872	1222	NZ_JAKGBQ010000001.1		GCF_022458675.1	1890302	
721	WP_088048343.1,WP_088048344.1	475741	479607	3872	1222	NZ_JAKGBP020000001.1		GCF_022458685.2	1890302	
722	WP_088048344.1,WP_088048343.1	11867	15733	3872	1222	NZ_JAKGBO010000006.1		GCF_022458695.1	1890302	
723	WP_214328695.1,WP_061131564.1	436719	440585	3872	1222	NZ_JAKJQA010000003.1		GCF_022509805.1	2026186	
724	WP_000067616.1,WP_000192960.1	20317	24183	3872	1222	NZ_JAKUEC010000015.1		GCF_022662755.1	2920366	
725	WP_000192974.1,WP_000067623.1	327752	331618	3872	1222	NZ_JAKUEF010000001.1		GCF_022662775.1	2920363	
726	WP_000192974.1,WP_000067623.1	476399	480265	3872	1222	NZ_JAKUEI010000002.1		GCF_022662835.1	2920360	
727	WP_061131565.1,WP_163072450.1	111006	114872	3872	1222	NZ_JAKUEL010000002.1		GCF_022662895.1	2920357	
728	WP_044792768.1,WP_242261680.1	74463	78329	3872	1222	NZ_JAKUEN010000008.1		GCF_022662915.1	2920355	
729	WP_163072450.1,WP_061131565.1	437612	441478	3872	1222	NZ_JAKUEO010000003.1		GCF_022662955.1	2920354	
730	WP_000192973.1,WP_061131565.1	26935	30801	3872	1222	NZ_JAKUES010000038.1		GCF_022663035.1	2920350	
731	WP_242275995.1,WP_242275996.1	9732	13598	3872	1222	NZ_JAKUET010000006.1		GCF_022663055.1	2920349	
732	WP_062922950.1,WP_062922951.1	83689	87555	3872	1222	NZ_JAKUEX010000023.1		GCF_022663095.1	2920345	
733	WP_242270892.1,WP_000192960.1	177999	181865	3872	1222	NZ_JAKUFA010000012.1		GCF_022663195.1	2920342	
734	WP_242298510.1,WP_242298512.1	43966	47832	3872	1222	NZ_JAKUFB010000023.1		GCF_022663215.1	2920341	
735	WP_061185267.1,WP_000192973.1	13975	17841	3872	1222	NZ_JAKUFC010000026.1		GCF_022663235.1	2920340	
736	WP_242265163.1,WP_242265164.1	223424	227290	3872	1222	NZ_JAKUFD010000006.1		GCF_022663255.1	2920339	
737	WP_074567598.1,WP_000192977.1	27714	31580	3872	1222	NZ_JAKUFH010000017.1		GCF_022663295.1	2920335	
738	WP_242269788.1,WP_242269789.1	13222	17088	3872	1222	NZ_JAKUFF010000063.1		GCF_022663305.1	2920337	
739	WP_242251010.1,WP_242251013.1	132078	135944	3872	1222	NZ_JAKUFG010000001.1		GCF_022663335.1	2920336	
740	WP_000105762.1,WP_000193004.1	16680	20546	3872	1222	NZ_JAKUFK010000016.1		GCF_022663415.1	2920332	
741	WP_076874056.1,WP_061131564.1	96326	100192	3872	1222	NZ_JAKUFN010000003.1		GCF_022663445.1	2920329	
742	WP_242293865.1,WP_242293866.1	32924	36790	3872	1222	NZ_JAKUFR010000017.1		GCF_022663555.1	2920325	
743	WP_061185267.1,WP_242301780.1	194050	197916	3872	1222	NZ_JAKUFU010000003.1		GCF_022663575.1	2920322	
744	WP_242255506.1,WP_242255510.1	0	3831	3837	1222	NZ_JAKUFT010000041.1		GCF_022663605.1	2920323	
745	WP_242225991.1,WP_242225992.1	200224	204090	3872	1222	NZ_JAKUFW010000007.1		GCF_022663655.1	2920320	
746	WP_029437891.1,WP_029437892.1	370988	374854	3872	1222	NZ_JAKUGB010000004.1		GCF_022663715.1	2920315	
747	WP_000067623.1,WP_000192974.1	183764	187630	3872	1222	NZ_JAKUGC010000003.1		GCF_022663755.1	2920314	
748	WP_074609786.1,WP_074609788.1	115455	119321	3872	1222	NZ_JAKUGD010000003.1		GCF_022663775.1	2920313	
749	WP_242229303.1,WP_074602774.1	467870	471736	3872	1222	NZ_JAKUGL010000002.1		GCF_022663925.1	2920305	
750	WP_074567598.1,WP_000192977.1	27769	31635	3872	1222	NZ_JAKUGO010000020.1		GCF_022663985.1	2920302	
751	WP_061131564.1,WP_061131565.1	7784	11650	3872	1222	NZ_JAKUGP010000004.1		GCF_022664015.1	2920301	
752	WP_074567598.1,WP_000192977.1	169913	173779	3872	1222	NZ_JAKUGS010000001.1		GCF_022664075.1	2920298	
753	WP_064476770.1,WP_064476769.1	38013	41879	3872	1222	NZ_JAKUGU010000034.1		GCF_022664115.1	2920296	
754	WP_242242170.1,WP_242242171.1	25109	28975	3872	1222	NZ_JAKUHE010000009.1		GCF_022664315.1	2920286	
755	WP_048561472.1,WP_048561473.1	4684	8550	3872	1222	NZ_JANHMS010000124.1		GCF_024497975.1	1890302	
756	WP_256489281.1,WP_256489282.1	175304	179170	3872	1222	NZ_JANHMW010000003.1		GCF_024497995.1	2026186	
757	WP_048561473.1,WP_048561472.1	84533	88399	3872	1222	NZ_JANHMT010000003.1		GCF_024498015.1	1890302	
758	WP_242299690.1,WP_242299691.1	451338	455204	3872	1222	NZ_JAKUEQ010000004.1		GCF_022663005.1	2920352	
759	WP_061183172.1,WP_062821891.1	365564	369430	3872	1222	NZ_JAOPRX010000002.1		GCF_025519125.1	2026187	
760	WP_061183172.1,WP_062821891.1	149523	153389	3872	1222	NZ_JAOPSA010000004.1		GCF_025519165.1	2026187	
761	WP_000192977.1,WP_074614856.1	38372	42238	3872	1222	NZ_JAOPRY010000031.1		GCF_025519185.1	2026187	
762	WP_061131564.1,WP_061131565.1	7728	11594	3872	1222	NZ_JAOPRZ010000012.1		GCF_025519205.1	2026186	
763	WP_064476769.1,WP_064476770.1	107899	111765	3872	1222	NZ_JAOPSB010000011.1		GCF_025519265.1	1890302	
764	WP_103626632.1,WP_227571839.1	4836	8702	3872	1222	NZ_JAOPSV010000050.1		GCF_025519345.1	2026188	
765	WP_087984771.1,WP_088062531.1	17861	21727	3872	1222	NZ_JAOPTA010000041.1		GCF_025519465.1	1890302	
766	WP_048561472.1,WP_048561473.1	4684	8550	3872	1222	NZ_JAOPTD010000006.1		GCF_025519525.1	1890302	
767	WP_016716914.1,WP_016716913.1	79013	82879	3872	1222	NZ_JAOPTB010000008.1		GCF_025519545.1	2026187	
768	WP_073517497.1,WP_073517496.1	88695	92561	3872	1222	NZ_JAOPTE010000005.1		GCF_025519575.1	2026190	
769	WP_000067616.1,WP_000192959.1	94379	98245	3872	1222	NZ_JAOPTC010000011.1		GCF_025519655.1	2026186	
770	WP_000067616.1,WP_000192960.1	12956	16822	3872	1222	NZ_JAOPTG010000027.1		GCF_025519705.1	2026186	
771	WP_073517496.1,WP_073517497.1	326083	329949	3872	1222	NZ_JAOVAW010000002.1		GCF_025660715.1	2026190	
772	WP_000067616.1,WP_000192959.1	6515	10381	3872	1222	NZ_JAOPQK010000023.1		GCF_025517325.1	2026186	
773	WP_000192959.1,WP_000067616.1	9406	13272	3872	1222	NZ_JAOPQJ010000077.1		GCF_025517335.1	2026186	
774	WP_256489282.1,WP_256489281.1	249434	253300	3872	1222	NZ_JAOPRP010000002.1		GCF_025517715.1	2026186	
775	WP_062821891.1,WP_061183172.1	87775	91641	3872	1222	NZ_JAOPSD010000017.1		GCF_025517745.1	2026187	
776	WP_061185267.1,WP_095842669.1	170712	174578	3872	1222	NZ_JAOPRU010000002.1		GCF_025517785.1	2026186	
777	WP_088062531.1,WP_262720006.1	4752	8618	3872	1222	NZ_JAOPRV010000018.1		GCF_025517825.1	1890302	
778	WP_061131564.1,WP_076874056.1	473290	477156	3872	1222	NZ_JAOPRF010000001.1		GCF_025517905.1	2026186	
779	WP_242229303.1,WP_074602774.1	461535	465401	3872	1222	NZ_JAOPRL010000001.1		GCF_025517935.1	2026188	
780	WP_076874056.1,WP_061131564.1	4723	8589	3872	1222	NZ_JAOPRN010000015.1		GCF_025518005.1	2026186	
781	WP_095842669.1,WP_169509359.1	54419	58285	3872	1222	NZ_JAOPRM010000002.1		GCF_025518035.1	2026186	
782	WP_062821891.1,WP_061183172.1	69349	73215	3872	1222	NZ_JAOPRR010000026.1		GCF_025518085.1	2026187	
783	WP_000067616.1,WP_000192959.1	4644	8510	3872	1222	NZ_JAOPRS010000088.1		GCF_025518125.1	2026186	
784	WP_000067650.1,WP_000192978.1	12512	16378	3872	1222	NZ_JAOPRH010000058.1		GCF_025518235.1	2026187	
785	WP_000067616.1,WP_000192959.1	4674	8540	3872	1222	NZ_JAOPRJ010000009.1		GCF_025518285.1	2026186	
786	WP_000067616.1,WP_000192960.1	20510	24376	3872	1222	NZ_JAOPRW010000033.1		GCF_025518445.1	2026186	
787	WP_062821891.1,WP_061183172.1	57432	61298	3872	1222	NZ_JAOPSX010000026.1		GCF_025518505.1	2026187	
788	WP_262725149.1,WP_262725150.1	91273	95139	3872	1222	NZ_JAOPSY010000014.1		GCF_025518515.1	2026186	
789	WP_073517496.1,WP_073517497.1	4756	8622	3872	1222	NZ_JAOPSW010000034.1		GCF_025518565.1	2026190	
790	WP_088048344.1,WP_098101835.1	4778	8644	3872	1222	NZ_JAOPTH010000062.1		GCF_025518765.1	1890302	
791	WP_262748646.1,WP_097857474.1	1063519	1067385	3872	1222	NZ_JAOPTJ010000001.1		GCF_025518925.1	1890302	
792	WP_073517496.1,WP_073517497.1	78803	82669	3872	1222	NZ_JAOPTN010000015.1		GCF_025519065.1	2026190	
793	WP_062821891.1,WP_061183172.1	18753	22619	3872	1222	NZ_JAOPTM010000052.1		GCF_025519075.1	2026187	
794	WP_087957841.1,WP_253621523.1	1209112	1212978	3872	1222	NZ_JAMYWX010000001.1		GCF_024159285.1	2953807	
795	WP_072180303.1,WP_264456057.1	1211204	1215070	3872	1222	NZ_CP109872.2		GCF_025946485.2	1396	
796	WP_265153149.1,WP_138322300.1	56329	60195	3872	1222	NZ_JAPDOF010000017.1		GCF_026108145.1	2026187	
797	WP_229136479.1,WP_061185267.1	457595	461461	3872	1222	NZ_JANLJR010000004.1		GCF_024702005.1	2026186	
798	WP_000067626.1,WP_000192976.1	3289386	3293252	3872	1222	NZ_JAMXJY010000001.1		GCF_024712625.1	2026186	
799	WP_061185267.1,WP_086707399.1	3968792	3972658	3872	1222	NZ_JAMXJP010000001.1		GCF_024712785.1	2026186	
800	WP_000192978.1,WP_000067650.1	8360	12226	3872	1222	NZ_JAPJTS020000001.1		GCF_026275395.2	2026187	
801	WP_266132274.1,WP_266132273.1	200383	204249	3872	1222	NZ_JAPJTR020000007.1		GCF_026275425.2	2026186	
802	WP_088048344.1,WP_088048343.1	11867	15733	3872	1222	NZ_JAPJTU020000002.1		GCF_026275445.2	1890302	
803	WP_000067650.1,WP_000192978.1	1182686	1186552	3872	1222	NZ_JAPJTT020000001.1		GCF_026275465.2	2026187	
804	WP_229136479.1,WP_061185267.1	6117	9983	3872	1222	NZ_JANSKC010000329.1		GCF_024741115.1	2026186	
805	WP_000192959.1,WP_000067616.1	198483	202349	3872	1222	NZ_JAOPQR010000005.1		GCF_025515945.1	2026186	
806	WP_000192959.1,WP_262722459.1	200497	204363	3872	1222	NZ_JAOPQS010000003.1		GCF_025516145.1	2026186	
807	WP_000067616.1,WP_000192959.1	234218	238084	3872	1222	NZ_JAOPQT010000002.1		GCF_025516225.1	2026186	
808	WP_016716913.1,WP_016716914.1	222187	226053	3872	1222	NZ_JAOPQU010000005.1		GCF_025516245.1	2026187	
809	WP_000067616.1,WP_000192960.1	171538	175404	3872	1222	NZ_JAOPQV010000005.1		GCF_025516295.1	2026186	
810	WP_000067623.1,WP_000192974.1	4603	8469	3872	1222	NZ_JAOPQO010000011.1		GCF_025516455.1	2026186	
811	WP_042874671.1,WP_262718920.1	186450	190316	3872	1222	NZ_JAOPQQ010000002.1		GCF_025516705.1	2026188	
812	WP_000192959.1,WP_000067616.1	86423	90289	3872	1222	NZ_JAOPQP010000021.1		GCF_025516735.1	2026186	
813	WP_000067616.1,WP_000192959.1	6515	10381	3872	1222	NZ_JAOPQZ010000034.1		GCF_025516905.1	2026186	
814	WP_097857474.1,WP_097857473.1	26926	30792	3872	1222	NZ_JAOPQX010000026.1		GCF_025516925.1	1890302	
815	WP_000192960.1,WP_000067616.1	35752	39618	3872	1222	NZ_JAOPRB010000021.1		GCF_025516995.1	2026186	
816	WP_049111712.1,WP_000192978.1	547947	551813	3872	1222	NZ_JAOPQW010000002.1		GCF_025517035.1	2026187	
817	WP_064476769.1,WP_064476770.1	169703	173569	3872	1222	NZ_JAOPRC010000008.1		GCF_025517085.1	1890302	
818	WP_064476769.1,WP_064476770.1	237264	241130	3872	1222	NZ_JAOPRD010000006.1		GCF_025517095.1	1890302	
819	WP_000192959.1,WP_000067616.1	200462	204328	3872	1222	NZ_JAOPRE010000003.1		GCF_025517165.1	2026186	
820	WP_262726495.1,WP_061131565.1	82554	86420	3872	1222	NZ_JAOPRO010000009.1		GCF_025517185.1	2026186	
821	WP_001061542.1,WP_088106952.1	4287016	4290882	3872	1222	NZ_CP093325.1		GCF_022637375.2	2925318	
822	WP_000192960.1,WP_000067616.1	198288	202154	3872	1222	NZ_JAKUDZ010000001.1		GCF_022662645.1	2920369	
823	WP_243499670.1,WP_210627098.1	1232519	1236385	3872	1222	NZ_CP094455.1		GCF_022809835.2	2928154	
824	WP_064476770.1,WP_064476769.1	1268960	1272826	3872	1222	NZ_CP015257.1		GCF_022810705.1	1890302	
825	WP_000193004.1,WP_226640030.1	1239846	1243712	3872	1222	NZ_CP085399.1		GCF_023824035.1	2026188	
826	WP_000192967.1,WP_042513076.1	1263673	1267539	3872	1222	NZ_CP085402.1		GCF_023824055.1	1392	
827	WP_242251010.1,WP_242251013.1	1201215	1205081	3872	1222	NZ_CP085409.1		GCF_023824095.1	1428	
828	WP_000192959.1,WP_000067620.1	1298455	1302321	3872	1222	NZ_CP085413.1		GCF_023824115.1	2026186	
829	WP_000192959.1,WP_000067616.1	1285129	1288995	3872	1222	NZ_CP099801.1		GCF_024134505.1	2026186	
830	WP_254232282.1,WP_254232283.1	4262142	4266008	3872	1222	NZ_CP093423.1		GCF_024205365.1	2026186	
831	WP_074567598.1,WP_000192977.1	4526070	4529936	3872	1222	NZ_CP093424.1		GCF_024205385.1	2026187	
832	WP_000192959.1,WP_000067620.1	1288236	1292102	3872	1222	NZ_CP101135.1		GCF_024296885.1	2026186	
833	WP_000067650.1,WP_000192978.1	89711	93577	3872	1222	NZ_JAOPRG010000003.1		GCF_025685435.1	2026187	
834	WP_263701879.1,WP_263701880.1	18320	22186	3872	1222	NZ_JAOWLZ010000038.1		GCF_025753775.1	1428	
835	WP_048526752.1,WP_071758952.1	1218903	1222769	3872	1222	NZ_CP095874.1		GCF_023101325.1	2933563	
836	WP_000193004.1,WP_071679308.1	1236155	1240021	3872	1222	NZ_CP078081.1		GCF_023159405.1	2026188	
837	WP_249709202.1,WP_249709203.1	409306	413172	3872	1222	NZ_JAMBME010000001.1		GCF_023502705.1	1396	
838	WP_259417064.1,WP_259417065.1	1264727	1268593	3872	1222	NZ_CP103777.1		GCF_024919115.1	155322	
839	WP_061183172.1,WP_252650501.1	128000	131866	3872	1222	NZ_JAGVQQ010000004.1		GCF_023969595.1	2026187	
840	WP_071758952.1,WP_048526752.1	479889	483755	3872	1222	NZ_JAQOXN010000001.1		GCF_028462395.1	2026189	
841	WP_000192974.1,WP_000067622.1	203029	206895	3872	1222	NZ_JAQQGG010000001.1		GCF_028548245.1	3025192	
842	WP_272851245.1,WP_087957843.1	489716	493582	3872	1222	NZ_JAQQPX010000002.1		GCF_028561495.1	3025368	
843	WP_071722188.1,WP_071722186.1	4779	8645	3872	1222	NZ_JARPVI010000089.1		GCF_029537445.1	2026190	
844	WP_061183172.1,WP_062821891.1	276368	280234	3872	1222	NZ_JARPVO010000001.1		GCF_029537455.1	2026187	
845	WP_000192959.1,WP_000067616.1	200526	204392	3872	1222	NZ_JARPVN010000001.1		GCF_029537555.1	2026186	
846	WP_061185267.1,WP_095842669.1	108794	112660	3872	1222	NZ_JARPVL010000010.1		GCF_029537615.1	2026186	
847	WP_061535902.1,WP_061535901.1	58678	62544	3872	1222	NZ_JARPVJ010000019.1		GCF_029537625.1	2026186	
848	WP_000192959.1,WP_000067616.1	200538	204404	3872	1222	NZ_JARPVR010000002.1		GCF_029537635.1	2026186	
849	WP_000067623.1,WP_000192972.1	4770	8636	3872	1222	NZ_JARPVT010000070.1		GCF_029537715.1	2026186	
850	WP_000192978.1,WP_000067650.1	8487	12353	3872	1222	NZ_CP099450.1		GCF_029027925.1	2026187	
851	WP_275175653.1,WP_098603585.1	358711	362577	3872	1222	NZ_JAMWSJ010000004.1		GCF_029069095.1	2026188	
852	WP_275175653.1,WP_098603585.1	238665	242531	3872	1222	NZ_JAMWSK010000004.1		GCF_029069125.1	2026188	
853	WP_001990994.1,WP_144623474.1	128791	132657	3872	1222	NZ_JAMWSI010000008.1		GCF_029069165.1	1396	
854	WP_061183172.1,WP_062821891.1	118426	122292	3872	1222	NZ_JARGCX010000029.1		GCF_029193565.1	2026187	
855	WP_098555455.1,WP_098555454.1	110546	114412	3872	1222	NZ_JARHXH010000055.1		GCF_029222485.1	3031022	
856	WP_098555455.1,WP_098555454.1	110555	114421	3872	1222	NZ_JARHXJ010000032.1		GCF_029222545.1	3031020	
857	WP_000067616.1,WP_000192959.1	4618	8484	3872	1222	NZ_JAOPRI010000121.1		GCF_025517195.1	2026186	
858	WP_016716914.1,WP_016716913.1	112201	116067	3872	1222	NZ_JAOPRQ010000005.1		GCF_025519105.1	2026187	
859	WP_095842669.1,WP_061185267.1	55585	59451	3872	1222	NZ_JARPPO010000009.1		GCF_029477545.1	2026186	
860	WP_152155157.1,WP_168897600.1	92105	95971	3872	1222	NZ_JARPPN010000009.1		GCF_029477615.1	1396	
861	WP_242298510.1,WP_242298512.1	43982	47848	3872	1222	NZ_JARPPB010000025.1		GCF_029477625.1	1396	
862	WP_071723992.1,WP_071723990.1	26973	30839	3872	1222	NZ_JARPOY010000004.1		GCF_029477895.1	2026188	
863	WP_000067623.1,WP_000192972.1	4781	8647	3872	1222	NZ_JARPPF010000002.1		GCF_029477985.1	2026186	
864	WP_071723992.1,WP_071723990.1	84700	88566	3872	1222	NZ_JARPPQ010000004.1		GCF_029478845.1	2026188	
865	WP_098653940.1,WP_098653939.1	360935	364801	3872	1222	NZ_JARPPR010000003.1		GCF_029478925.1	1890302	
866	WP_095842669.1,WP_061185267.1	73829	77695	3872	1222	NZ_JARPPU010000013.1		GCF_029479025.1	2026186	
867	WP_098720239.1,WP_098720240.1	313331	317197	3872	1222	NZ_JASDBZ010000003.1		GCF_030016175.1	1890302	
868	WP_098720239.1,WP_098720240.1	108277	112143	3872	1222	NZ_JASDCA010000006.1		GCF_030016495.1	1890302	
869	WP_000067616.1,WP_000192959.1	6534	10400	3872	1222	NZ_JAQFPV010000024.1		GCF_027712565.1	3018099	
870	WP_071758952.1,WP_270672716.1	108262	112128	3872	1222	NZ_JAQFPZ010000005.1		GCF_027712725.1	3018100	
871	WP_000192978.1,WP_000067650.1	8256	12122	3872	1222	NZ_JAQFQA010000012.1		GCF_027712745.1	3018101	
872	WP_076874056.1,WP_061131564.1	1004318	1008184	3872	1222	NZ_JAQFQV010000001.1		GCF_027713565.1	3018103	
873	WP_270709421.1,WP_270709423.1	62891	66757	3872	1222	NZ_JAQFQU010000008.1		GCF_027713585.1	3018102	
874	WP_169509359.1,WP_095842669.1	811886	815752	3872	1222	NZ_JAQFQW010000001.1		GCF_027713605.1	3018104	
875	WP_061131565.1,WP_061131564.1	110933	114799	3872	1222	NZ_JAQFRE010000004.1		GCF_027713685.1	3018107	
876	WP_061131565.1,WP_061131564.1	110933	114799	3872	1222	NZ_JAQFRF010000005.1		GCF_027713705.1	3018108	
877	WP_000192974.1,WP_000067623.1	352343	356209	3872	1222	NZ_JAQFQZ010000005.1		GCF_027713765.1	3018106	
878	WP_000067623.1,WP_000192974.1	171119	174985	3872	1222	NZ_JAQFQY010000004.1		GCF_027713805.1	3018105	
879	WP_071758952.1,WP_270672716.1	124650	128516	3872	1222	NZ_JAQFRI010000005.1		GCF_027713925.1	3018109	
880	WP_270672716.1,WP_071758952.1	200816	204682	3872	1222	NZ_JAQFRJ010000005.1		GCF_027714005.1	3018110	
881	WP_074543474.1,WP_074543473.1	197188	201054	3872	1222	NZ_JAQFRL010000003.1		GCF_027714025.1	3018111	
882	WP_048526752.1,WP_071758952.1	170332	174198	3872	1222	NZ_JAQFRO010000007.1		GCF_027714125.1	3018112	
883	WP_095842669.1,WP_098947235.1	353187	357053	3872	1222	NZ_JAQFRT010000003.1		GCF_027714365.1	3018113	
884	WP_071758952.1,WP_048526752.1	108314	112180	3872	1222	NZ_JAQFSA010000005.1		GCF_027714545.1	3018114	
885	WP_074543474.1,WP_074543473.1	196902	200768	3872	1222	NZ_JAQFTY010000001.1		GCF_027715805.1	3018116	
886	WP_061185267.1,WP_076867769.1	109499	113365	3872	1222	NZ_JAQFTZ010000004.1		GCF_027715825.1	3018117	
887	WP_061131564.1,WP_061131565.1	52474	56340	3872	1222	NZ_JAQFUK010000002.1		GCF_027716165.1	3018118	
888	WP_061131565.1,WP_061131564.1	133521	137387	3872	1222	NZ_JAQFUM010000002.1		GCF_027716205.1	3018120	
889	WP_061131565.1,WP_061131564.1	133521	137387	3872	1222	NZ_JAQFUL010000002.1		GCF_027716265.1	3018119	
890	WP_061131565.1,WP_061131564.1	133521	137387	3872	1222	NZ_JAQFUN010000002.1		GCF_027716325.1	3018121	
891	WP_071758952.1,WP_270672716.1	108262	112128	3872	1222	NZ_JAQFUQ010000005.1		GCF_027716405.1	3018122	
892	WP_061131564.1,WP_061131565.1	52474	56340	3872	1222	NZ_JAQFUX010000002.1		GCF_027716625.1	3018124	
893	WP_061185267.1,WP_076867769.1	25610	29476	3872	1222	NZ_JAQFUV010000017.1		GCF_027716665.1	3018123	
894	WP_061183172.1,WP_000192978.1	94258	98124	3872	1222	NZ_JAQFUY010000012.1		GCF_027716745.1	3018125	
895	WP_061131565.1,WP_061131564.1	133521	137387	3872	1222	NZ_JAQFUZ010000002.1		GCF_027716845.1	3018126	
896	WP_061131564.1,WP_061131565.1	24408	28274	3872	1222	NZ_JAQFVB010000016.1		GCF_027716865.1	3018128	
897	WP_061131564.1,WP_061131565.1	24408	28274	3872	1222	NZ_JAQFVA010000015.1		GCF_027716925.1	3018127	
898	WP_061131565.1,WP_061131564.1	110704	114570	3872	1222	NZ_JAQFVC010000015.1		GCF_027716945.1	3018129	
899	WP_229135597.1,WP_270822266.1	94833	98699	3872	1222	NZ_JAQFVE010000006.1		GCF_027717045.1	3018130	
900	WP_000192978.1,WP_000067650.1	8256	12122	3872	1222	NZ_JAQFNN010000013.1		GCF_027710685.1	3018062	
901	WP_000192959.1,WP_000067620.1	86942	90808	3872	1222	NZ_JAQFNP010000013.1		GCF_027710705.1	3018064	
902	WP_000192959.1,WP_000067620.1	75583	79449	3872	1222	NZ_JAQFNQ010000019.1		GCF_027710725.1	3018065	
903	WP_000067620.1,WP_000192959.1	30405	34271	3872	1222	NZ_JAQFNR010000017.1		GCF_027710825.1	3018066	
904	WP_000192959.1,WP_000067620.1	75583	79449	3872	1222	NZ_JAQFNS010000018.1		GCF_027710865.1	3018067	
905	WP_000192959.1,WP_000067620.1	75583	79449	3872	1222	NZ_JAQFNT010000017.1		GCF_027710885.1	3018068	
906	WP_000192959.1,WP_000067620.1	75583	79449	3872	1222	NZ_JAQFNU010000018.1		GCF_027710905.1	3018069	
907	WP_000192959.1,WP_000067620.1	72420	76286	3872	1222	NZ_JAQFNV010000017.1		GCF_027710925.1	3018070	
908	WP_000192959.1,WP_000067620.1	75583	79449	3872	1222	NZ_JAQFNW010000018.1		GCF_027711005.1	3018071	
909	WP_000067620.1,WP_000192959.1	30405	34271	3872	1222	NZ_JAQFNX010000014.1		GCF_027711025.1	3018072	
910	WP_000067616.1,WP_000192959.1	6534	10400	3872	1222	NZ_JAQFOA010000039.1		GCF_027711105.1	3018074	
911	WP_000067623.1,WP_095842669.1	191615	195481	3872	1222	NZ_JAQFNZ010000002.1		GCF_027711145.1	3018073	
912	WP_270718112.1,WP_103626632.1	49955	53821	3872	1222	NZ_JAQFOG010000019.1		GCF_027711365.1	3018075	
913	WP_270732446.1,WP_270732448.1	219077	222943	3872	1222	NZ_JAQFOI010000006.1		GCF_027711385.1	3018077	
914	WP_270712089.1,WP_242299690.1	352130	355996	3872	1222	NZ_JAQFOH010000003.1		GCF_027711405.1	3018076	
915	WP_000192960.1,WP_270695578.1	75366	79232	3872	1222	NZ_JAQFOJ010000020.1		GCF_027711425.1	3018078	
916	WP_000067616.1,WP_000192960.1	116485	120351	3872	1222	NZ_JAQFOM010000007.1		GCF_027711445.1	3018080	
917	WP_242265163.1,WP_242265164.1	30410	34276	3872	1222	NZ_JAQFOP010000013.1		GCF_027711505.1	3018082	
918	WP_270695578.1,WP_000192960.1	23277	27143	3872	1222	NZ_JAQFOU010000021.1		GCF_027711585.1	3018084	
919	WP_000193004.1,WP_071708929.1	344039	347905	3872	1222	NZ_JAQFOV010000002.1		GCF_027711605.1	3018085	
920	WP_000067623.1,WP_000192974.1	108995	112861	3872	1222	NZ_JAQFOX010000005.1		GCF_027711645.1	3018087	
921	WP_270795318.1,WP_270795319.1	4668	8534	3872	1222	NZ_JAQFOZ010000009.1		GCF_027711685.1	3018088	
922	WP_270723963.1,WP_270712089.1	104469	108335	3872	1222	NZ_JAQFPA010000003.1		GCF_027711705.1	3018089	
923	WP_062821891.1,WP_061183172.1	150173	154039	3872	1222	NZ_JAQFPB010000004.1		GCF_027711725.1	3018090	
924	WP_270700167.1,WP_270700168.1	208837	212703	3872	1222	NZ_JAQFOL010000007.1		GCF_027711765.1	3018079	
925	WP_062821891.1,WP_061183172.1	150224	154090	3872	1222	NZ_JAQFPC010000005.1		GCF_027711825.1	3018091	
926	WP_242265163.1,WP_242265164.1	224763	228629	3872	1222	NZ_JAQFOQ010000004.1		GCF_027711885.1	3018083	
927	WP_061131564.1,WP_061131565.1	225989	229855	3872	1222	NZ_JAQFPF010000003.1		GCF_027711905.1	3018092	
928	WP_000192959.1,WP_000067620.1	75583	79449	3872	1222	NZ_JAQFPI010000004.1		GCF_027712045.1	3018093	
929	WP_049111712.1,WP_000192978.1	12382	16248	3872	1222	NZ_JAQFPJ010000014.1		GCF_027712065.1	3018094	
930	WP_062821891.1,WP_061183172.1	296871	300737	3872	1222	NZ_JAQFPN010000002.1		GCF_027712305.1	3018096	
931	WP_061131564.1,WP_076874056.1	338928	342794	3872	1222	NZ_JAQFPP010000001.1		GCF_027712325.1	3018097	
932	WP_000192959.1,WP_000067620.1	6701	10567	3872	1222	NZ_JALAXF010000046.1		GCF_026795955.1	2026186	
933	WP_242265164.1,WP_242265163.1	112319	116185	3872	1222	NZ_JAQFMP010000005.1		GCF_027709705.1	3018043	
934	WP_000192959.1,WP_000067616.1	30390	34256	3872	1222	NZ_JAQFMQ010000040.1		GCF_027709725.1	3018044	
935	WP_074567598.1,WP_000192977.1	108965	112831	3872	1222	NZ_JAQFMT010000003.1		GCF_027709745.1	3018047	
936	WP_270682645.1,WP_000193004.1	120930	124796	3872	1222	NZ_JAQFMR010000003.1		GCF_027709785.1	3018045	
937	WP_000193004.1,WP_270682645.1	43653	47519	3872	1222	NZ_JAQFMS010000023.1		GCF_027709805.1	3018046	
938	WP_242265163.1,WP_242265164.1	222916	226782	3872	1222	NZ_JAQFMV010000004.1		GCF_027709925.1	3018049	
939	WP_000192974.1,WP_000067623.1	259694	263560	3872	1222	NZ_JAQFMW010000002.1		GCF_027709985.1	3018050	
940	WP_000067616.1,WP_000192959.1	110012	113878	3872	1222	NZ_JAQFMX010000008.1		GCF_027710025.1	3018051	
941	WP_076874056.1,WP_061131564.1	110753	114619	3872	1222	NZ_JAQFNC010000008.1		GCF_027710125.1	3018054	
942	WP_073530310.1,WP_061183172.1	25330	29196	3872	1222	NZ_JAQFNA010000001.1		GCF_027710145.1	3018052	
943	WP_000067616.1,WP_000192959.1	6534	10400	3872	1222	NZ_JAQFNB010000040.1		GCF_027710205.1	3018053	
944	WP_270699579.1,WP_000193004.1	109660	113526	3872	1222	NZ_JAQFNE010000001.1		GCF_027710245.1	3018055	
945	WP_242265164.1,WP_242265163.1	112354	116220	3872	1222	NZ_JAQFNF010000005.1		GCF_027710325.1	3018056	
946	WP_270712089.1,WP_242299690.1	352129	355995	3872	1222	NZ_JAQFNG010000004.1		GCF_027710345.1	3018057	
947	WP_270693729.1,WP_270693730.1	8111	11977	3872	1222	NZ_JAQFNJ010000005.1		GCF_027710385.1	3018059	
948	WP_227571839.1,WP_103626632.1	218196	222062	3872	1222	NZ_JAQFNH010000004.1		GCF_027710425.1	3018058	
949	WP_270731098.1,WP_270731100.1	27513	31379	3872	1222	NZ_JAQFNK010000011.1		GCF_027710505.1	3018060	
950	WP_071708929.1,WP_000193004.1	33413	37279	3872	1222	NZ_JAQFNL010000003.1		GCF_027710545.1	3018061	
951	WP_242265163.1,WP_164690582.1	223452	227318	3872	1222	NZ_JAQFMO010000004.1		GCF_027709585.1	3018042	
952	WP_000067620.1,WP_000192959.1	30405	34271	3872	1222	NZ_JAQFNO010000017.1		GCF_027710665.1	3018063	
953	WP_000067616.1,WP_000192959.1	6534	10400	3872	1222	NZ_JAQFOO010000005.1		GCF_027711485.1	3018081	
954	WP_000192959.1,WP_000067616.1	75581	79447	3872	1222	NZ_JAQFPS010000009.1		GCF_027712525.1	3018098	
955	WP_000067623.1,WP_000192974.1	778975	782841	3872	1222	NZ_JAQFTW010000002.1		GCF_027715765.1	3018115	
956	WP_000067650.1,WP_000192978.1	311762	315628	3872	1222	NZ_JAPNPC010000004.1		GCF_030222525.1	2026187	
957	WP_000192978.1,WP_000067650.1	8988	12854	3872	1222	NZ_JAPNPD010000003.1		GCF_030222535.1	2026187	
958	WP_000067650.1,WP_000192978.1	4672	8538	3872	1222	NZ_JAPNPF010000047.1		GCF_030222555.1	2026187	
959	WP_000067616.1,WP_000192959.1	6584	10450	3872	1222	NZ_JAPNPI010000010.1		GCF_030222625.1	2026186	
960	WP_000192959.1,WP_000067620.1	87266	91132	3872	1222	NZ_JAPNPJ010000012.1		GCF_030222645.1	2026186	
961	WP_000067650.1,WP_000192978.1	1003588	1007454	3872	1222	NZ_JAPNPE010000001.1		GCF_030222665.1	2026187	
962	WP_000067623.1,WP_095842669.1	1062905	1066771	3872	1222	NZ_JAPNPL010000001.1		GCF_030222685.1	2026186	
963	WP_095842669.1,WP_000067623.1	348053	351919	3872	1222	NZ_JAPNPK010000003.1		GCF_030222705.1	2026186	
964	WP_071723990.1,WP_071723992.1	335233	339099	3872	1222	NZ_JARPPS010000001.1		GCF_029479265.1	2026188	
965	WP_242298510.1,WP_242298512.1	4756	8622	3872	1222	NZ_JARPOW010000039.1		GCF_029479465.1	1396	
966	WP_000192959.1,WP_000067616.1	200538	204404	3872	1222	NZ_JARPRU010000003.1		GCF_029536275.1	2026186	
967	WP_000067616.1,WP_000192959.1	9828	13694	3872	1222	NZ_JARPRM010000008.1		GCF_029536285.1	2026186	
968	WP_000067616.1,WP_000192959.1	77059	80925	3872	1222	NZ_JARPRN010000007.1		GCF_029536295.1	2026186	
969	WP_277616404.1,WP_277616403.1	180067	183933	3872	1222	NZ_JARPRR010000007.1		GCF_029536375.1	2026186	
970	WP_000067616.1,WP_000192959.1	307370	311236	3872	1222	NZ_JAPNPN010000004.1		GCF_030222745.1	2026186	
971	WP_000067620.1,WP_000192959.1	127089	130955	3872	1222	NZ_JAPNPP010000010.1		GCF_030222775.1	2026186	
972	WP_000192959.1,WP_000067616.1	102145	106011	3872	1222	NZ_JAPNPR010000019.1		GCF_030222805.1	2026186	
973	WP_000067620.1,WP_000192959.1	127297	131163	3872	1222	NZ_JAPNPQ010000011.1		GCF_030222825.1	2026186	
974	WP_000192959.1,WP_000067616.1	200550	204416	3872	1222	NZ_JAPNPS010000008.1		GCF_030222845.1	2026186	
975	WP_000192959.1,WP_000067616.1	200549	204415	3872	1222	NZ_JAPNPT010000010.1		GCF_030222865.1	2026186	
976	WP_000067623.1,WP_000192974.1	1040486	1044352	3872	1222	NZ_JAPNPU010000001.1		GCF_030222875.1	2026186	
977	WP_000067623.1,WP_000192974.1	1040206	1044072	3872	1222	NZ_JAPNPV010000001.1		GCF_030222905.1	2026186	
978	WP_000192959.1,WP_000067616.1	200549	204415	3872	1222	NZ_JAPNPW010000008.1		GCF_030222915.1	2026186	
979	WP_000067616.1,WP_000192959.1	6587	10453	3872	1222	NZ_JAPNPX010000003.1		GCF_030222935.1	2026186	
980	WP_000192959.1,WP_000067616.1	200550	204416	3872	1222	NZ_JAPNPY010000007.1		GCF_030222965.1	2026186	
981	WP_000067616.1,WP_000192959.1	6584	10450	3872	1222	NZ_JAPNQA010000004.1		GCF_030222985.1	2026186	
982	WP_000067616.1,WP_000192959.1	6587	10453	3872	1222	NZ_JAPNQB010000003.1		GCF_030223005.1	2026186	
983	WP_095842669.1,WP_000067623.1	348329	352195	3872	1222	NZ_JAPNQC010000004.1		GCF_030223015.1	2026186	
984	WP_000192959.1,WP_000067616.1	200550	204416	3872	1222	NZ_JAPNPZ010000009.1		GCF_030223045.1	2026186	
985	WP_095842669.1,WP_000067623.1	113046	116912	3872	1222	NZ_JAPNQD010000002.1		GCF_030223065.1	2026186	
986	WP_061131565.1,WP_061131564.1	7275	11141	3872	1222	NZ_JAQDIH010000139.1		GCF_027663165.1	2026186	
987	WP_061131565.1,WP_061131564.1	4797	8663	3872	1222	NZ_JAQDII010000158.1		GCF_027663175.1	2026186	
988	WP_044792768.1,WP_044792770.1	221248	225114	3872	1222	NZ_JAQEBQ010000002.1		GCF_027670555.1	2026186	
989	WP_270606427.1,WP_270606428.1	4680	8546	3872	1222	NZ_JAQEUS010000014.1		GCF_027695295.1	2026190	
990	WP_000067620.1,WP_000192959.1	45915	49781	3872	1222	NZ_JAQFMG010000011.1		GCF_027709265.1	3018038	
991	WP_000067616.1,WP_000192959.1	4629	8495	3872	1222	NZ_JAQFMH010000096.1		GCF_027709285.1	3018039	
992	WP_000067616.1,WP_000192960.1	116278	120144	3872	1222	NZ_JAQFMI010000006.1		GCF_027709305.1	3018040	
993	WP_270695578.1,WP_000192960.1	23311	27177	3872	1222	NZ_JAQFMF010000023.1		GCF_027709355.1	3018037	
994	WP_270706171.1,WP_270706173.1	36096	39962	3872	1222	NZ_JAQFMM010000027.1		GCF_027709525.1	3018041	
995	WP_000192964.1,WP_283730496.1	1237134	1241000	3872	1222	NZ_CP125989.1		GCF_030067855.1	1396	
996	WP_072180303.1,WP_264456057.1	1216935	1220801	3872	1222	NZ_CP125992.1		GCF_030067875.1	1396	
997	WP_283884684.1,WP_283884685.1	1234959	1238825	3872	1222	NZ_CP126099.1		GCF_030123185.1	1890302	
998	WP_000192959.1,WP_000067616.1	1105267	1109133	3872	1222	NZ_JAQYWS010000001.1		GCF_028728315.1	2998851	
999	WP_274431025.1,WP_274431026.1	1264335	1268201	3872	1222	NZ_CP067069.1		GCF_028751175.1	2796141	
1000	WP_000192974.1,WP_000067623.1	1282782	1286648	3872	1222	NZ_CP119629.1		GCF_029282725.1	2026186	
1001	WP_033646726.1,WP_000067632.1	1208604	1212470	3872	1222	NZ_CP116889.1		GCF_029636405.1	1392	
1002	WP_033646726.1,WP_000067632.1	1208575	1212441	3872	1222	NZ_CP116892.1		GCF_029636605.1	1392	
1003	WP_000067632.1,WP_033646726.1	4007590	4011456	3872	1222	NZ_CP116895.1		GCF_029636705.1	1392	
1004	WP_000192959.1,WP_000067616.1	1340046	1343912	3872	1222	NZ_CP116204.1		GCF_027945115.1	2026186	
1005	WP_168897600.1,WP_152155157.1	35810	39676	3872	1222	NZ_JAQOOH010000028.1		GCF_028401745.1	1428	
1006	WP_000192960.1,WP_000067616.1	21893	25759	3872	1222	NZ_JARPRX010000003.1		GCF_029536395.1	2026186	
1007	WP_000192959.1,WP_000067616.1	200538	204404	3872	1222	NZ_JARPRS010000001.1		GCF_029536425.1	2026186	
1008	WP_277616403.1,WP_277616404.1	87388	91254	3872	1222	NZ_JARPRP010000006.1		GCF_029536455.1	2026186	
1009	WP_000192959.1,WP_000067616.1	200538	204404	3872	1222	NZ_JARPRV010000003.1		GCF_029536475.1	2026186	
1010	WP_000192959.1,WP_000067616.1	200696	204562	3872	1222	NZ_JARPRO010000003.1		GCF_029536485.1	2026186	
1011	WP_000192959.1,WP_000067616.1	200526	204392	3872	1222	NZ_JARPRT010000002.1		GCF_029536535.1	2026186	
1012	WP_000192959.1,WP_000067616.1	200550	204416	3872	1222	NZ_JAPNQG010000010.1		GCF_030223105.1	2026186	
1013	WP_000067620.1,WP_000192959.1	4767	8633	3872	1222	NZ_JAPNQH010000051.1		GCF_030223125.1	2026186	
1014	WP_000192978.1,WP_000067650.1	95873	99739	3872	1222	NZ_JAPNQF010000003.1		GCF_030223135.1	2026187	
1015	WP_000192974.1,WP_000067623.1	355410	359276	3872	1222	NZ_JAPNQJ010000001.1		GCF_030223165.1	2026186	
1016	WP_000192978.1,WP_000067650.1	8988	12854	3872	1222	NZ_JAPNQL010000002.1		GCF_030223185.1	2026187	
1017	WP_000192978.1,WP_000067650.1	88072	91938	3872	1222	NZ_JAPNQK010000002.1		GCF_030223195.1	2026187	
1018	WP_000067623.1,WP_000192974.1	1422873	1426739	3872	1222	NZ_JAPNQI010000001.1		GCF_030223225.1	2026186	
1019	WP_000192977.1,WP_074567598.1	29714	33580	3872	1222	NZ_JACYGX010000002.1		GCF_027477615.1	2026187	
1020	WP_087965407.1,WP_087965409.1	1710923	1714789	3872	1222	NZ_CP115303.1		GCF_027626015.1	2026188	
1021	WP_000067616.1,WP_000192959.1	114659	118525	3872	1222	NZ_JARPRQ010000004.1		GCF_029536385.1	2026186	
1022	WP_048553874.1,WP_048553871.1	352966	356832	3872	1222	NZ_JAWJXQ010000004.1		GCF_032970695.1	539236	
1023	WP_000192969.1,WP_000067615.1	1216095	1219961	3872	1222	NZ_JAWJEF010000001.1		GCF_033085315.1	1396	
1024	WP_318160891.1,WP_318160892.1	27500	31366	3872	1222	NZ_JAWPHL010000005.1		GCF_033345485.1	2026187	
1025	WP_306185088.1,WP_306185090.1	137926	141792	3872	1222	NZ_JAVIVK010000003.1		GCF_031323905.1	3073272	
1026	WP_001061542.1,WP_000193001.1	580236	584102	3872	1222	NZ_JAVIVN010000015.1		GCF_031324335.1	1890302	
1027	WP_000192967.1,WP_000067627.1	170801	174667	3872	1222	NZ_JARLFV010000010.1		GCF_035803555.1	1392	
1028	WP_075395481.1,WP_075395482.1	290645	294511	3872	1222	NZ_JARSDZ010000002.1		GCF_035807335.1	1392	
1029	WP_071722186.1,WP_071722188.1	1274278	1278144	3872	1222	NZ_CP185965.1		GCF_033841795.2	3094884	
1030	WP_000067616.1,WP_000192959.1	234268	238134	3872	1222	NZ_JAWXWQ010000002.1		GCF_033841815.1	3094881	
1031	WP_000067616.1,WP_000192959.1	110169	114035	3872	1222	NZ_JAWXWP010000003.1		GCF_033841845.1	3094880	
1032	WP_000192959.1,WP_000067616.1	200510	204376	3872	1222	NZ_JAWXWO010000002.1		GCF_033841865.1	3094879	
1033	WP_319608936.1,WP_076874056.1	188145	192011	3872	1222	NZ_JAWXWN010000005.1		GCF_033841875.1	3094878	
1034	WP_000192959.1,WP_000067616.1	199779	203645	3872	1222	NZ_JAWXWM010000002.1		GCF_033841885.1	3094877	
1035	WP_000067616.1,WP_000192959.1	109834	113700	3872	1222	NZ_JAWXWL010000004.1		GCF_033841925.1	3094876	
1036	WP_076874056.1,WP_319608936.1	110977	114843	3872	1222	NZ_JAWXWI010000008.1		GCF_033841935.1	3094873	
1037	WP_000067616.1,WP_000192960.1	117375	121241	3872	1222	NZ_JAWXWH010000004.1		GCF_033841955.1	3094872	
1038	WP_000067616.1,WP_000192959.1	110046	113912	3872	1222	NZ_JAWXWK010000003.1		GCF_033841975.1	3094875	
1039	WP_000067616.1,WP_000192959.1	110169	114035	3872	1222	NZ_JAWXWJ010000003.1		GCF_033841995.1	3094874	
1040	WP_061131564.1,WP_076874056.1	82449	86315	3872	1222	NZ_JAWXWG010000004.1		GCF_033842115.1	3094871	
1041	WP_000067616.1,WP_000192959.1	103664	107530	3872	1222	NZ_JAWXWD010000005.1		GCF_033842135.1	3094868	
1042	WP_000192959.1,WP_000067616.1	200457	204323	3872	1222	NZ_JAWXWF010000001.1		GCF_033842155.1	3094870	
1043	WP_000192959.1,WP_000067616.1	200519	204385	3872	1222	NZ_JAWXWE010000001.1		GCF_033842175.1	3094869	
1044	WP_000192959.1,WP_000067616.1	200522	204388	3872	1222	NZ_JAWXWC010000003.1		GCF_033842255.1	3094867	
1045	WP_088057625.1,WP_088057627.1	1219366	1223232	3872	1222	NZ_JAUCFN010000002.1		GCF_030348415.1	1890302	
1046	WP_000192960.1,WP_000067616.1	79681	83547	3872	1222	NZ_VKPL01000033.1		GCF_031316795.1	2026186	
1047	WP_000067650.1,WP_000192978.1	169865	173731	3872	1222	NZ_VKPJ01000017.1		GCF_031316815.1	2026187	
1048	WP_000067620.1,WP_000192959.1	188777	192643	3872	1222	NZ_VKPH01000007.1		GCF_031316835.1	2026186	
1049	WP_061131564.1,WP_061131565.1	251173	255039	3872	1222	NZ_VKPG01000002.1		GCF_031316875.1	2026186	
1050	WP_000067616.1,WP_000192960.1	13189	17055	3872	1222	NZ_VKPD01000031.1		GCF_031316915.1	2026186	
1051	WP_000105763.1,WP_000193004.1	174224	178090	3872	1222	NZ_VKPC01000014.1		GCF_031316955.1	2026188	
1052	WP_070172312.1,WP_202294123.1	77022	80888	3872	1222	NZ_VKPA01000007.1		GCF_031316995.1	1392	
1053	WP_000192960.1,WP_000067616.1	21808	25674	3872	1222	NZ_VLYR01000037.1		GCF_031317175.1	2026186	
1054	WP_000192959.1,WP_000067620.1	17852	21718	3872	1222	NZ_VLYQ01000606.1		GCF_031317185.1	2026186	
1055	WP_061185267.1,WP_000192973.1	130937	134803	3872	1222	NZ_JAPNPM010000005.1		GCF_030222715.1	2026186	
1056	WP_000192978.1,WP_000067650.1	8988	12854	3872	1222	NZ_JAPNQE010000002.1		GCF_030223085.1	2026187	
1057	WP_270672716.1,WP_071758952.1	1239016	1242882	3872	1222	NZ_CP128152.1		GCF_030292135.1	2026189	
1058	WP_173601731.1,WP_087994548.1	12691	16557	3872	1222	NZ_JAUPEZ010000007.1		GCF_030971925.1	2026187	
1059	WP_318581964.1,WP_318581965.1	167799	171665	3872	1222	NZ_JAWLLB010000003.1		GCF_033485235.1	2026186	
1060	WP_000192959.1,WP_000067616.1	197792	201658	3872	1222	NZ_JAWXWS010000009.1		GCF_033841785.1	3094883	
1061	WP_061183172.1,WP_073530310.1	90958	94824	3872	1222	NZ_JAYGBC010000081.1		GCF_035618075.1	2026187	
1062	WP_000067616.1,WP_000192959.1	8459	12325	3872	1222	NZ_JAYGBF010000137.1		GCF_035618095.1	2026186	
1063	WP_000067616.1,WP_000192960.1	5578	9444	3872	1222	NZ_JAYGBG010000253.1		GCF_035618135.1	2026186	
1064	WP_001993795.1,WP_000192960.1	4753	8619	3872	1222	NZ_JAYGBH010000270.1		GCF_035618155.1	2026186	
1065	WP_073530310.1,WP_061183172.1	1283015	1286881	3872	1222	NZ_JAYGBK010000001.1		GCF_035618175.1	2026187	
1066	WP_073530310.1,WP_061183172.1	1283017	1286883	3872	1222	NZ_JAYGBL010000001.1		GCF_035618215.1	2026187	
1067	WP_061183172.1,WP_073530310.1	172085	175951	3872	1222	NZ_JAYGBI010000088.1		GCF_035618235.1	2026187	
1068	WP_073530310.1,WP_061183172.1	3417114	3420980	3872	1222	NZ_JAYGBM010000001.1		GCF_035618255.1	2026187	
1069	WP_000067616.1,WP_000192959.1	722006	725872	3872	1222	NZ_JAYGBN010000001.1		GCF_035618275.1	2026186	
1070	WP_000067616.1,WP_000192959.1	298120	301986	3872	1222	NZ_JAYGBT010000001.1		GCF_035618335.1	2026186	
1071	WP_000067616.1,WP_000192959.1	19567	23433	3872	1222	NZ_JAYGBQ010000004.1		GCF_035618375.1	2026186	
1072	WP_061131564.1,WP_076874056.1	1240637	1244503	3872	1222	NZ_JAYGBR010000001.1		GCF_035618395.1	2026186	
1073	WP_000192959.1,WP_000067616.1	1282491	1286357	3872	1222	NZ_CP040880.1		GCF_030440255.1	2026186	
1074	WP_000192959.1,WP_000067616.1	39064	42930	3872	1222	NZ_JAUKFX010000034.1		GCF_030486745.1	2026186	
1075	WP_000067616.1,WP_000192959.1	6571	10437	3872	1222	NZ_JAUKFW010000018.1		GCF_030487705.1	2026186	
1076	WP_061185267.1,WP_103102088.1	1492776	1496642	3872	1222	NZ_JASCSD010000001.1		GCF_030517735.1	2026186	
1077	WP_000067616.1,WP_000192959.1	93742	97608	3872	1222	NZ_JAYGBZ010000008.1		GCF_035618435.1	2026186	
1078	WP_061183172.1,WP_073530310.1	4506	8372	3872	1222	NZ_JAYGBX010000202.1		GCF_035618455.1	2026187	
1079	WP_061183172.1,WP_073530310.1	4289963	4293829	3872	1222	NZ_JAYGBV010000001.1		GCF_035618475.1	2026187	
1080	WP_061183172.1,WP_073530310.1	77403	81269	3872	1222	NZ_JAYGBW010000114.1		GCF_035618515.1	2026187	
1081	WP_000192977.1,WP_074567598.1	1269674	1273540	3872	1222	NZ_CP142003.1		GCF_035666115.1	2026187	
1082	WP_001990996.1,WP_153577152.1	1249300	1253166	3872	1222	NZ_CP135601.1		GCF_032401745.1	3077323	
1083	WP_270706173.1,WP_270706171.1	207453	211319	3872	1222	NZ_JAWEUF010000012.1		GCF_032480655.1	1409	
1084	WP_000067616.1,WP_000192959.1	109834	113700	3872	1222	NZ_JAWXWA010000008.1		GCF_033842315.1	3094865	
1085	WP_061131564.1,WP_076874056.1	331771	335637	3872	1222	NZ_JAWXDP010000003.1		GCF_033843165.1	2026186	
1086	WP_309172281.1,WP_309172282.1	204276	208142	3872	1222	NZ_JAVIUL010000004.1		GCF_031197975.1	2026186	
1087	WP_242251010.1,WP_242251013.1	1234902	1238768	3872	1222	NZ_CP091444.1		GCF_031216075.1	1396	
1088	WP_000192974.1,WP_000067623.1	340997	344863	3872	1222	NZ_JARSKT010000004.1		GCF_035810615.1	2026186	
1089	WP_087984771.1,WP_305163691.1	85649	89515	3872	1222	NZ_JAUUTV010000018.1		GCF_030676405.1	1890302	
1090	WP_000192959.1,WP_000067616.1	200492	204358	3872	1222	NZ_JAWXXD010000002.1		GCF_033841525.1	3094894	
1091	WP_000067616.1,WP_000192959.1	110169	114035	3872	1222	NZ_JAWXXE010000005.1		GCF_033841545.1	3094895	
1092	WP_000192959.1,WP_000067616.1	75514	79380	3872	1222	NZ_JAWXXC010000005.1		GCF_033841565.1	3094893	
1093	WP_000192959.1,WP_000067616.1	191334	195200	3872	1222	NZ_JAWXXB010000001.1		GCF_033841575.1	3094892	
1094	WP_000067616.1,WP_000192959.1	171967	175833	3872	1222	NZ_JAWXXA010000003.1		GCF_033841625.1	3094891	
1095	WP_000192959.1,WP_000067616.1	200514	204380	3872	1222	NZ_JAWXWZ010000002.1		GCF_033841645.1	3094890	
1096	WP_000192959.1,WP_000067616.1	39105	42971	3872	1222	NZ_JAWXWX010000012.1		GCF_033841665.1	3094888	
1097	WP_000192959.1,WP_000067616.1	39059	42925	3872	1222	NZ_JAWXWY010000006.1		GCF_033841675.1	3094889	
1098	WP_000067616.1,WP_000192959.1	109818	113684	3872	1222	NZ_JAWXWW010000008.1		GCF_033841705.1	3094887	
1099	WP_000192959.1,WP_000067616.1	39105	42971	3872	1222	NZ_JAWXWV010000034.1		GCF_033841725.1	3094886	
1100	WP_000067616.1,WP_000192959.1	251142	255008	3872	1222	NZ_JAWXWU010000004.1		GCF_033841745.1	3094885	
1101	WP_000192959.1,WP_000067616.1	39078	42944	3872	1222	NZ_JAWXWR010000010.1		GCF_033841755.1	3094882	
1102	WP_001978363.1,WP_001978361.1	3994285	3998151	3872	1222	NZ_CP119875.1		GCF_031357045.1	2026188	
1103	WP_048526752.1,WP_071758952.1	1199132	1202998	3872	1222	NZ_CP139483.1		GCF_034259245.1	3098592	
1104	WP_000192959.1,WP_000067616.1	201866	205732	3872	1222	NZ_JAXGFK010000003.1		GCF_034105505.1	2026186	
1105	WP_061183172.1,WP_073530310.1	4754	8620	3872	1222	NZ_JAYGBD010000225.1		GCF_035618055.1	2026187	
1106	WP_073530310.1,WP_061183172.1	1282164	1286030	3872	1222	NZ_JAYGBU010000001.1		GCF_035618415.1	2026187	
1107	WP_000067627.1,WP_000192967.1	118337	122203	3872	1222	NZ_JARLFQ010000011.1		GCF_035803435.1	1392	
1108	WP_000192960.1,WP_000067616.1	75540	79406	3872	1222	NZ_VKPN01000008.1		GCF_031316725.1	2026186	
1109	WP_061183172.1,WP_073530310.1	15947	19813	3872	1222	NZ_JAYGBA010000138.1		GCF_035617995.1	2026187	
1110	WP_061183172.1,WP_073530310.1	4729	8595	3872	1222	NZ_JAYGAZ010000314.1		GCF_035618015.1	2026187	
1111	WP_061183172.1,WP_073530310.1	4615	8481	3872	1222	NZ_JAYGBB010000264.1		GCF_035618025.1	2026187	
1112	WP_000192978.1,WP_000067650.1	8234	12100	3872	1222	NZ_DALYZR010000001.1		GCF_031983925.1	1409	
1113	WP_000067629.1,WP_000192971.1	465793	469659	3872	1222	NZ_JARVGB010000003.1		GCF_030876775.1	1396	
1114	WP_242298510.1,WP_242298512.1	332012	335878	3872	1222	NZ_JAVFHS010000002.1		GCF_030907865.1	1396	
1115	WP_173601731.1,WP_087994548.1	15499	19365	3872	1222	NZ_JAUPEY010000010.1		GCF_030971845.1	2026187	
1116	WP_087984771.1,WP_306007607.1	436373	440239	3872	1222	NZ_JASHJA010000003.1		GCF_030733445.1	3047081	
1117	WP_306185088.1,WP_306185090.1	137926	141792	3872	1222	NZ_JAVBIS010000003.1		GCF_030757775.1	3067779	
1118	WP_001990994.1,WP_001990996.1	885371	889237	3872	1222	NZ_JAXCGE010000005.1		GCF_033989415.1	3097548	
1119	WP_000067616.1,WP_000192959.1	236189	240055	3872	1222	NZ_JAXGFL010000001.1		GCF_034105455.1	2026186	
1120	WP_000192959.1,WP_000067616.1	201866	205732	3872	1222	NZ_JAXGFJ010000001.1		GCF_034105465.1	2026186	
1121	WP_168897600.1,WP_070172312.1	477325	481191	3872	1222	NZ_JALKIB010000001.1		GCF_035780495.1	1392	
1122	WP_325804077.1,WP_242298512.1	184031	187897	3872	1222	NZ_JARLBW010000025.1		GCF_035801595.1	1392	
1123	WP_088119097.1,WP_088119096.1	18924	22790	3872	1222	NZ_JARLCH010000020.1		GCF_035801815.1	1392	
1124	WP_000067618.1,WP_000192964.1	118132	121998	3872	1222	NZ_JARLDC010000014.1		GCF_035802195.1	1392	
1125	WP_326039095.1,WP_168897600.1	456356	460222	3872	1222	NZ_JARLEM010000006.1		GCF_035802875.1	1392	
1126	WP_326042554.1,WP_326042555.1	218921	222787	3872	1222	NZ_JARLEP010000010.1		GCF_035802955.1	1392	
1127	WP_000192976.1,WP_000067626.1	73830	77696	3872	1222	NZ_JARLXG010000011.1		GCF_036209125.1	2026186	
1128	WP_000192976.1,WP_000067626.1	6196	10062	3872	1222	NZ_JARLXH010000003.1		GCF_036209145.1	2026186	
1129	WP_000067626.1,WP_000192976.1	177720	181586	3872	1222	NZ_JARLXI010000013.1		GCF_036209165.1	2026186	
1130	WP_000067616.1,WP_000192960.1	11667	15533	3872	1222	NZ_JARLXL010000082.1		GCF_036209225.1	2026186	
1131	WP_000067626.1,WP_000192976.1	173654	177520	3872	1222	NZ_JARLXM010000032.1		GCF_036209285.1	2026186	
1132	WP_327801295.1,WP_327811257.1	182733	186599	3872	1222	NZ_JARLXS010000006.1		GCF_036209345.1	2026190	
1133	WP_327805978.1,WP_327805979.1	171463	175329	3872	1222	NZ_JARLXU010000014.1		GCF_036209375.1	2026190	
1134	WP_327801295.1,WP_327811257.1	20751	24617	3872	1222	NZ_JARLXT010000018.1		GCF_036209385.1	2026190	
1135	WP_327801295.1,WP_327801296.1	183246	187112	3872	1222	NZ_JARLXV010000011.1		GCF_036209425.1	2026190	
1136	WP_327812425.1,WP_327812426.1	185604	189470	3872	1222	NZ_JARLXW010000004.1		GCF_036209445.1	2026190	
1137	WP_087984771.1,WP_088062531.1	896401	900267	3872	1222	NZ_JAZGJV010000001.1		GCF_036408975.1	2983392	
1138	WP_074567598.1,WP_000192977.1	559590	563456	3872	1222	NZ_JAZHPJ010000002.1		GCF_036543265.1	2026187	
1139	WP_000192960.1,WP_000067616.1	29419	33285	3872	1222	NZ_JARSPI010000036.1		GCF_035812995.1	2026186	
1140	WP_000067616.1,WP_000192960.1	178603	182469	3872	1222	NZ_JARSPJ010000022.1		GCF_035813035.1	2026186	
1141	WP_332298026.1,WP_332298027.1	176390	180256	3872	1222	NZ_JAZIFD010000004.1		GCF_036621295.1	1428	
1142	WP_101195534.1,WP_101195533.1	176868	180734	3872	1222	NZ_JBAJIN010000029.1		GCF_036867115.1	1396	
1143	WP_073517496.1,WP_073517497.1	762679	766545	3872	1222	NZ_JARJHK010000002.1		GCF_036903495.1	2026190	
1144	WP_000192976.1,WP_000067626.1	73872	77738	3872	1222	NZ_JARMBO010000024.1		GCF_036211385.1	2026186	
1145	WP_000192978.1,WP_061183172.1	42619	46485	3872	1222	NZ_JARMBZ010000003.1		GCF_036211605.1	2026187	
1146	WP_000067626.1,WP_000192976.1	430899	434765	3872	1222	NZ_JARMCJ010000010.1		GCF_036211825.1	2026186	
1147	WP_000192959.1,WP_000067620.1	58137	62003	3872	1222	NZ_JARMCL010000033.1		GCF_036211885.1	2026186	
1148	WP_000192976.1,WP_000067626.1	156434	160300	3872	1222	NZ_JARMCO010000017.1		GCF_036211905.1	2026186	
1149	WP_000067626.1,WP_000192976.1	173064	176930	3872	1222	NZ_JARMCQ010000011.1		GCF_036211945.1	2026186	
1150	WP_000067623.1,WP_000192974.1	3278938	3282804	3872	1222	NZ_JAYSGT010000001.1		GCF_035872015.1	2026186	
1151	WP_044792768.1,WP_044792770.1	220971	224837	3872	1222	NZ_JARLYT010000002.1		GCF_036209925.1	2026186	
1152	WP_053602028.1,WP_053602024.1	134395	140863	3512	1222	NZ_JARLYU010000012.1		GCF_036209965.1	1840411	
1153	WP_000067616.1,WP_000192960.1	315456	319322	3872	1222	NZ_JARLYV010000005.1		GCF_036209995.1	2026186	
1154	WP_061131565.1,WP_061131564.1	172523	176389	3872	1222	NZ_JARLZU010000005.1		GCF_036210445.1	2026186	
1155	WP_000067626.1,WP_000192976.1	431058	434924	3872	1222	NZ_JARMCV010000003.1		GCF_036212025.1	2026186	
1156	WP_327923536.1,WP_327923535.1	171923	175789	3872	1222	NZ_JARMCY010000004.1		GCF_036212105.1	2026186	
1157	WP_327923535.1,WP_327923536.1	354655	358521	3872	1222	NZ_JARMCZ010000010.1		GCF_036212165.1	2026186	
1158	WP_073530310.1,WP_061183172.1	304809	308675	3872	1222	NZ_JARMDC010000018.1		GCF_036212185.1	2026187	
1159	WP_000192976.1,WP_000067626.1	73872	77738	3872	1222	NZ_JARMAC010000014.1		GCF_036210645.1	2026186	
1160	WP_000192976.1,WP_000067626.1	156545	160411	3872	1222	NZ_JARMAG010000010.1		GCF_036210705.1	2026186	
1161	WP_000192976.1,WP_000067626.1	301643	305509	3872	1222	NZ_JARMAF010000016.1		GCF_036210715.1	2026186	
1162	WP_000067626.1,WP_000192976.1	8356	12222	3872	1222	NZ_JARMAL010000040.1		GCF_036210805.1	2026186	
1163	WP_000067626.1,WP_000192976.1	219735	223601	3872	1222	NZ_JARMAK010000020.1		GCF_036210825.1	2026186	
1164	WP_000192976.1,WP_000067626.1	73744	77610	3872	1222	NZ_JARMAN010000016.1		GCF_036210835.1	2026186	
1165	WP_000192976.1,WP_000067626.1	73636	77502	3872	1222	NZ_JARMAO010000002.1		GCF_036210845.1	2026186	
1166	WP_000192976.1,WP_000067626.1	73942	77808	3872	1222	NZ_JARMAM010000019.1		GCF_036210875.1	2026186	
1167	WP_000067626.1,WP_000192976.1	173118	176984	3872	1222	NZ_JARMAP010000014.1		GCF_036210905.1	2026186	
1168	WP_000067626.1,WP_000192976.1	219691	223557	3872	1222	NZ_JARMAR010000007.1		GCF_036210925.1	2026186	
1169	WP_000192976.1,WP_000067626.1	73917	77783	3872	1222	NZ_JARMAS010000010.1		GCF_036210935.1	2026186	
1170	WP_000192976.1,WP_000067626.1	73745	77611	3872	1222	NZ_JARMAQ010000001.1		GCF_036210945.1	2026186	
1171	WP_000192976.1,WP_000067626.1	156739	160605	3872	1222	NZ_JARMAT010000005.1		GCF_036210985.1	2026186	
1172	WP_000192976.1,WP_000067626.1	301748	305614	3872	1222	NZ_JARMAY010000011.1		GCF_036211025.1	2026186	
1173	WP_000067626.1,WP_000192976.1	430916	434782	3872	1222	NZ_JARMAU010000002.1		GCF_036211035.1	2026186	
1174	WP_000192976.1,WP_000067626.1	73753	77619	3872	1222	NZ_JARMAX010000015.1		GCF_036211045.1	2026186	
1175	WP_000067626.1,WP_000192976.1	429856	433722	3872	1222	NZ_JARMAV010000008.1		GCF_036211055.1	2026186	
1176	WP_000192976.1,WP_000067626.1	301811	305677	3872	1222	NZ_JARMBE010000024.1		GCF_036211125.1	2026186	
1177	WP_000192976.1,WP_000067626.1	156445	160311	3872	1222	NZ_JARMBB010000007.1		GCF_036211145.1	2026186	
1178	WP_000067626.1,WP_000192976.1	327060	330926	3872	1222	NZ_JARMBC010000015.1		GCF_036211155.1	2026186	
1179	WP_000067626.1,WP_000192976.1	430968	434834	3872	1222	NZ_JARMBD010000006.1		GCF_036211205.1	2026186	
1180	WP_000192976.1,WP_000067626.1	27043	30909	3872	1222	NZ_JARMBF010000013.1		GCF_036211215.1	2026186	
1181	WP_000192976.1,WP_000067626.1	73600	77466	3872	1222	NZ_JARMBH010000001.1		GCF_036211225.1	2026186	
1182	WP_000192976.1,WP_000067626.1	156475	160341	3872	1222	NZ_JARMBG010000015.1		GCF_036211245.1	2026186	
1183	WP_000067626.1,WP_000192976.1	80478	84344	3872	1222	NZ_JARMBI010000023.1		GCF_036211255.1	2026186	
1184	WP_000067626.1,WP_000192976.1	50652	54518	3872	1222	NZ_JARMBL010000027.1		GCF_036211285.1	2026186	
1185	WP_000192976.1,WP_000067626.1	73826	77692	3872	1222	NZ_JARMBJ010000010.1		GCF_036211305.1	2026186	
1186	WP_000067626.1,WP_000192976.1	6846	10712	3872	1222	NZ_JARMBK010000021.1		GCF_036211325.1	2026186	
1187	WP_000067626.1,WP_000192976.1	425468	429334	3872	1222	NZ_JARMBM010000002.1		GCF_036211345.1	2026186	
1188	WP_000192959.1,WP_000067616.1	1292875	1296741	3872	1222	NZ_JAFLOH010000001.1		GCF_036851275.1	2026186	
1189	WP_000192960.1,WP_000067616.1	1246169	1250035	3872	1222	NZ_JAFLOI010000001.1		GCF_036851295.1	2026186	
1190	WP_000192967.1,WP_202321739.1	1293952	1297818	3872	1222	NZ_JAFLPL010000001.1		GCF_036851355.1	2816448	
1191	WP_000067616.1,WP_000192960.1	2414044	2417910	3872	1222	NZ_JAFLOO010000001.1		GCF_036851415.1	2026186	
1192	WP_000192959.1,WP_000067616.1	1338590	1342456	3872	1222	NZ_JAFLOP010000001.1		GCF_036851435.1	2026186	
1193	WP_000192959.1,WP_000067616.1	1300116	1303982	3872	1222	NZ_JAFLOR010000001.1		GCF_036851455.1	2026186	
1194	WP_061183172.1,WP_073530310.1	3970477	3974343	3872	1222	NZ_JAFLOQ010000001.1		GCF_036851475.1	2026187	
1195	WP_000192959.1,WP_000067616.1	1287578	1291444	3872	1222	NZ_JAFLOT010000001.1		GCF_036851515.1	2026186	
1196	WP_000192959.1,WP_000067616.1	1290007	1293873	3872	1222	NZ_JAFLOU010000001.1		GCF_036851535.1	2026186	
1197	WP_333726380.1,WP_152155157.1	1261475	1265341	3872	1222	NZ_JAFLPM010000001.1		GCF_036851575.1	2816449	
1198	WP_000192959.1,WP_000067616.1	1302972	1306838	3872	1222	NZ_JAFLOZ010000001.1		GCF_036851635.1	2026186	
1199	WP_000192959.1,WP_000067616.1	1310536	1314402	3872	1222	NZ_JAFLPA010000001.1		GCF_036851675.1	2026186	
1200	WP_046198555.1,WP_046198554.1	1222372	1226238	3872	1222	NZ_JAFLPC010000001.1		GCF_036851695.1	2026186	
1201	WP_000192978.1,WP_000067650.1	1303491	1307357	3872	1222	NZ_JAFLPB010000001.1		GCF_036851715.1	2026187	
1202	WP_000192959.1,WP_000067616.1	1284670	1288536	3872	1222	NZ_JAFLPE010000001.1		GCF_036851735.1	2026186	
1203	WP_333728991.1,WP_061185267.1	1301579	1305445	3872	1222	NZ_JAFLPG010000001.1		GCF_036851755.1	2026186	
1204	WP_000192978.1,WP_000067650.1	1317124	1320990	3872	1222	NZ_JAFLPF010000001.1		GCF_036851775.1	2026187	
1205	WP_000192959.1,WP_000067616.1	1287259	1291125	3872	1222	NZ_JAFLPI010000001.1		GCF_036851795.1	2026186	
1206	WP_144507396.1,WP_000067619.1	268647	272513	3872	1222	NZ_JARLBX010000001.1		GCF_035988905.1	1392	
1207	WP_000193004.1,WP_074570428.1	30406	34272	3872	1222	NZ_JARSWC010000032.1		GCF_035988925.1	2026188	
1208	WP_327805978.1,WP_327805979.1	171411	175277	3872	1222	NZ_JARLXX010000036.1		GCF_036209545.1	2026190	
1209	WP_327814997.1,WP_098586038.1	357675	361541	3872	1222	NZ_JARLYB010000005.1		GCF_036209565.1	2026190	
1210	WP_000067616.1,WP_000192959.1	6559	10425	3872	1222	NZ_JARJKT010000003.1		GCF_036945905.1	2026186	
1211	WP_000192959.1,WP_000067616.1	376080	379946	3872	1222	NZ_JARJKU010000003.1		GCF_036945925.1	2026186	
1212	WP_000067616.1,WP_000192959.1	6559	10425	3872	1222	NZ_JARJKV010000003.1		GCF_036946105.1	2026186	
1213	WP_326042554.1,WP_326042555.1	109686	113552	3872	1222	NZ_JARSOF010000012.1		GCF_035812415.1	1392	
1214	WP_000193004.1,WP_071708929.1	42311	46177	3872	1222	NZ_JARSTO010000023.1		GCF_035814815.1	2026188	
1215	WP_029437891.1,WP_197244877.1	94130	97996	3872	1222	NZ_JARMMO010000011.1		GCF_036216985.1	2026188	
1216	WP_075308513.1,WP_075308511.1	38923	42789	3872	1222	NZ_JARMMZ010000027.1		GCF_036217205.1	1890302	
1217	WP_029437892.1,WP_029437891.1	438168	442034	3872	1222	NZ_JARMNA010000017.1		GCF_036217225.1	2026188	
1218	WP_087984771.1,WP_087984772.1	174077	177943	3872	1222	NZ_JARMNB010000013.1		GCF_036217245.1	1890302	
1219	WP_088048344.1,WP_088048343.1	5429	9295	3872	1222	NZ_JARMNG010000031.1		GCF_036217345.1	1890302	
1220	WP_088092201.1,WP_088092202.1	9959	13825	3872	1222	NZ_JARMNH010000043.1		GCF_036217365.1	1890302	
1221	WP_087965409.1,WP_087965407.1	26012	29878	3872	1222	NZ_JARMNI010000052.1		GCF_036217385.1	2026188	
1222	WP_000193002.1,WP_001061542.1	188392	192258	3872	1222	NZ_JARMPR010000002.1		GCF_036218545.1	1890302	
1223	WP_073542628.1,WP_000193004.1	34299	38165	3872	1222	NZ_JARMPS010000040.1		GCF_036218625.1	2026188	
1224	WP_086707399.1,WP_061185267.1	110555	114421	3872	1222	NZ_JARMAD010000012.1		GCF_036210625.1	2026186	
1225	WP_000067626.1,WP_000192976.1	431156	435022	3872	1222	NZ_JARMAW010000014.1		GCF_036211005.1	2026186	
1226	WP_074567598.1,WP_000192977.1	108903	112769	3872	1222	NZ_JARMCR010000002.1		GCF_036211965.1	2026187	
1227	WP_000193004.1,WP_074570428.1	30406	34272	3872	1222	NZ_JARSWF010000007.1		GCF_035816175.1	2026188	
1228	WP_074570428.1,WP_000193004.1	45705	49571	3872	1222	NZ_JARSWI010000038.1		GCF_035816275.1	2026188	
1229	WP_074570428.1,WP_000193004.1	45706	49572	3872	1222	NZ_JARSWT010000036.1		GCF_035816435.1	2026188	
1230	WP_000193004.1,WP_074570428.1	30406	34272	3872	1222	NZ_JARSWS010000028.1		GCF_035816515.1	2026188	
1231	WP_000193004.1,WP_074570428.1	30492	34358	3872	1222	NZ_JARSWZ010000025.1		GCF_035816555.1	2026188	
1232	WP_000193004.1,WP_074570428.1	30526	34392	3872	1222	NZ_JARSXL010000032.1		GCF_035816795.1	2026188	
1233	WP_074570428.1,WP_000193004.1	45705	49571	3872	1222	NZ_JARSXN010000025.1		GCF_035816865.1	2026188	
1234	WP_074570428.1,WP_000193004.1	45706	49572	3872	1222	NZ_JARSXP010000029.1		GCF_035816895.1	2026188	
1235	WP_000067626.1,WP_000192976.1	80585	84451	3872	1222	NZ_JARSZC010000014.1		GCF_035817655.1	2026186	
1236	WP_326305339.1,WP_000192960.1	178879	182745	3872	1222	NZ_JARSZF010000014.1		GCF_035817755.1	2026186	
1237	WP_164690582.1,WP_326294371.1	173989	177855	3872	1222	NZ_JARSZS010000011.1		GCF_035817995.1	2026188	
1238	WP_326349296.1,WP_152155157.1	484516	488382	3872	1222	NZ_JAYKZE010000005.1		GCF_035818755.1	3096776	
1239	WP_256489281.1,WP_256489282.1	366856	370722	3872	1222	NZ_JAYSGS010000002.1		GCF_035871995.1	2026186	
1240	WP_064476769.1,WP_064476770.1	743860	747726	3872	1222	NZ_JARMRD010000001.1		GCF_036219225.1	1890302	
1241	WP_074570428.1,WP_000193004.1	45705	49571	3872	1222	NZ_JARMER010000015.1		GCF_036213005.1	2026188	
1242	WP_327987579.1,WP_327987581.1	63189	67055	3872	1222	NZ_JARMGN010000047.1		GCF_036213905.1	1890302	
1243	WP_087984772.1,WP_087984771.1	177323	181189	3872	1222	NZ_JARMHE010000020.1		GCF_036214245.1	1890302	
1244	WP_097857474.1,WP_327958026.1	261427	265293	3872	1222	NZ_JARMHN010000004.1		GCF_036214405.1	1890302	
1245	WP_087984771.1,WP_088062531.1	499338	503204	3872	1222	NZ_JARMLM010000005.1		GCF_036216405.1	1890302	
1246	WP_048526752.1,WP_071758952.1	1252203	1256069	3872	1222	NZ_CP142670.1		GCF_036287315.1	2026189	
1247	WP_098650176.1,WP_048561473.1	4146505	4150371	3872	1222	NZ_JAZDWG010000001.1		GCF_036350675.1	1890302	
1248	WP_071722186.1,WP_144534807.1	22259	26125	3872	1222	NZ_JARTFK010000006.1		GCF_036221205.1	2026190	
1249	WP_000067623.1,WP_332869158.1	27900	31766	3872	1222	NZ_JBAFUI010000005.1		GCF_036688425.1	2026186	
1250	WP_000192974.1,WP_000067623.1	364288	368154	3872	1222	NZ_JBBAGU010000003.1		GCF_037120845.1	2026186	
1251	WP_071758952.1,WP_270672716.1	480700	484566	3872	1222	NZ_JBBAGY010000001.1		GCF_037120865.1	2026189	
1252	WP_336589622.1,WP_336589623.1	479019	482885	3872	1222	NZ_JBBAHH010000002.1		GCF_037120875.1	2026189	
1253	WP_071758952.1,WP_270672716.1	108224	112090	3872	1222	NZ_JBBAHG010000006.1		GCF_037120885.1	2026189	
1254	WP_071758952.1,WP_270672716.1	480722	484588	3872	1222	NZ_JBBAHA010000001.1		GCF_037120965.1	2026189	
1255	WP_000192974.1,WP_000067623.1	364298	368164	3872	1222	NZ_JBBAGP010000003.1		GCF_037120975.1	2026186	
1256	WP_270672716.1,WP_071758952.1	170993	174859	3872	1222	NZ_JBBAGZ010000001.1		GCF_037121005.1	2026189	
1257	WP_000192974.1,WP_000067623.1	364298	368164	3872	1222	NZ_JBBAGN010000003.1		GCF_037121025.1	2026186	
1258	WP_000192974.1,WP_000067623.1	364298	368164	3872	1222	NZ_JBBAGS010000003.1		GCF_037121045.1	2026186	
1259	WP_000192974.1,WP_000067623.1	113683	117549	3872	1222	NZ_JBBAGQ010000005.1		GCF_037121065.1	2026186	
1260	WP_270672716.1,WP_071758952.1	177840	181706	3872	1222	NZ_JBBAHF010000007.1		GCF_037121085.1	2026189	
1261	WP_000192974.1,WP_000067623.1	364288	368154	3872	1222	NZ_JBBAGR010000003.1		GCF_037121095.1	2026186	
1262	WP_000192974.1,WP_000067623.1	364288	368154	3872	1222	NZ_JBBAGT010000003.1		GCF_037121105.1	2026186	
1263	WP_046198555.1,WP_046198554.1	1219339	1223205	3872	1222	NZ_JAFLOG010000001.1		GCF_036851255.1	2026186	
1264	WP_353811440.1,WP_016133928.1	4124958	4128824	3872	1222	NZ_JARVHP010000001.1		GCF_040459695.1	3040259	
1265	WP_061131565.1,WP_061131564.1	4099660	4103526	3872	1222	NZ_JARVHN010000001.1		GCF_040459765.1	3040257	
1266	WP_000067616.1,WP_000192959.1	3997952	4001818	3872	1222	NZ_JARVHM010000001.1		GCF_040459795.1	3040256	
1267	WP_000192960.1,WP_000067616.1	3581503	3585369	3872	1222	NZ_CP129604.1		GCF_037157755.1	2026186	
1268	WP_042513076.1,WP_000192967.1	591088	594954	3872	1222	NZ_JBAKEH010000001.1		GCF_037168165.1	1392	
1269	WP_000192974.1,WP_000067623.1	364298	368164	3872	1222	NZ_JBBAGO010000003.1		GCF_037199665.1	2026186	
1270	WP_242251013.1,WP_242251010.1	447813	451679	3872	1222	NZ_JBAOJW010000002.1		GCF_037083485.1	3122062	
1271	WP_242251013.1,WP_242251010.1	447813	451679	3872	1222	NZ_JBAOJT010000002.1		GCF_037083625.1	3122065	
1272	WP_097857474.1,WP_088062531.1	479845	483711	3872	1222	NZ_JAIQVJ010000002.1		GCF_037907685.1	1890302	
1273	WP_061657108.1,WP_061657109.1	60726	64592	3872	1222	NZ_JBBOTH010000003.1		GCF_038005465.1	2921412	
1274	WP_098101835.1,WP_098101837.1	893071	896937	3872	1222	NZ_JBBOTJ010000001.1		GCF_038005545.1	2921566	
1275	WP_095842669.1,WP_061185267.1	1304003	1307869	3872	1222	NZ_JBBOTL010000001.1		GCF_038005585.1	2954624	
1276	WP_029437891.1,WP_061686364.1	1353346	1357212	3872	1222	NZ_JBBOUL010000001.1		GCF_038006005.1	2921595	
1277	WP_016716913.1,WP_016716914.1	1317422	1321288	3872	1222	NZ_JBBOWD010000001.1		GCF_038006905.1	2921594	
1278	WP_098521092.1,WP_098521091.1	2320765	2324631	3872	1222	NZ_JBBOXD010000001.1		GCF_038007425.1	2921581	
1279	WP_088106952.1,WP_001061542.1	1247432	1251298	3872	1222	NZ_JBBOYR010000001.1		GCF_038008185.1	2921537	
1280	WP_071758952.1,WP_270672716.1	108224	112090	3872	1222	NZ_JBBAHD010000009.1		GCF_037120815.1	2026189	
1281	WP_000192976.1,WP_000067626.1	156454	160320	3872	1222	NZ_JARMCP010000001.1		GCF_037907305.1	2026186	
1282	WP_256489282.1,WP_256489281.1	372470	376336	3872	1222	NZ_JANIFS010000003.1		GCF_040259535.1	2968449	
1283	WP_000067616.1,WP_000192959.1	296010	299876	3872	1222	NZ_JBAMFT010000003.1		GCF_036964805.1	2026186	
1284	WP_000193004.1,WP_000105762.1	352079	355945	3872	1222	NZ_JBBEWK010000001.1		GCF_037414965.1	2026188	
1285	WP_001978363.1,WP_001978361.1	428183	432049	3872	1222	NZ_JAZBHD010000002.1		GCF_037623965.1	2026188	
1286	WP_000192960.1,WP_326305339.1	212252	216118	3872	1222	NZ_JAZDXB010000001.1		GCF_039889105.1	2026186	
1287	WP_098521091.1,WP_098521092.1	36777	40643	3872	1222	NZ_JBEDNV010000014.1		GCF_040105285.1	2026189	
1288	WP_098555455.1,WP_336448293.1	4679	8545	3872	1222	NZ_JBAWLH010000015.1		GCF_037095175.1	1396	
1289	WP_242251013.1,WP_242251010.1	447813	451679	3872	1222	NZ_JBBBBL010000002.1		GCF_037120585.1	3125800	
1290	WP_166688939.1,WP_336590668.1	686231	690097	3872	1222	NZ_JBBAGX010000002.1		GCF_037120745.1	2026189	
1291	WP_270672716.1,WP_071758952.1	170925	174791	3872	1222	NZ_JBBAHE010000001.1		GCF_037120755.1	2026189	
1292	WP_071758952.1,WP_270672716.1	480721	484587	3872	1222	NZ_JBBAHB010000001.1		GCF_037120765.1	2026189	
1293	WP_270672716.1,WP_071758952.1	176181	180047	3872	1222	NZ_JBBAHC010000001.1		GCF_037120805.1	2026189	
1294	WP_000192967.1,WP_042513076.1	1361914	1365780	3872	1222	NZ_JBBOPA010000001.1		GCF_038003405.1	2921478	
1295	WP_342377651.1,WP_342377653.1	3382112	3385978	3872	1222	NZ_CP151867.1		GCF_038561975.1	1428	
1296	WP_353823660.1,WP_353823661.1	4017549	4021415	3872	1222	NZ_JARVHE010000001.1		GCF_040459875.1	3040249	
1297	WP_353823661.1,WP_353823660.1	1335996	1339862	3872	1222	NZ_JARVHG010000001.1		GCF_040459935.1	3040251	
1298	WP_342718598.1,WP_342718599.1	1235415	1239281	3872	1222	NZ_CP152427.1		GCF_038971285.1	2026194	
1299	WP_016088833.1,WP_016088832.1	945822	949688	3872	1222	NZ_JBDKVP010000002.1		GCF_039680825.1	3450427	
1300	WP_098720239.1,WP_098720240.1	4454	8320	3872	1222	NZ_JBEUTN010000016.1		GCF_040492535.1	1890302	
1301	WP_168897600.1,WP_375362119.1	466643	470509	3872	1222	NZ_JBHHOD010000001.1		GCF_042137675.1	1396	
1302	WP_375361454.1,WP_375361455.1	308973	312839	3872	1222	NZ_JBHHNZ010000006.1		GCF_042137695.1	1396	
1303	WP_061131564.1,WP_061131565.1	188478	192344	3872	1222	NZ_JBHHNW010000002.1		GCF_042137815.1	2026186	
1304	WP_071758952.1,WP_048526752.1	912514	916380	3872	1222	NZ_JBHHNT010000001.1		GCF_042137835.1	2026189	
1305	WP_000192974.1,WP_000067623.1	1283334	1287200	3872	1222	NZ_CP169739.1		GCF_042137985.1	2026186	
1306	WP_000192959.1,WP_000067616.1	39255	43121	3872	1222	NZ_JBEPJT010000007.1		GCF_041020705.1	2026186	
1307	WP_000067650.1,WP_000192978.1	622963	626829	3872	1222	NZ_JBFDAN010000002.1		GCF_041021265.1	2026187	
1308	WP_000067616.1,WP_000192960.1	117146	121012	3872	1222	NZ_JBFDTR010000009.1		GCF_041530485.1	2026186	
1309	WP_073517497.1,WP_073517496.1	542502	546368	3872	1222	NZ_JBFDTT010000003.1		GCF_041530595.1	2026190	
1310	WP_088062531.1,WP_087984771.1	363413	367279	3872	1222	NZ_JBFDTU010000003.1		GCF_041530615.1	1890302	
1311	WP_076856137.1,WP_061185267.1	194169	198035	3872	1222	NZ_JBFDTV010000006.1		GCF_041530635.1	2026186	
1312	WP_088062531.1,WP_087984771.1	169290	173156	3872	1222	NZ_JBFDTW010000005.1		GCF_041530655.1	1890302	
1313	WP_088062531.1,WP_087984771.1	169290	173156	3872	1222	NZ_JBFDTX010000005.1		GCF_041530715.1	1890302	
1314	WP_073517497.1,WP_073517496.1	543517	547383	3872	1222	NZ_JBFDTZ010000003.1		GCF_041530795.1	2026190	
1315	WP_073517496.1,WP_073517497.1	111226	115092	3872	1222	NZ_JBFDTY010000003.1		GCF_041530815.1	2026190	
1316	WP_061185267.1,WP_076856137.1	109269	113135	3872	1222	NZ_JBFDUA010000006.1		GCF_041530875.1	2026186	
1317	WP_073517496.1,WP_073517497.1	2319775	2323641	3872	1222	NZ_JBFDUB010000001.1		GCF_041530895.1	2026190	
1318	WP_073517496.1,WP_073517497.1	111226	115092	3872	1222	NZ_JBFDUD010000004.1		GCF_041530915.1	2026190	
1319	WP_372465106.1,WP_372465107.1	243565	247431	3872	1222	NZ_JBFDUC010000003.1		GCF_041530955.1	2026186	
1320	WP_073517497.1,WP_073517496.1	542377	546243	3872	1222	NZ_JBFDUE010000002.1		GCF_041530975.1	2026190	
1321	WP_262725150.1,WP_262725149.1	135620	139486	3872	1222	NZ_JBFDUF010000005.1		GCF_041531015.1	2026186	
1322	WP_000192959.1,WP_000067616.1	2521926	2525792	3872	1222	NZ_JBFDUG010000001.1		GCF_041531035.1	2026186	
1323	WP_270693730.1,WP_270693729.1	151776	155642	3872	1222	NZ_JBFDUI010000007.1		GCF_041531075.1	2026187	
1324	WP_270693730.1,WP_270693729.1	151776	155642	3872	1222	NZ_JBFDUH010000006.1		GCF_041531115.1	2026187	
1325	WP_242299690.1,WP_375867048.1	445201	449067	3872	1222	NZ_JBHJSI010000002.1		GCF_042268725.1	2026188	
1326	WP_088048344.1,WP_088048343.1	11961	15827	3872	1222	NZ_JBHJZJ010000004.1		GCF_042270255.1	1890302	
1327	WP_242299690.1,WP_375867048.1	11097	14963	3872	1222	NZ_JBHTTD010000023.1		GCF_042794835.1	2026188	
1328	WP_061535901.1,WP_061535902.1	29907	33773	3872	1222	NZ_JBFDUJ010000004.1		GCF_041531155.1	2026186	
1329	WP_087984771.1,WP_088062531.1	478309	482175	3872	1222	NZ_JBFDUK010000002.1		GCF_041531255.1	1890302	
1330	WP_000192960.1,WP_000067616.1	198320	202186	3872	1222	NZ_JBFDUL010000001.1		GCF_041531295.1	2026186	
1331	WP_087984771.1,WP_088062531.1	211643	215509	3872	1222	NZ_JBFDUO010000006.1		GCF_041531335.1	1890302	
1332	WP_087984771.1,WP_088062531.1	211643	215509	3872	1222	NZ_JBFDUM010000002.1		GCF_041531355.1	1890302	
1333	WP_000192960.1,WP_000067616.1	28043	31909	3872	1222	NZ_JBFDUP010000013.1		GCF_041531375.1	2026186	
1334	WP_000192960.1,WP_000067616.1	75409	79275	3872	1222	NZ_JBFDUR010000015.1		GCF_041531395.1	2026186	
1335	WP_073517497.1,WP_073517496.1	543348	547214	3872	1222	NZ_JBFDUQ010000001.1		GCF_041531415.1	2026190	
1336	WP_000067616.1,WP_000192960.1	36399	40265	3872	1222	NZ_JBFDUT010000005.1		GCF_041531435.1	2026186	
1337	WP_000192959.1,WP_000067616.1	201047	204913	3872	1222	NZ_JBFDUS010000004.1		GCF_041531475.1	2026186	
1338	WP_073517497.1,WP_073517496.1	543558	547424	3872	1222	NZ_JBFDUW010000001.1		GCF_041531515.1	2026190	
1339	WP_073517496.1,WP_073517497.1	111226	115092	3872	1222	NZ_JBFDUV010000003.1		GCF_041531535.1	2026190	
1340	WP_029437892.1,WP_029437891.1	1793661	1797527	3872	1222	NZ_JBIWHH010000001.1		GCF_044763955.1	2026188	
1341	WP_029437892.1,WP_029437891.1	1794174	1798040	3872	1222	NZ_JBIWHK010000001.1		GCF_044764075.1	2026188	
1342	WP_000192959.1,WP_000067616.1	2669153	2673019	3872	1222	NZ_JARVHK010000001.1		GCF_040459815.1	3040255	
1343	WP_000105762.1,WP_000193004.1	109489	113355	3872	1222	NZ_JBGGPN010000003.1		GCF_041363315.1	2026188	
1344	WP_000192960.1,WP_000067616.1	200411	204277	3872	1222	NZ_JBITVN010000001.1		GCF_044543005.1	2026186	
1345	WP_000067626.1,WP_000192976.1	431247	435113	3872	1222	NZ_JBIVRY010000002.1		GCF_044755945.1	2026186	
1346	WP_000192959.1,WP_000067616.1	200406	204272	3872	1222	NZ_JBEWWD010000002.1		GCF_040538915.1	2026186	
1347	WP_095842669.1,WP_000067623.1	278295	282161	3872	1222	NZ_JBHFHB010000001.1		GCF_041927505.1	3342792	
1348	WP_374997802.1,WP_000193004.1	112073	115939	3872	1222	NZ_JAVAXQ010000003.1		GCF_041955115.1	3055774	
1349	WP_000067650.1,WP_000192978.1	88242	92108	3872	1222	NZ_JBFNPN010000018.1		GCF_040796985.1	2026187	
1350	WP_088048344.1,WP_088048343.1	11867	15733	3872	1222	NZ_JBFNPL010000012.1		GCF_040797035.1	1890302	
1351	WP_088048344.1,WP_088048343.1	11867	15733	3872	1222	NZ_JBFNPO010000007.1		GCF_040797085.1	1890302	
1352	WP_098485891.1,WP_367888061.1	109360	113226	3872	1222	NZ_JBFQEA010000003.1		GCF_040807465.1	1890302	
1353	WP_073530310.1,WP_061183172.1	1275222	1279088	3872	1222	NZ_JBFOAI010000001.1		GCF_040811505.1	2026187	
1354	WP_061183172.1,WP_073530310.1	4462	8328	3872	1222	NZ_JBFOAJ010000003.1		GCF_040811665.1	2026187	
1355	WP_053602028.1,WP_053602024.1	134320	140788	3512	1222	NZ_JBHLXR010000003.1		GCF_042432145.1	1840411	
1356	WP_097852229.1,WP_098298535.1	238443	242309	3872	1222	NZ_JBGCUA010000008.1		GCF_041106215.1	2026188	
1357	WP_242299690.1,WP_375867048.1	4774	8640	3872	1222	NZ_JBHVDW010000066.1		GCF_042802575.1	2026188	
1358	WP_097816645.1,WP_390258100.1	468937	472803	3872	1222	NZ_JBIAEX010000002.1		GCF_042868835.1	2026190	
1359	WP_270606428.1,WP_395761350.1	1269645	1273511	3872	1222	NZ_CP172246.1		GCF_044324725.1	3375707	
1360	WP_000105762.1,WP_074565486.1	288585	292451	3872	1222	NZ_JAVAXR010000003.1		GCF_042709255.1	3055775	
1361	WP_372391654.1,WP_158318025.1	372279	376145	3872	1222	NZ_JBGOGU010000002.1		GCF_041520735.1	1392	
1362	WP_073517497.1,WP_073517496.1	542502	546368	3872	1222	NZ_JBFDTS010000003.1		GCF_041530435.1	2026190	
1363	WP_048526752.1,WP_071758952.1	172360	176226	3872	1222	NZ_JBIUFY010000006.1		GCF_044626275.1	2026189	
1364	WP_029437891.1,WP_029437892.1	198436	202302	3872	1222	NZ_JBIWHB010000001.1		GCF_044763855.1	2026188	
1365	WP_029437891.1,WP_029437892.1	198436	202302	3872	1222	NZ_JBIWHC010000001.1		GCF_044763865.1	2026188	
1366	WP_000067623.1,WP_000192974.1	211089	214955	3872	1222	NZ_JBHOQF010000005.1		GCF_042583685.1	2026186	
1367	WP_098201723.1,WP_098962164.1	566550	570416	3872	1222	NZ_JBLOJC010000003.1		GCF_047783345.1	1890302	
1368	WP_000067616.1,WP_000192959.1	4017836	4021702	3872	1222	NZ_CP176690.1		GCF_046272075.1	2026186	
1369	WP_061530860.1,WP_000192967.1	183038	186904	3872	1222	NZ_JAWQUR010000013.1		GCF_045503915.1	1396	
1370	WP_071708929.1,WP_410490493.1	4090785	4094651	3872	1222	NZ_CP128608.1		GCF_046529595.1	2026188	
1371	WP_000192959.1,WP_000067616.1	200100	203966	3872	1222	NZ_JBIQNN010000004.1		GCF_049257295.1	2026186	
1372	WP_000192962.1,WP_000067627.1	1210508	1214374	3872	1222	NZ_CP094428.1		GCF_049902515.1	1396	
1373	WP_000192962.1,WP_000067627.1	1193811	1197677	3872	1222	NZ_CP094432.1		GCF_049902985.1	1396	
1374	WP_000192962.1,WP_000067627.1	1211126	1214992	3872	1222	NZ_CP094430.1		GCF_049903015.1	1396	
1375	WP_000192962.1,WP_000067627.1	1211126	1214992	3872	1222	NZ_CP094434.1		GCF_049903565.1	1396	
1376	WP_000192962.1,WP_000067627.1	1211126	1214992	3872	1222	NZ_CP094436.1		GCF_049903595.1	1396	
1377	WP_000192962.1,WP_000067627.1	1211126	1214992	3872	1222	NZ_CP094437.1		GCF_049904065.1	1396	
1378	WP_163072450.1,WP_061131565.1	264123	267989	3872	1222	NZ_JBNFMY010000002.1		GCF_049942375.1	2026186	
1379	WP_000067620.1,WP_000192959.1	210234	214100	3872	1222	NZ_JBNFZQ010000002.1		GCF_049945275.1	2026186	
1380	WP_417902531.1,WP_417902532.1	169816	173682	3872	1222	NZ_JBLWBB010000013.1		GCF_048285595.1	3401756	
1381	WP_000192967.1,WP_042513076.1	263132	266998	3872	1222	NZ_JBHLSM010000003.1		GCF_045376215.1	1396	
1382	WP_406895131.1,WP_406895132.1	219829	223695	3872	1222	NZ_JBHLJQ010000004.1		GCF_045376235.1	1396	
1383	WP_000192959.1,WP_000067616.1	200399	204265	3872	1222	NZ_JAWMBT010000002.1		GCF_046576265.1	2026186	
1384	WP_000192959.1,WP_000067616.1	200342	204208	3872	1222	NZ_JAWMBW010000006.1		GCF_046576305.1	2026186	
1385	WP_309172282.1,WP_410986075.1	51000	54866	3872	1222	NZ_JAWMBV010000007.1		GCF_046576325.1	2026186	
1386	WP_016716913.1,WP_016716914.1	111120	114986	3872	1222	NZ_JAWMBU010000014.1		GCF_046576345.1	2026187	
1387	WP_000192960.1,WP_270695578.1	349918	353784	3872	1222	NZ_JAWMBR010000003.1		GCF_046576385.1	2026186	
1388	WP_000192959.1,WP_000067616.1	311741	315607	3872	1222	NZ_JAWMBS010000002.1		GCF_046576445.1	2026186	
1389	WP_061183172.1,WP_000192978.1	104125	107991	3872	1222	NZ_JAWMBN010000012.1		GCF_046576465.1	2026187	
1390	WP_000067650.1,WP_000192978.1	525522	529388	3872	1222	NZ_JAWMBK010000003.1		GCF_046576525.1	2026187	
1391	WP_202294123.1,WP_070172312.1	1233162	1237028	3872	1222	NZ_CP136661.1		GCF_047305475.1	3079309	
1392	WP_088062531.1,WP_426959031.1	377741	381607	3872	1222	NZ_JBNLXW010000001.1		GCF_050171765.1	1890302	
1393	WP_088062531.1,WP_087984771.1	13914	17780	3872	1222	NZ_JBNLXY010000008.1		GCF_050171875.1	1890302	
1394	WP_042874671.1,WP_262718920.1	18323	22189	3872	1222	NZ_JBNLYG010000052.1		GCF_050172155.1	3418492	
1395	WP_158318025.1,WP_000192962.1	4505	8371	3872	1222	NZ_JBNLYH010000008.1		GCF_050172235.1	3418491	
1396	WP_088062531.1,WP_087984771.1	108606	112472	3872	1222	NZ_JBNMRH010000003.1		GCF_050188115.1	1890302	
1397	WP_076856137.1,WP_412839126.1	6005	9871	3872	1222	NZ_JBKOJV010000077.1		GCF_047228365.1	2026186	
1398	WP_000067616.1,WP_000192959.1	171792	175658	3872	1222	NZ_JBKOJU010000010.1		GCF_047228425.1	2026186	
1399	WP_000067616.1,WP_000192959.1	109927	113793	3872	1222	NZ_JBKOJS010000012.1		GCF_047228465.1	2026186	
1400	WP_000192959.1,WP_000067616.1	200485	204351	3872	1222	NZ_JBKOJT010000009.1		GCF_047228475.1	2026186	
1401	WP_000192959.1,WP_000067616.1	200485	204351	3872	1222	NZ_JBKOJR010000008.1		GCF_047228505.1	2026186	
1402	WP_000192959.1,WP_000067616.1	75581	79447	3872	1222	NZ_JBKOJQ010000010.1		GCF_047228525.1	2026186	
1403	WP_087984771.1,WP_088062531.1	477364	481230	3872	1222	NZ_JBNNIE010000001.1		GCF_050269335.1	1890302	
1404	WP_087984771.1,WP_088062531.1	476752	480618	3872	1222	NZ_JBNNII010000001.1		GCF_050269435.1	1890302	
1405	WP_087984771.1,WP_088062531.1	476852	480718	3872	1222	NZ_JBNNIM010000001.1		GCF_050269515.1	1890302	
1406	WP_095842669.1,WP_098487019.1	1392577	1396443	3872	1222	NZ_CP117702.1		GCF_045277205.1	3026426	
1407	WP_048561473.1,WP_048561472.1	1231492	1235358	3872	1222	NZ_CP133557.1		GCF_045278805.1	1890302	
1408	WP_138322300.1,WP_265153149.1	144160	148026	3872	1222	NZ_JBJKCH010000009.1		GCF_046547055.1	2026186	
1409	WP_000067616.1,WP_000192959.1	234809	238675	3872	1222	NZ_JAQQGD010000001.1		GCF_046563855.1	2026186	
1410	WP_000192959.1,WP_000067616.1	39020	42886	3872	1222	NZ_JAQQGE010000006.1		GCF_046563875.1	2026186	
1411	WP_000067616.1,WP_000192959.1	171878	175744	3872	1222	NZ_JAQQGF010000002.1		GCF_046564175.1	2026186	
1412	WP_242265163.1,WP_242265164.1	275204	279070	3872	1222	NZ_JAWMCF010000004.1		GCF_046575425.1	3036942	
1413	WP_000192978.1,WP_000067650.1	8360	12226	3872	1222	NZ_JAWMCB010000002.1		GCF_046575505.1	2026187	
1414	WP_062821891.1,WP_208755015.1	22794	26660	3872	1222	NZ_JAWMBZ010000035.1		GCF_046576205.1	2026187	
1415	WP_048526752.1,WP_414835407.1	1241392	1245258	3872	1222	NZ_CP180236.1		GCF_047556505.1	3397768	
1416	WP_138322300.1,WP_265153149.1	144328	148194	3872	1222	NZ_JBJKCG010000008.1		GCF_046547015.1	2026186	
1417	WP_000067616.1,WP_000192959.1	171792	175658	3872	1222	NZ_JBKOJY010000010.1		GCF_047228345.1	2026186	
1418	WP_073530310.1,WP_061183172.1	1274837	1278703	3872	1222	NZ_JBMMKF010000001.1		GCF_049219125.1	2026187	
1419	WP_073530310.1,WP_061183172.1	1275209	1279075	3872	1222	NZ_JBMMKE010000001.1		GCF_049219145.1	2026187	
1420	WP_073530310.1,WP_061183172.1	1275209	1279075	3872	1222	NZ_JBMMKG010000001.1		GCF_049219165.1	2026187	
1421	WP_236807173.1,WP_236807175.1	1248453	1252319	3872	1222	NZ_JBMMKH010000001.1		GCF_049219245.1	1392	
1422	WP_073530310.1,WP_061183172.1	1275232	1279098	3872	1222	NZ_JBMMKK010000001.1		GCF_049219345.1	2026187	
1423	WP_087984771.1,WP_087984772.1	164190	168056	3872	1222	NZ_JBNHET010000008.1		GCF_050053415.1	1890302	
1424	WP_426831763.1,WP_426831762.1	241258	245124	3872	1222	NZ_JBNIKX010000005.1		GCF_050107395.1	2026190	
1425	WP_426831762.1,WP_426831763.1	183765	187631	3872	1222	NZ_JBNILA010000004.1		GCF_050107455.1	2026190	
1426	WP_000067618.1,WP_000192964.1	118109	121975	3872	1222	NZ_JBHFXF010000003.1		GCF_048128225.1	1392	
1427	WP_000192964.1,WP_000067618.1	350273	354139	3872	1222	NZ_JBHFXG010000003.1		GCF_048128245.1	1392	
1428	WP_000067618.1,WP_000192964.1	118109	121975	3872	1222	NZ_JBHFXH010000003.1		GCF_048128265.1	1392	
1429	WP_000067618.1,WP_000192964.1	118109	121975	3872	1222	NZ_JBHFXI010000004.1		GCF_048128285.1	1392	
1430	WP_000192964.1,WP_000067618.1	350330	354196	3872	1222	NZ_JBHFXJ010000004.1		GCF_048128445.1	1392	
1431	WP_062821891.1,WP_061183172.1	150095	153961	3872	1222	NZ_JAYKJZ010000005.1		GCF_046825375.1	2026187	
1432	WP_412839126.1,WP_076856137.1	6555	10421	3872	1222	NZ_JBKOJX010000076.1		GCF_047228285.1	2026186	
1433	WP_000067616.1,WP_000192959.1	109804	113670	3872	1222	NZ_JBKOJZ010000011.1		GCF_047228295.1	2026186	
1434	WP_000067616.1,WP_000192959.1	109804	113670	3872	1222	NZ_JBKOJW010000011.1		GCF_047228325.1	2026186	
1435	WP_098720239.1,WP_098720240.1	367501	371367	3872	1222	NZ_JBIYDJ010000003.1		GCF_044908615.1	3156291	
1436	WP_000192971.1,WP_000067629.1	215322	219188	3872	1222	NZ_JBMSUD010000002.1		GCF_049444875.1	1428	
1437	WP_000192962.1,WP_000067627.1	1173219	1177085	3872	1222	NZ_CP094439.1		GCF_049902045.1	1396	
1438	WP_000192962.1,WP_000067627.1	1173216	1177082	3872	1222	NZ_CP094408.1		GCF_049902055.1	1396	
1439	WP_000192962.1,WP_000067627.1	3866971	3870837	3872	1222	NZ_CP094410.1		GCF_049902065.1	1396	
1440	WP_000192962.1,WP_000067627.1	1180386	1184252	3872	1222	NZ_CP094412.1		GCF_049902075.1	1396	
1441	WP_000192962.1,WP_000067627.1	1178932	1182798	3872	1222	NZ_CP094414.1		GCF_049902085.1	1396	
1442	WP_000192962.1,WP_000067627.1	1180390	1184256	3872	1222	NZ_CP094447.1		GCF_049902095.1	1396	
1443	WP_000192962.1,WP_000067627.1	1180390	1184256	3872	1222	NZ_CP094416.1		GCF_049902105.1	1396	
1444	WP_000192962.1,WP_000067627.1	1180390	1184256	3872	1222	NZ_CP094449.1		GCF_049902115.1	1396	
1445	WP_000192962.1,WP_000067627.1	1180390	1184256	3872	1222	NZ_CP094418.1		GCF_049902125.1	1396	
1446	WP_000192962.1,WP_000067627.1	1180390	1184256	3872	1222	NZ_CP094420.1		GCF_049902135.1	1396	
1447	WP_000192962.1,WP_000067627.1	1210659	1214525	3872	1222	NZ_CP094422.1		GCF_049902185.1	1396	
1448	WP_000192962.1,WP_000067627.1	1188240	1192106	3872	1222	NZ_CP094424.1		GCF_049902195.1	1396	
1449	WP_318160891.1,WP_318160892.1	1243233	1247099	3872	1222	NZ_CP150839.1		GCF_045348155.1	2026187	
1450	WP_000105762.1,WP_074565486.1	136286	140152	3872	1222	NZ_JBNNJS010000004.1		GCF_050270175.1	2026188	
1451	WP_336589623.1,WP_336589622.1	60942	64808	3872	1222	NZ_JBKAMS010000012.1		GCF_046310575.1	1672662	
1452	WP_416488014.1,WP_074567598.1	512935	516801	3872	1222	NZ_JAETVW010000001.1		GCF_048053935.1	2026187	
1453	WP_416504202.1,WP_416504203.1	16548	20414	3872	1222	NZ_JAETVX010000008.1		GCF_048053975.1	2026186	
1454	WP_416515154.1,WP_270682645.1	493676	497542	3872	1222	NZ_JAEVMB010000001.1		GCF_048054035.1	2026188	
1455	WP_046198555.1,WP_046198554.1	207641	211507	3872	1222	NZ_JAEVMA010000009.1		GCF_048054055.1	2026186	
1456	WP_071708929.1,WP_000193004.1	457287	461153	3872	1222	NZ_JAEVMC010000002.1		GCF_048054075.1	2026188	
1457	WP_426967588.1,WP_426967590.1	127383	131249	3872	1222	NZ_JBNMRU010000130.1		GCF_050188665.1	1890302	
1458	WP_421615465.1,WP_070172312.1	1952055	1955921	3872	1222	NZ_JBMMKL010000001.1		GCF_049219385.1	1392	
1459	WP_000192962.1,WP_000067627.1	1195815	1199681	3872	1222	NZ_CP094426.1		GCF_049902465.1	1396	
1460	WP_061183172.1,WP_062821891.1	127935	131801	3872	1222	NZ_JBLEPZ010000004.1		GCF_047345785.1	2026187	
1461	WP_414206237.1,WP_070172312.1	489623	493489	3872	1222	NZ_JBLGTT010000004.1		GCF_047468785.1	1396	
1462	WP_101195533.1,WP_101195534.1	36041	39907	3872	1222	NZ_JBIYZP010000007.1		GCF_045949855.1	1392	
1463	WP_000192959.1,WP_000067616.1	200404	204270	3872	1222	NZ_JAXBCW010000002.1		GCF_046031335.1	2026186	
1464	WP_071758952.1,WP_048526752.1	475300	479166	3872	1222	NZ_JBJJTH010000002.1		GCF_046054275.1	3382157	
1465	WP_001978363.1,WP_001978361.1	90372	94238	3872	1222	NZ_JAVRFZ010000040.1		GCF_046718865.1	2026188	
1466	WP_061185267.1,WP_095842669.1	170933	174799	3872	1222	NZ_JBKOHK010000002.1		GCF_046763985.1	2026186	
1467	WP_428889286.1,WP_000067629.1	314522	318388	3872	1222	NZ_JBNRUU010000006.1		GCF_050379715.1	1396	
1468	WP_000193004.1,WP_000105763.1	250601	254467	3872	1222	NZ_JBCMWH010000026.1		GCF_050475345.1	2026188	
1469	WP_000192960.1,WP_000067616.1	28606	32472	3872	1222	NZ_JBCMWN010000014.1		GCF_050475465.1	2026186	
1470	WP_265153149.1,WP_138322300.1	56223	60089	3872	1222	NZ_JBCMWO010000046.1		GCF_050475485.1	2026186	
1471	WP_000192974.1,WP_000067623.1	198798	202664	3872	1222	NZ_JBCMXP010000013.1		GCF_050476065.1	2026186	
1472	WP_061131564.1,WP_076875701.1	38931	42797	3872	1222	NZ_JBCMYY010000063.1		GCF_050477265.1	2026186	
1473	WP_061131564.1,WP_061131565.1	251417	255283	3872	1222	NZ_JBCNSA010000001.1		GCF_050483525.1	2026186	
1474	WP_048526753.1,WP_430637749.1	627951	631817	3872	1222	NZ_JBNXSM010000001.1		GCF_050563305.1	2026189	
1475	WP_088048343.1,WP_088048344.1	15474	19340	3872	1222	NZ_JBNXSN010000022.1		GCF_050563315.1	1890302	
1476	WP_088057625.1,WP_088057627.1	354522	358388	3872	1222	NZ_JBCMHN010000010.1		GCF_050456545.1	1890302	
1477	WP_000193004.1,WP_071708929.1	42313	46179	3872	1222	NZ_JBCMHR010000057.1		GCF_050456565.1	2026188	
1478	WP_071708929.1,WP_000193004.1	63887	67753	3872	1222	NZ_JBCMHS010000004.1		GCF_050456585.1	2026188	
1479	WP_071708929.1,WP_000193004.1	63776	67642	3872	1222	NZ_JBCMHT010000012.1		GCF_050456605.1	2026188	
1480	WP_000067629.1,WP_000192969.1	423700	427566	3872	1222	NZ_JBCMHU010000001.1		GCF_050456625.1	1392	
1481	WP_429774580.1,WP_000105762.1	83625	87491	3872	1222	NZ_JBCMIY010000022.1		GCF_050457225.1	2026188	
1482	WP_429670974.1,WP_429670973.1	181416	185282	3872	1222	NZ_JBCMJA010000006.1		GCF_050457265.1	2026186	
1483	WP_429774580.1,WP_000105762.1	41831	45697	3872	1222	NZ_JBCMJN010000006.1		GCF_050457525.1	2026188	
1484	WP_071735676.1,WP_071735674.1	2362	6228	3872	1222	NZ_CP139112.1		GCF_050820025.1	1392	
1485	WP_000192959.1,WP_000067616.1	75581	79447	3872	1222	NZ_JBNTLJ010000007.1		GCF_050627735.1	2026186	
1486	WP_431069548.1,WP_431069549.1	268701	272567	3872	1222	NZ_JBNTLK010000002.1		GCF_050627755.1	2983392	
1487	WP_016088832.1,WP_016088833.1	409783	413649	3872	1222	NZ_JBNTLM010000001.1		GCF_050627795.1	1396	
1488	WP_016088832.1,WP_016088833.1	108917	112783	3872	1222	NZ_JBNTLO010000003.1		GCF_050627835.1	1396	
1489	WP_016088832.1,WP_016088833.1	110654	114520	3872	1222	NZ_JBNTLP010000003.1		GCF_050627855.1	1396	
1490	WP_061131564.1,WP_061131565.1	2337	6203	3872	1222	NZ_JBNTLQ010000011.1		GCF_050627875.1	2026186	
1491	WP_000192960.1,WP_000067616.1	75535	79401	3872	1222	NZ_JBNTLR010000006.1		GCF_050627895.1	2026186	
1492	WP_000192978.1,WP_049111712.1	84116	87982	3872	1222	NZ_JBNTLS010000006.1		GCF_050627915.1	2026187	
1493	WP_000192959.1,WP_000067616.1	75581	79447	3872	1222	NZ_JBNTLT010000003.1		GCF_050627935.1	2026186	
1494	WP_000067616.1,WP_000192959.1	171873	175739	3872	1222	NZ_JBNTLU010000006.1		GCF_050627955.1	2026186	
1495	WP_061131564.1,WP_061131565.1	134468	138334	3872	1222	NZ_JBNTMY010000010.1		GCF_050628565.1	2026186	
1496	WP_000067616.1,WP_000192960.1	314896	318762	3872	1222	NZ_JBNTNC010000003.1		GCF_050628645.1	2026186	
1497	WP_000192960.1,WP_000067616.1	75553	79419	3872	1222	NZ_JBNTND010000005.1		GCF_050628665.1	2026186	
1498	WP_075395482.1,WP_431172045.1	37633	41499	3872	1222	NZ_JBNTNF010000008.1		GCF_050628725.1	1396	
1499	WP_000067615.1,WP_000192969.1	24357	28223	3872	1222	NZ_JBNTNH010000020.1		GCF_050628745.1	1396	
1500	WP_073517497.1,WP_073517496.1	267244	271110	3872	1222	NZ_JBNTNI010000003.1		GCF_050628765.1	2026190	
1501	WP_073517497.1,WP_073517496.1	213998	217864	3872	1222	NZ_JBNTNK010000005.1		GCF_050628785.1	2026190	
1502	WP_000067616.1,WP_000192959.1	6537	10403	3872	1222	NZ_JBNTNO010000024.1		GCF_050628905.1	2026186	
1503	WP_000192974.1,WP_000067623.1	239076	242942	3872	1222	NZ_JBNTNQ010000004.1		GCF_050628925.1	2026186	
1504	WP_000192959.1,WP_000067616.1	75581	79447	3872	1222	NZ_JBNTNS010000006.1		GCF_050628945.1	2026186	
1505	WP_000192977.1,WP_431083103.1	203335	207201	3872	1222	NZ_JBNTNZ010000003.1		GCF_050629105.1	2026187	
1506	WP_000192959.1,WP_000067616.1	75581	79447	3872	1222	NZ_JBNTOC010000007.1		GCF_050629165.1	2026186	
1507	WP_095842669.1,WP_061185267.1	69069	72935	3872	1222	NZ_JBNTOI010000007.1		GCF_050629285.1	2026186	
1508	WP_000192959.1,WP_000067616.1	75581	79447	3872	1222	NZ_JBNTOQ010000004.1		GCF_050629445.1	2026186	
1509	WP_000067616.1,WP_000192959.1	6534	10400	3872	1222	NZ_JBNTOT010000007.1		GCF_050629505.1	2026186	
1510	WP_061131565.1,WP_061131564.1	110918	114784	3872	1222	NZ_JBNTOU010000005.1		GCF_050629525.1	2026186	
1511	WP_431079478.1,WP_061131564.1	47005	50871	3872	1222	NZ_JBNTOV010000033.1		GCF_050629545.1	2026186	
1512	WP_061131564.1,WP_431079478.1	8550	12416	3872	1222	NZ_JBNTOW010000031.1		GCF_050629565.1	2026186	
1513	WP_000067616.1,WP_000192959.1	109804	113670	3872	1222	NZ_JBNTOX010000004.1		GCF_050629585.1	2026186	
1514	WP_000067616.1,WP_000192959.1	109804	113670	3872	1222	NZ_JBNTOY010000006.1		GCF_050629605.1	2026186	
1515	WP_000192959.1,WP_000067616.1	75581	79447	3872	1222	NZ_JBNTOZ010000003.1		GCF_050629625.1	2026186	
1516	WP_097857474.1,WP_435711966.1	474672	478538	3872	1222	NZ_JBPPHF010000003.1		GCF_051294775.1	3447457	
1517	WP_088048343.1,WP_088048344.1	38038	41904	3872	1222	NZ_JBNLXR010000031.1		GCF_050171545.1	1890302	
1518	WP_000192976.1,WP_000067626.1	301666	305532	3872	1222	NZ_JBCMRJ010000009.1		GCF_050463965.1	2026186	
1519	WP_000192976.1,WP_000067626.1	26852	30718	3872	1222	NZ_JBCMRO010000023.1		GCF_050464165.1	2026186	
1520	WP_000193004.1,WP_429791844.1	26846	30712	3872	1222	NZ_JBCMRZ010000057.1		GCF_050464625.1	2026188	
1521	WP_000067626.1,WP_000192976.1	6881	10747	3872	1222	NZ_JBCMSE010000037.1		GCF_050464785.1	2026186	
1522	WP_073517497.1,WP_073517496.1	266416	270282	3872	1222	NZ_JBCMTF010000017.1		GCF_050465905.1	2026190	
1523	WP_061131565.1,WP_061131564.1	133428	137294	3872	1222	NZ_JBCMTE010000058.1		GCF_050465945.1	2026186	
1524	WP_429655262.1,WP_429655263.1	18441	22307	3872	1222	NZ_JBCMHQ010000035.1		GCF_050456525.1	1392	
1525	WP_061131564.1,WP_061131565.1	251651	255517	3872	1222	NZ_JBCNSB010000001.1		GCF_050469405.1	2026186	
1526	WP_000192959.1,WP_000067616.1	75581	79447	3872	1222	NZ_JBNTPG010000003.1		GCF_050629765.1	2026186	
1527	WP_000192959.1,WP_000067616.1	75396	79262	3872	1222	NZ_JBNTPH010000003.1		GCF_050629785.1	2026186	
1528	WP_000067616.1,WP_000192959.1	235012	238878	3872	1222	NZ_JBNTPI010000004.1		GCF_050629805.1	2026186	
1529	WP_000067616.1,WP_000192959.1	235114	238980	3872	1222	NZ_JBNTPJ010000004.1		GCF_050629825.1	2026186	
1530	WP_000067619.1,WP_144507396.1	113505	117371	3872	1222	NZ_JBNTPK010000001.1		GCF_050629845.1	1396	
1531	WP_098555454.1,WP_098555455.1	323611	327477	3872	1222	NZ_JBNTPL010000002.1		GCF_050629865.1	3243721	
1532	WP_000192959.1,WP_000067616.1	16735	20601	3872	1222	NZ_JBNTPO010000090.1		GCF_050629925.1	2026186	
1533	WP_000192959.1,WP_000067616.1	75396	79262	3872	1222	NZ_JBNTPP010000003.1		GCF_050629945.1	2026186	
1534	WP_098320079.1,WP_071715904.1	92006	95872	3872	1222	NZ_JBCMKO010000011.1		GCF_050458065.1	2026188	
1535	WP_429605144.1,WP_429605146.1	172813	176679	3872	1222	NZ_JBCMLI010000006.1		GCF_050458465.1	2026189	
1536	WP_098320079.1,WP_071715904.1	92037	95903	3872	1222	NZ_JBCMLM010000003.1		GCF_050458485.1	2026188	
1537	WP_429605144.1,WP_429605146.1	172399	176265	3872	1222	NZ_JBCMLJ010000002.1		GCF_050458505.1	2026189	
1538	WP_071715904.1,WP_098320079.1	318634	322500	3872	1222	NZ_JBCMLN010000004.1		GCF_050458545.1	2026188	
1539	WP_429605146.1,WP_429605144.1	378637	382503	3872	1222	NZ_JBCMLL010000001.1		GCF_050458565.1	2026189	
1540	WP_000192976.1,WP_000067626.1	301667	305533	3872	1222	NZ_JBCMRD010000010.1		GCF_050463685.1	2026186	
1541	WP_087984771.1,WP_087984772.1	28162	32028	3872	1222	NZ_JBCMRF010000004.1		GCF_050463785.1	1890302	
1542	WP_000067626.1,WP_000192976.1	115929	119795	3872	1222	NZ_JBCMRG010000016.1		GCF_050463805.1	2026186	
1543	WP_098720239.1,WP_098720240.1	108602	112468	3872	1222	NZ_JBCNRI010000053.1		GCF_050468745.1	1890302	
1544	WP_061131564.1,WP_061131565.1	60572	64438	3872	1222	NZ_JBCNRL010000031.1		GCF_050468865.1	2026186	
1545	WP_061185267.1,WP_076856137.1	91148	95014	3872	1222	NZ_JBCNRQ010000016.1		GCF_050469005.1	2026186	
1546	WP_061185267.1,WP_076856137.1	170745	174611	3872	1222	NZ_JBCNRR010000015.1		GCF_050469085.1	2026186	
1547	WP_061131565.1,WP_061131564.1	106986	110852	3872	1222	NZ_JBCNRY010000035.1		GCF_050469345.1	2026186	
1548	WP_000067623.1,WP_000192974.1	66268	70134	3872	1222	NZ_JBCNBU010000003.1		GCF_050478785.1	2026186	
1549	WP_087984772.1,WP_087984771.1	377365	381231	3872	1222	NZ_JBCNBV010000001.1		GCF_050478805.1	1890302	
1550	WP_429670008.1,WP_429670009.1	27213	31079	3872	1222	NZ_JBCNCB010000034.1		GCF_050478945.1	1392	
1551	WP_000192959.1,WP_000067616.1	75581	79447	3872	1222	NZ_JBNTKH010000011.1		GCF_050627175.1	2026186	
1552	WP_431119441.1,WP_431119443.1	90151	94017	3872	1222	NZ_JBNTKJ010000008.1		GCF_050627195.1	2983392	
1553	WP_431119441.1,WP_431119443.1	163475	167341	3872	1222	NZ_JBNTKK010000008.1		GCF_050627235.1	2983392	
1554	WP_076874056.1,WP_061131564.1	110920	114786	3872	1222	NZ_JBNTKM010000009.1		GCF_050627255.1	2026186	
1555	WP_000192959.1,WP_000067616.1	75581	79447	3872	1222	NZ_JBNTKP010000003.1		GCF_050627275.1	2026186	
1556	WP_061185267.1,WP_095842669.1	26339	30205	3872	1222	NZ_JBNTKO010000006.1		GCF_050627295.1	2026186	
1557	WP_000067616.1,WP_000192959.1	171829	175695	3872	1222	NZ_JBNTKQ010000006.1		GCF_050627335.1	2026186	
1558	WP_098555455.1,WP_098555454.1	110567	114433	3872	1222	NZ_JBNTKR010000002.1		GCF_050627355.1	3243721	
1559	WP_000192959.1,WP_000067616.1	41364	45230	3872	1222	NZ_JBNTKT010000006.1		GCF_050627415.1	2026186	
1560	WP_000192960.1,WP_000067616.1	21841	25707	3872	1222	NZ_JBNTKV010000019.1		GCF_050627455.1	2026186	
1561	WP_049111712.1,WP_000192978.1	12415	16281	3872	1222	NZ_JBNTKW010000005.1		GCF_050627475.1	2026187	
1562	WP_000192978.1,WP_049111712.1	226040	229906	3872	1222	NZ_JBNTKX010000003.1		GCF_050627495.1	2026187	
1563	WP_000192959.1,WP_000067616.1	75387	79253	3872	1222	NZ_JBNTLD010000023.1		GCF_050627595.1	2026186	
1564	WP_001990996.1,WP_001990994.1	31503	35369	3872	1222	NZ_JBNTLY010000014.1		GCF_050628035.1	1396	
1565	WP_097857474.1,WP_088062531.1	167883	171749	3872	1222	NZ_JBNTMA010000006.1		GCF_050628075.1	2983392	
1566	WP_000192959.1,WP_000067616.1	75581	79447	3872	1222	NZ_JBNTMC010000003.1		GCF_050628125.1	2026186	
1567	WP_000192978.1,WP_049111712.1	84170	88036	3872	1222	NZ_JBNTMD010000005.1		GCF_050628145.1	2026187	
1568	WP_049111712.1,WP_000192978.1	128491	132357	3872	1222	NZ_JBNTME010000006.1		GCF_050628165.1	2026187	
1569	WP_049111712.1,WP_000192978.1	128491	132357	3872	1222	NZ_JBNTMF010000006.1		GCF_050628185.1	2026187	
1570	WP_000067616.1,WP_000192959.1	234912	238778	3872	1222	NZ_JBNTMJ010000003.1		GCF_050628265.1	2026186	
1571	WP_000067616.1,WP_000192959.1	109927	113793	3872	1222	NZ_JBNTML010000007.1		GCF_050628305.1	2026186	
1572	WP_000192959.1,WP_000067616.1	200483	204349	3872	1222	NZ_JBNTMO010000003.1		GCF_050628365.1	2026186	
1573	WP_000067616.1,WP_000192959.1	109804	113670	3872	1222	NZ_JBNTMQ010000005.1		GCF_050628385.1	2026186	
1574	WP_000067616.1,WP_000192959.1	109804	113670	3872	1222	NZ_JBNTMR010000009.1		GCF_050628405.1	2026186	
1575	WP_000067616.1,WP_000192959.1	234912	238778	3872	1222	NZ_JBNTMP010000006.1		GCF_050628425.1	2026186	
1576	WP_431085371.1,WP_431085372.1	20695	24561	3872	1222	NZ_JBNTMU010000020.1		GCF_050628465.1	2026187	
1577	WP_061131565.1,WP_061131564.1	186404	190270	3872	1222	NZ_JBCNSC010000012.1		GCF_050469465.1	2026186	
1578	WP_061131564.1,WP_061131565.1	26125	29991	3872	1222	NZ_JBCNSD010000007.1		GCF_050469485.1	2026186	
1579	WP_061131565.1,WP_061131564.1	186405	190271	3872	1222	NZ_JBCNSE010000011.1		GCF_050469565.1	2026186	
1580	WP_076874056.1,WP_061131564.1	172734	176600	3872	1222	NZ_JBNFTL010000003.1		GCF_050881495.1	2026186	
1581	WP_029437892.1,WP_029437891.1	439683	443549	3872	1222	NZ_JBNNTV010000003.1		GCF_050279065.1	2026188	
1582	WP_427266640.1,WP_427266641.1	347617	351483	3872	1222	NZ_JBNNUQ010000005.1		GCF_050279905.1	2026190	
1583	WP_000067616.1,WP_000192960.1	178514	182380	3872	1222	NZ_JBCMZV010000001.1		GCF_050477725.1	2026186	
1584	WP_000193004.1,WP_270682645.1	347182	351048	3872	1222	NZ_JBCMZY010000004.1		GCF_050477805.1	2026188	
1585	WP_070172312.1,WP_202294123.1	171696	175562	3872	1222	NZ_JBCNAM010000001.1		GCF_050478085.1	1392	
1586	WP_070172312.1,WP_202294123.1	24633	28499	3872	1222	NZ_JBCNBD010000016.1		GCF_050478445.1	1392	
1587	WP_429664425.1,WP_429664421.1	47148	53799	3512	1222	NZ_JBCNBI010000004.1		GCF_050478545.1	1441095	
1588	WP_429664421.1,WP_429664425.1	39456	46107	3512	1222	NZ_JBCNBJ010000018.1		GCF_050478565.1	1441095	
1589	WP_429664425.1,WP_429664421.1	47534	54185	3512	1222	NZ_JBCNBK010000011.1		GCF_050478585.1	1441095	
1590	WP_429600679.1,WP_429600681.1	13071	16937	3872	1222	NZ_JBCMGO010000006.1		GCF_050455945.1	2026189	
1591	WP_429778333.1,WP_429778336.1	110266	114132	3872	1222	NZ_JBCMGP010000021.1		GCF_050455985.1	2026188	
1592	WP_429603918.1,WP_429603919.1	84070	87936	3872	1222	NZ_JBCMGZ010000026.1		GCF_050456195.1	2026189	
1593	WP_000105762.1,WP_000193004.1	111968	115834	3872	1222	NZ_JBCMHD010000016.1		GCF_050456245.1	2026188	
1594	WP_000067626.1,WP_000192976.1	172727	176593	3872	1222	NZ_JBCMHC010000009.1		GCF_050456265.1	2026186	
1595	WP_074570428.1,WP_000193004.1	45705	49571	3872	1222	NZ_JBCMHE010000034.1		GCF_050456285.1	2026188	
1596	WP_000193004.1,WP_074570428.1	30405	34271	3872	1222	NZ_JBCMHF010000002.1		GCF_050456305.1	2026188	
1597	WP_074570428.1,WP_000193004.1	45705	49571	3872	1222	NZ_JBCMHG010000029.1		GCF_050456325.1	2026188	
1598	WP_074570428.1,WP_000193004.1	45705	49571	3872	1222	NZ_JBCMHH010000037.1		GCF_050456345.1	2026188	
1599	WP_000067626.1,WP_000192976.1	429894	433760	3872	1222	NZ_JBCMHJ010000030.1		GCF_050456385.1	2026186	
1600	WP_429656929.1,WP_406895131.1	173266	177132	3872	1222	NZ_JBCMHK010000002.1		GCF_050456405.1	1392	
1601	WP_000192976.1,WP_000067626.1	121457	125323	3872	1222	NZ_JBCMHM010000001.1		GCF_050456425.1	2026186	
1602	WP_429656929.1,WP_406895131.1	172649	176515	3872	1222	NZ_JBCMHO010000012.1		GCF_050456505.1	1392	
1603	WP_429677835.1,WP_429677836.1	37838	41704	3872	1222	NZ_JBCMKB010000021.1		GCF_050457805.1	2026187	
1604	WP_173601731.1,WP_087994548.1	195516	199382	3872	1222	NZ_JBCMKC010000001.1		GCF_050457825.1	2026187	
1605	WP_429670973.1,WP_429670974.1	470682	474548	3872	1222	NZ_JBCMKD010000002.1		GCF_050457845.1	2026186	
1606	WP_429774580.1,WP_000105762.1	276936	280802	3872	1222	NZ_JBCMKE010000002.1		GCF_050457865.1	2026188	
1607	WP_242265163.1,WP_164690582.1	219906	223772	3872	1222	NZ_JBCMKF010000007.1		GCF_050457885.1	2026188	
1608	WP_164690582.1,WP_242265163.1	173792	177658	3872	1222	NZ_JBCMKG010000017.1		GCF_050457905.1	2026188	
1609	WP_000193004.1,WP_000105762.1	176893	180759	3872	1222	NZ_JBCMKH010000026.1		GCF_050457925.1	2026188	
1610	WP_000067629.1,WP_429656316.1	173813	177679	3872	1222	NZ_JBCMKI010000009.1		GCF_050457945.1	1392	
1611	WP_429677835.1,WP_429677836.1	379154	383020	3872	1222	NZ_JBCMKL010000002.1		GCF_050458005.1	2026187	
1612	WP_000192978.1,WP_049111712.1	226039	229905	3872	1222	NZ_JBNTPV010000002.1		GCF_050630085.1	2026187	
1613	WP_431081341.1,WP_097994393.1	100609	104475	3872	1222	NZ_JBNTPX010000005.1		GCF_050630105.1	1890302	
1614	WP_097994393.1,WP_431081341.1	173169	177035	3872	1222	NZ_JBNTPX010000009.1		GCF_050630105.1	1890302	
1615	WP_000192978.1,WP_049111712.1	225976	229842	3872	1222	NZ_JBNTQB010000002.1		GCF_050630165.1	2026187	
1616	WP_016716914.1,WP_016716913.1	112432	116298	3872	1222	NZ_JBNTQC010000005.1		GCF_050630205.1	2026187	
1617	WP_431141954.1,WP_431141955.1	12340	16206	3872	1222	NZ_JBNTQH010000003.1		GCF_050630285.1	2983392	
1618	WP_431106349.1,WP_000192960.1	116614	120480	3872	1222	NZ_JBNTQG010000008.1		GCF_050630305.1	2026186	
1619	WP_431148271.1,WP_431148272.1	63072	66938	3872	1222	NZ_JBNTQJ010000022.1		GCF_050630325.1	2983392	
1620	WP_429664425.1,WP_429668427.1	5559	12210	3512	1222	NZ_JBCNBL010000026.1		GCF_050478605.1	1441095	
1621	WP_000067616.1,WP_000192959.1	171873	175739	3872	1222	NZ_JBNTPU010000004.1		GCF_050630065.1	2026186	
1622	WP_242251010.1,WP_242251013.1	469687	473553	3872	1222	NZ_JBNTQO010000004.1		GCF_050630465.1	3243721	
1623	WP_061131564.1,WP_061131565.1	188990	192856	3872	1222	NZ_JAWXWB010000004.1		GCF_033842275.1	3094866	
1624	WP_101195533.1,WP_101195534.1	55217	59083	3872	1222	NZ_JBQACY010000004.1		GCF_051914525.1	3450564	
1625	WP_434611153.1,WP_434611156.1	1262471	1266337	3872	1222	NZ_CP071485.1		GCF_051123635.1	2026186	
1626	WP_434683114.1,WP_434683115.1	1240093	1243959	3872	1222	NZ_CP187299.1		GCF_051131815.1	3414495	
1627	WP_000192967.1,WP_000067627.1	1243700	1247566	3872	1222	NZ_CP071486.1		GCF_051131915.1	3445632	
1628	WP_000193004.1,WP_000105762.1	1197922	1201788	3872	1222	NZ_CP195032.1		GCF_051162665.1	2026188	
1629	WP_000067623.1,WP_000192974.1	187889	191755	3872	1222	NZ_JBFCRZ010000003.1		GCF_051371405.1	2026186	
1630	WP_000192974.1,WP_000067623.1	323309	327175	3872	1222	NZ_JBFCRM010000004.1		GCF_051371745.1	2026186	
1631	WP_429722983.1,WP_429722984.1	23632	27498	3872	1222	NZ_JBCMVF010000038.1		GCF_050474765.1	2026187	
1632	WP_000192959.1,WP_000067616.1	75332	79198	3872	1222	NZ_JBCMVI010000003.1		GCF_050474825.1	2026186	
1633	WP_168897600.1,WP_070172312.1	492029	495895	3872	1222	NZ_JBCMVJ010000001.1		GCF_050474845.1	1392	
1634	WP_074570428.1,WP_000193004.1	45705	49571	3872	1222	NZ_JBCNGK010000043.1		GCF_050481585.1	2026188	
1635	WP_000193004.1,WP_074570428.1	30405	34271	3872	1222	NZ_JBCNGL010000038.1		GCF_050481605.1	2026188	
1636	WP_088048343.1,WP_088048344.1	344237	348103	3872	1222	NZ_JBCNHY010000002.1		GCF_050482445.1	1890302	
1637	WP_429670008.1,WP_429670009.1	27239	31105	3872	1222	NZ_JBCNIA010000015.1		GCF_050482525.1	1392	
1638	WP_087984771.1,WP_088062531.1	36715	40581	3872	1222	NZ_JBNXSR010000002.1		GCF_050563405.1	2983392	
1639	WP_098339900.1,WP_098339901.1	4406240	4410106	3872	1222	NZ_CP194758.1		GCF_050995365.1	2026188	
1640	WP_000192959.1,WP_000067620.1	86965	90831	3872	1222	NZ_JBNNOW010000006.1		GCF_050275175.1	2026186	
1641	WP_029437891.1,WP_029437892.1	198436	202302	3872	1222	NZ_JBNNTN010000003.1		GCF_050278785.1	2026188	
1642	WP_029437891.1,WP_029437892.1	198436	202302	3872	1222	NZ_JBNNTP010000003.1		GCF_050278885.1	2026188	
1643	WP_000192960.1,WP_270695578.1	247534	251400	3872	1222	NZ_JBCNFD010000007.1		GCF_050480905.1	2026186	
1644	WP_335550295.1,WP_000193002.1	75299	79165	3872	1222	NZ_JBALMF010000007.1		GCF_036963245.1	1890302	
1645	WP_099686113.1,WP_099686112.1	55154	59020	3872	1222	NZ_JBOIRJ010000024.1		GCF_051413595.1	2039284	
1646	WP_101195534.1,WP_101195533.1	430183	434049	3872	1222	NZ_JBPWGQ010000003.1		GCF_051779845.1	3445158	
1647	WP_101195534.1,WP_101195533.1	430078	433944	3872	1222	NZ_JBPWGP010000003.1		GCF_051779865.1	3445157	
1648	WP_101195533.1,WP_101195534.1	55217	59083	3872	1222	NZ_JBPWGS010000003.1		GCF_051779885.1	3445160	
1649	WP_101195533.1,WP_101195534.1	55217	59083	3872	1222	NZ_JBPWGT010000003.1		GCF_051779905.1	3445161	
1650	WP_101195534.1,WP_101195533.1	430183	434049	3872	1222	NZ_JBPWGR010000003.1		GCF_051779925.1	3445159	
1651	WP_101195534.1,WP_101195533.1	177357	181223	3872	1222	NZ_JBPWGU010000006.1		GCF_051779945.1	3445162	
1652	WP_101195533.1,WP_101195534.1	55212	59078	3872	1222	NZ_JBPWGW010000003.1		GCF_051779965.1	3445164	
1653	WP_101195533.1,WP_101195534.1	55217	59083	3872	1222	NZ_JBPWGV010000003.1		GCF_051779985.1	3445163	
1654	WP_101195534.1,WP_101195533.1	430183	434049	3872	1222	NZ_JBPWGX010000003.1		GCF_051780005.1	3445165	
1655	WP_101195534.1,WP_101195533.1	430183	434049	3872	1222	NZ_JBPWGZ010000003.1		GCF_051780045.1	3445167	
1656	WP_101195534.1,WP_101195533.1	430183	434049	3872	1222	NZ_JBPWHA010000003.1		GCF_051780065.1	3445168	
1657	WP_101195534.1,WP_101195533.1	430078	433944	3872	1222	NZ_JBPWHB010000003.1		GCF_051780085.1	3445169	
1658	WP_101195533.1,WP_101195534.1	55145	59011	3872	1222	NZ_JBPWHC010000003.1		GCF_051780105.1	3445170	
1659	WP_101195534.1,WP_101195533.1	453207	457073	3872	1222	NZ_JBPWHD010000003.1		GCF_051780125.1	3445171	
1660	WP_101195534.1,WP_101195533.1	430183	434049	3872	1222	NZ_JBPWHE010000003.1		GCF_051780145.1	3445172	
1661	WP_101195534.1,WP_101195533.1	430183	434049	3872	1222	NZ_JBPWHG010000003.1		GCF_051780185.1	3445174	
1662	WP_101195533.1,WP_101195534.1	55217	59083	3872	1222	NZ_JBPWHH010000003.1		GCF_051780205.1	3445175	
1663	WP_101195533.1,WP_101195534.1	55217	59083	3872	1222	NZ_JBPWHI010000003.1		GCF_051780225.1	3445176	
1664	WP_101195533.1,WP_101195534.1	55217	59083	3872	1222	NZ_JBPWHJ010000003.1		GCF_051780245.1	3445177	
1665	WP_101195534.1,WP_101195533.1	430150	434016	3872	1222	NZ_JBPWHK010000003.1		GCF_051780265.1	3445178	
1666	WP_101195534.1,WP_101195533.1	430183	434049	3872	1222	NZ_JBPWHN010000003.1		GCF_051780325.1	3445181	
1667	WP_000192978.1,WP_000067650.1	8972	12838	3872	1222	NZ_JBPWHQ010000001.1		GCF_051780385.1	3445184	
1668	WP_101195534.1,WP_101195533.1	4614	8480	3872	1222	NZ_JBPWHT010000022.1		GCF_051780445.1	3445187	
1669	WP_101195533.1,WP_101195534.1	55217	59083	3872	1222	NZ_JBPWHW010000003.1		GCF_051780485.1	3445190	
1670	WP_101195534.1,WP_101195533.1	430183	434049	3872	1222	NZ_JBPWHX010000003.1		GCF_051780525.1	3445191	
1671	WP_438888808.1,WP_001978363.1	505068	508934	3872	1222	NZ_JBPWHZ010000002.1		GCF_051780545.1	3445193	
1672	WP_101195534.1,WP_101195533.1	430183	434049	3872	1222	NZ_JBPWHY010000003.1		GCF_051780565.1	3445192	
1673	WP_101195533.1,WP_101195534.1	55212	59078	3872	1222	NZ_JBPWIA010000003.1		GCF_051780585.1	3445194	
1674	WP_101195533.1,WP_101195534.1	55217	59083	3872	1222	NZ_JBPWIC010000003.1		GCF_051780605.1	3445196	
1675	WP_000067650.1,WP_000192978.1	1182652	1186518	3872	1222	NZ_JBPWIB010000001.1		GCF_051780625.1	3445195	
1676	WP_101195534.1,WP_101195533.1	562200	566066	3872	1222	NZ_JBPWIE010000002.1		GCF_051780645.1	3445198	
1677	WP_101195534.1,WP_101195533.1	430183	434049	3872	1222	NZ_JBPWID010000003.1		GCF_051780665.1	3445197	
1678	WP_101195533.1,WP_101195534.1	55217	59083	3872	1222	NZ_JBPWIF010000003.1		GCF_051780685.1	3445199	
1679	WP_101195533.1,WP_101195534.1	55217	59083	3872	1222	NZ_JBPWIG010000003.1		GCF_051780705.1	3445200	
1680	WP_101195533.1,WP_101195534.1	55217	59083	3872	1222	NZ_JBPWIH010000003.1		GCF_051780725.1	3445201	
1681	WP_101195533.1,WP_101195534.1	55217	59083	3872	1222	NZ_JBPWII010000003.1		GCF_051780745.1	3445202	
1682	WP_101195533.1,WP_101195534.1	55212	59078	3872	1222	NZ_JBPWIJ010000003.1		GCF_051780765.1	3445203	
1683	WP_101195534.1,WP_101195533.1	430183	434049	3872	1222	NZ_JBPWIL010000003.1		GCF_051780805.1	3445205	
1684	WP_101195533.1,WP_101195534.1	55217	59083	3872	1222	NZ_JBPWIP010000003.1		GCF_051780885.1	3445209	
1685	WP_101195534.1,WP_101195533.1	430183	434049	3872	1222	NZ_JBPWIQ010000003.1		GCF_051780905.1	3445210	
1686	WP_101195533.1,WP_101195534.1	55217	59083	3872	1222	NZ_JBPWIR010000003.1		GCF_051780925.1	3445211	
1687	WP_000192959.1,WP_000067616.1	200522	204388	3872	1222	NZ_JBPWIT010000003.1		GCF_051780945.1	3445213	
1688	WP_101195534.1,WP_101195533.1	430183	434049	3872	1222	NZ_JBPWIS010000003.1		GCF_051781125.1	3445212	
1689	WP_101195533.1,WP_101195534.1	55217	59083	3872	1222	NZ_JBPWIU010000003.1		GCF_051781165.1	3445214	
1690	WP_101195533.1,WP_101195534.1	55212	59078	3872	1222	NZ_JBPWIW010000003.1		GCF_051781185.1	3445217	
1691	WP_000192959.1,WP_000067616.1	200518	204384	3872	1222	NZ_JBPWIV010000002.1		GCF_051781205.1	3445216	
1692	WP_101195533.1,WP_101195534.1	55217	59083	3872	1222	NZ_JBPWIX010000003.1		GCF_051781225.1	3445218	
1693	WP_101195533.1,WP_101195534.1	55217	59083	3872	1222	NZ_JBPWIY010000003.1		GCF_051781245.1	3445219	
1694	WP_000192977.1,WP_074614856.1	84177	88043	3872	1222	NZ_JBPWIZ010000016.1		GCF_051781265.1	3445220	
1695	WP_101195534.1,WP_101195533.1	430078	433944	3872	1222	NZ_JBPWJA010000003.1		GCF_051781285.1	3445221	
1696	WP_101195533.1,WP_101195534.1	55145	59011	3872	1222	NZ_JBPWJB010000002.1		GCF_051781305.1	3445222	
1697	WP_101195533.1,WP_101195534.1	55212	59078	3872	1222	NZ_JBPWJC010000002.1		GCF_051781325.1	3445223	
1698	WP_101195533.1,WP_101195534.1	55217	59083	3872	1222	NZ_JBPWJD010000002.1		GCF_051781345.1	3445224	
1699	WP_076874056.1,WP_061131564.1	172690	176556	3872	1222	NZ_JBPWJH010000003.1		GCF_051781425.1	3445229	
1700	WP_000067616.1,WP_000192959.1	113335	117201	3872	1222	NZ_JBPWJJ010000002.1		GCF_051781465.1	3445231	
1701	WP_000067616.1,WP_000192959.1	110012	113878	3872	1222	NZ_JBPWJN010000012.1		GCF_051781525.1	3445235	
1702	WP_000192959.1,WP_000067616.1	200485	204351	3872	1222	NZ_JBPWJO010000004.1		GCF_051781565.1	3445236	
1703	WP_000192959.1,WP_000067616.1	200499	204365	3872	1222	NZ_JBPWJP010000002.1		GCF_051781585.1	3445237	
1704	WP_000192959.1,WP_000067616.1	200522	204388	3872	1222	NZ_JBPVZW010000003.1		GCF_051776345.1	3444974	
1705	WP_076856137.1,WP_061185267.1	194489	198355	3872	1222	NZ_JBPWAO010000001.1		GCF_051776685.1	3444992	
1706	WP_236793331.1,WP_158318025.1	211179	215045	3872	1222	NZ_JBPWJY010000005.1		GCF_051781765.1	3445248	
1707	WP_000192959.1,WP_000067616.1	200476	204342	3872	1222	NZ_JBPWJZ010000004.1		GCF_051781785.1	3445249	
1708	WP_270672716.1,WP_071758952.1	484581	488447	3872	1222	NZ_JBPWKF010000001.1		GCF_051781905.1	3445256	
1709	WP_061131564.1,WP_061131565.1	86670	90536	3872	1222	NZ_JBPWKG010000005.1		GCF_051781925.1	3445257	
1710	WP_438886516.1,WP_438886517.1	54404	58282	3884	1222	NZ_JBPWKH010000021.1		GCF_051781945.1	3445259	
1711	WP_438881272.1,WP_438881273.1	38716	42582	3872	1222	NZ_JBPWKI010000011.1		GCF_051781965.1	3445260	
1712	WP_101195534.1,WP_101195533.1	176895	180761	3872	1222	NZ_JBPWKJ010000007.1		GCF_051781985.1	3445263	
1713	WP_101195533.1,WP_101195534.1	55110	58976	3872	1222	NZ_JBPWKK010000008.1		GCF_051782005.1	3445264	
1714	WP_101195534.1,WP_101195533.1	115346	119212	3872	1222	NZ_JBPWKL010000011.1		GCF_051782025.1	3445265	
1715	WP_101195533.1,WP_101195534.1	36043	39909	3872	1222	NZ_JBPWKM010000007.1		GCF_051782045.1	3445266	
1716	WP_101195533.1,WP_101195534.1	36043	39909	3872	1222	NZ_JBPWKO010000007.1		GCF_051782085.1	3445271	
1717	WP_101195533.1,WP_101195534.1	36043	39909	3872	1222	NZ_JBPWKP010000008.1		GCF_051782105.1	3445272	
1718	WP_101195534.1,WP_101195533.1	176895	180761	3872	1222	NZ_JBPWKQ010000007.1		GCF_051782125.1	3445273	
1719	WP_101195534.1,WP_101195533.1	115346	119212	3872	1222	NZ_JBPWKR010000011.1		GCF_051782145.1	3445274	
1720	WP_101195533.1,WP_101195534.1	55110	58976	3872	1222	NZ_JBPWKS010000007.1		GCF_051782165.1	3445275	
1721	WP_101195533.1,WP_101195534.1	55110	58976	3872	1222	NZ_JBPWKT010000009.1		GCF_051782185.1	3445276	
1722	WP_101195534.1,WP_101195533.1	115346	119212	3872	1222	NZ_JBPWKU010000011.1		GCF_051782205.1	3445277	
1723	WP_101195534.1,WP_101195533.1	115346	119212	3872	1222	NZ_JBPWKV010000008.1		GCF_051782225.1	3445279	
1724	WP_101195534.1,WP_101195533.1	176895	180761	3872	1222	NZ_JBPWKW010000007.1		GCF_051782245.1	3445280	
1725	WP_101195533.1,WP_101195534.1	55110	58976	3872	1222	NZ_JBPWKX010000009.1		GCF_051782265.1	3445281	
1726	WP_101195534.1,WP_101195533.1	115346	119212	3872	1222	NZ_JBPWKY010000009.1		GCF_051782285.1	3445283	
1727	WP_101195534.1,WP_101195533.1	176895	180761	3872	1222	NZ_JBPWKZ010000008.1		GCF_051782305.1	3445284	
1728	WP_101195533.1,WP_101195534.1	55111	58977	3872	1222	NZ_JBPWLB010000009.1		GCF_051782325.1	3445286	
1729	WP_101195534.1,WP_101195533.1	176895	180761	3872	1222	NZ_JBPWLA010000007.1		GCF_051782345.1	3445285	
1730	WP_101195534.1,WP_101195533.1	176895	180761	3872	1222	NZ_JBPWLC010000006.1		GCF_051782365.1	3445287	
1731	WP_101195533.1,WP_101195534.1	36043	39909	3872	1222	NZ_JBPWLD010000007.1		GCF_051782385.1	3445288	
1732	WP_101195533.1,WP_101195534.1	36043	39909	3872	1222	NZ_JBPWLF010000012.1		GCF_051782425.1	3445290	
1733	WP_101195533.1,WP_101195534.1	36043	39909	3872	1222	NZ_JBPWLH010000007.1		GCF_051782445.1	3445292	
1734	WP_101195533.1,WP_101195534.1	36043	39909	3872	1222	NZ_JBPWLG010000012.1		GCF_051782465.1	3445291	
1735	WP_101195534.1,WP_101195533.1	176895	180761	3872	1222	NZ_JBPWLI010000007.1		GCF_051782485.1	3445293	
1736	WP_101195534.1,WP_101195533.1	115346	119212	3872	1222	NZ_JBPWLK010000010.1		GCF_051782505.1	3445295	
1737	WP_101195534.1,WP_101195533.1	115346	119212	3872	1222	NZ_JBPWLJ010000009.1		GCF_051782525.1	3445294	
1738	WP_101195534.1,WP_101195533.1	176895	180761	3872	1222	NZ_JBPWLL010000007.1		GCF_051782545.1	3445296	
1739	WP_101195534.1,WP_101195533.1	176895	180761	3872	1222	NZ_JBPWLM010000007.1		GCF_051782565.1	3445297	
1740	WP_101195534.1,WP_101195533.1	115346	119212	3872	1222	NZ_JBPWLN010000011.1		GCF_051782585.1	3445298	
1741	WP_101195533.1,WP_101195534.1	36043	39909	3872	1222	NZ_JBPWLO010000007.1		GCF_051782605.1	3445299	
1742	WP_101195533.1,WP_101195534.1	55110	58976	3872	1222	NZ_JBPWLP010000007.1		GCF_051782625.1	3445300	
1743	WP_101195533.1,WP_101195534.1	36043	39909	3872	1222	NZ_JBPWLQ010000007.1		GCF_051782645.1	3445301	
1744	WP_101195533.1,WP_101195534.1	36043	39909	3872	1222	NZ_JBPWLR010000011.1		GCF_051782665.1	3445302	
1745	WP_101195533.1,WP_101195534.1	36043	39909	3872	1222	NZ_JBPWLS010000007.1		GCF_051782685.1	3445303	
1746	WP_101195534.1,WP_101195533.1	115346	119212	3872	1222	NZ_JBPWLT010000010.1		GCF_051782705.1	3445304	
1747	WP_000067627.1,WP_000192967.1	183022	186888	3872	1222	NZ_JBPWLV010000005.1		GCF_051782725.1	3445306	
1748	WP_000067627.1,WP_000192967.1	183022	186888	3872	1222	NZ_JBPWLW010000004.1		GCF_051782765.1	3445307	
1749	WP_000067627.1,WP_000192967.1	183022	186888	3872	1222	NZ_JBPWLX010000005.1		GCF_051782785.1	3445308	
1750	WP_000192967.1,WP_000067627.1	173633	177499	3872	1222	NZ_JBPWLY010000005.1		GCF_051782805.1	3445309	
1751	WP_000192967.1,WP_000067627.1	173633	177499	3872	1222	NZ_JBPWLZ010000005.1		GCF_051782825.1	3445310	
1752	WP_000067627.1,WP_000192967.1	183349	187215	3872	1222	NZ_JBPWMA010000005.1		GCF_051782845.1	3445311	
1753	WP_000067627.1,WP_000192967.1	390190	394056	3872	1222	NZ_JBPWMB010000003.1		GCF_051782865.1	3445312	
1754	WP_000067627.1,WP_000192967.1	183022	186888	3872	1222	NZ_JBPWMC010000005.1		GCF_051782885.1	3445313	
1755	WP_000067627.1,WP_000192967.1	183022	186888	3872	1222	NZ_JBPWMD010000005.1		GCF_051782905.1	3445314	
1756	WP_000067627.1,WP_000192967.1	390883	394749	3872	1222	NZ_JBPWME010000003.1		GCF_051782925.1	3445315	
1757	WP_000067627.1,WP_000192967.1	183349	187215	3872	1222	NZ_JBPWMG010000005.1		GCF_051782945.1	3445317	
1758	WP_000192967.1,WP_000067627.1	173633	177499	3872	1222	NZ_JBPWMF010000005.1		GCF_051782965.1	3445316	
1759	WP_000067627.1,WP_000192967.1	183022	186888	3872	1222	NZ_JBPWMH010000005.1		GCF_051782985.1	3445318	
1760	WP_000067627.1,WP_000192967.1	183022	186888	3872	1222	NZ_JBPWMI010000005.1		GCF_051783005.1	3445319	
1761	WP_000067627.1,WP_000192967.1	183022	186888	3872	1222	NZ_JBPWMJ010000005.1		GCF_051783025.1	3445320	
1762	WP_000067627.1,WP_000192967.1	183022	186888	3872	1222	NZ_JBPWMK010000005.1		GCF_051783045.1	3445321	
1763	WP_000192967.1,WP_000067627.1	173633	177499	3872	1222	NZ_JBPWML010000005.1		GCF_051783065.1	3445322	
1764	WP_101195534.1,WP_101195533.1	176895	180761	3872	1222	NZ_JBPWMN010000007.1		GCF_051783105.1	3445324	
1765	WP_101195534.1,WP_101195533.1	115346	119212	3872	1222	NZ_JBPWMO010000010.1		GCF_051783125.1	3445325	
1766	WP_101195533.1,WP_101195534.1	55111	58977	3872	1222	NZ_JBPWMP010000008.1		GCF_051783145.1	3445326	
1767	WP_101195533.1,WP_101195534.1	36043	39909	3872	1222	NZ_JBPWMQ010000011.1		GCF_051783165.1	3018102	
1768	WP_101195533.1,WP_101195534.1	55110	58976	3872	1222	NZ_JBPWMS010000007.1		GCF_051783185.1	3445328	
1769	WP_101195533.1,WP_101195534.1	55110	58976	3872	1222	NZ_JBPWMR010000008.1		GCF_051783205.1	3445327	
1770	WP_101195533.1,WP_101195534.1	55110	58976	3872	1222	NZ_JBPWMT010000008.1		GCF_051783225.1	3018103	
1771	WP_101195533.1,WP_101195534.1	55110	58976	3872	1222	NZ_JBPWMU010000007.1		GCF_051783245.1	3445329	
1772	WP_101195534.1,WP_101195533.1	176895	180761	3872	1222	NZ_JBPWMV010000007.1		GCF_051783265.1	3445330	
1773	WP_101195534.1,WP_101195533.1	115136	119002	3872	1222	NZ_JBPWMW010000008.1		GCF_051783285.1	3018105	
1774	WP_101195533.1,WP_101195534.1	55110	58976	3872	1222	NZ_JBPWMX010000008.1		GCF_051783305.1	3018106	
1775	WP_101195533.1,WP_101195534.1	55110	58976	3872	1222	NZ_JBPWMY010000008.1		GCF_051783325.1	3445331	
1776	WP_101195533.1,WP_101195534.1	55110	58976	3872	1222	NZ_JBPWMZ010000008.1		GCF_051783345.1	3445332	
1777	WP_101195533.1,WP_101195534.1	55110	58976	3872	1222	NZ_JBPWNA010000009.1		GCF_051783365.1	3445333	
1778	WP_101195533.1,WP_101195534.1	55111	58977	3872	1222	NZ_JBPWNB010000007.1		GCF_051783385.1	3445334	
1779	WP_101195533.1,WP_101195534.1	55110	58976	3872	1222	NZ_JBPWNC010000009.1		GCF_051783405.1	3018107	
1780	WP_101195533.1,WP_101195534.1	55111	58977	3872	1222	NZ_JBPWND010000007.1		GCF_051783445.1	3018108	
1781	WP_101195533.1,WP_101195534.1	55110	58976	3872	1222	NZ_JBPWNF010000008.1		GCF_051783465.1	3445337	
1782	WP_101195533.1,WP_101195534.1	36043	39909	3872	1222	NZ_JBPWNG010000006.1		GCF_051783485.1	3445338	
1783	WP_101195534.1,WP_101195533.1	176895	180761	3872	1222	NZ_JBPWNH010000007.1		GCF_051783505.1	3445339	
1784	WP_101195534.1,WP_101195533.1	176685	180551	3872	1222	NZ_JBPWNI010000007.1		GCF_051783525.1	3445340	
1785	WP_101195533.1,WP_101195534.1	36043	39909	3872	1222	NZ_JBPWNK010000007.1		GCF_051783545.1	3445342	
1786	WP_101195533.1,WP_101195534.1	36043	39909	3872	1222	NZ_JBPWNJ010000008.1		GCF_051783565.1	3445341	
1787	WP_101195533.1,WP_101195534.1	36043	39909	3872	1222	NZ_JBPWNL010000011.1		GCF_051783585.1	3445343	
1788	WP_101195533.1,WP_101195534.1	36043	39909	3872	1222	NZ_JBPWNM010000008.1		GCF_051783605.1	3445345	
1789	WP_101195534.1,WP_101195533.1	176895	180761	3872	1222	NZ_JBPWNO010000007.1		GCF_051783625.1	3445347	
1790	WP_101195533.1,WP_101195534.1	36043	39909	3872	1222	NZ_JBPWNN010000011.1		GCF_051783645.1	3445346	
1791	WP_101195533.1,WP_101195534.1	36043	39909	3872	1222	NZ_JBPWNQ010000007.1		GCF_051783665.1	3445349	
1792	WP_101195534.1,WP_101195533.1	176895	180761	3872	1222	NZ_JBPWNP010000008.1		GCF_051783685.1	3445348	
1793	WP_000192974.1,WP_000067623.1	1269257	1273123	3872	1222	NZ_CP156026.1		GCF_051805455.1	2026186	
1794	WP_101195533.1,WP_101195534.1	55212	59078	3872	1222	NZ_JBQXOS010000002.1		GCF_052646635.1	3445261	
1795	WP_000067616.1,WP_000192959.1	6568	10434	3872	1222	NZ_JBQXOR010000008.1		GCF_052646655.1	3445258	
1796	WP_101195534.1,WP_101195533.1	562200	566066	3872	1222	NZ_JBQXOT010000002.1		GCF_052646695.1	3445262	
1797	WP_101195533.1,WP_101195534.1	55212	59078	3872	1222	NZ_JBQXOU010000002.1		GCF_052646755.1	3445268	
1798	WP_101195534.1,WP_101195533.1	562200	566066	3872	1222	NZ_JBQXOV010000002.1		GCF_052646775.1	3445269	
1799	WP_101195534.1,WP_101195533.1	562200	566066	3872	1222	NZ_JBQXOW010000002.1		GCF_052646815.1	3445270	
1800	WP_101195534.1,WP_101195533.1	430078	433944	3872	1222	NZ_JBQXOY010000004.1		GCF_052646875.1	3445282	
1801	WP_101195534.1,WP_101195533.1	562196	566062	3872	1222	NZ_JBQXOX010000002.1		GCF_052646915.1	3445278	
1802	WP_101195534.1,WP_101195533.1	562200	566066	3872	1222	NZ_JBQXOZ010000002.1		GCF_052646935.1	3445335	
1803	WP_101195533.1,WP_101195534.1	55212	59078	3872	1222	NZ_JBQXPA010000002.1		GCF_052646995.1	3445344	
1804	WP_016088832.1,WP_016088833.1	4373402	4377268	3872	1222	NZ_JBQXPN010000001.1		GCF_052656125.1	3461404	
1805	WP_074567598.1,WP_000192977.1	12432	16298	3872	1222	NZ_JBPVZY010000008.1		GCF_051776365.1	3444976	
1806	WP_000067650.1,WP_000192978.1	525533	529399	3872	1222	NZ_JBPVZZ010000003.1		GCF_051776385.1	3444977	
1807	WP_000192959.1,WP_000067616.1	201390	205256	3872	1222	NZ_JBPWAA010000003.1		GCF_051776405.1	3444978	
1808	WP_000067622.1,WP_000192974.1	299477	303343	3872	1222	NZ_JBPWAC010000003.1		GCF_051776445.1	3444980	
1809	WP_000067650.1,WP_000192978.1	525665	529531	3872	1222	NZ_JBPWAD010000003.1		GCF_051776465.1	3444981	
1810	WP_000192960.1,WP_000067616.1	121992	125858	3872	1222	NZ_JBPWAG010000009.1		GCF_051776525.1	3444984	
1811	WP_000192959.1,WP_000067616.1	201290	205156	3872	1222	NZ_JBPWAJ010000003.1		GCF_051776585.1	3444987	
1812	WP_000192959.1,WP_000067616.1	201290	205156	3872	1222	NZ_JBPWAK010000003.1		GCF_051776605.1	3444988	
1813	WP_000192959.1,WP_000067616.1	311826	315692	3872	1222	NZ_JBPWAL010000003.1		GCF_051776625.1	3444989	
1814	WP_000192959.1,WP_000067616.1	24228	28094	3872	1222	NZ_JBPWAN010000007.1		GCF_051776665.1	3444991	
1815	WP_061131564.1,WP_061131565.1	134502	138368	3872	1222	NZ_JBPWBB010000003.1		GCF_051776945.1	3445009	
1816	WP_000067650.1,WP_000192978.1	4679	8545	3872	1222	NZ_JBPWCQ010000042.1		GCF_051777785.1	3445050	
1817	WP_101195533.1,WP_101195534.1	55145	59011	3872	1222	NZ_JBPWDR010000004.1		GCF_051778305.1	3445079	
1818	WP_101195533.1,WP_101195534.1	55145	59011	3872	1222	NZ_JBPWDS010000004.1		GCF_051778345.1	3445080	
1819	WP_000067650.1,WP_000192978.1	1182782	1186648	3872	1222	NZ_JBPWDT010000001.1		GCF_051778365.1	3445081	
1820	WP_101195533.1,WP_101195534.1	55145	59011	3872	1222	NZ_JBPWDU010000004.1		GCF_051778385.1	3445082	
1821	WP_101195534.1,WP_101195533.1	430183	434049	3872	1222	NZ_JBPWDX010000004.1		GCF_051778445.1	3445085	
1822	WP_101195533.1,WP_101195534.1	55144	59010	3872	1222	NZ_JBPWDY010000004.1		GCF_051778465.1	3445086	
1823	WP_101195533.1,WP_101195534.1	55216	59082	3872	1222	NZ_JBPWEA010000003.1		GCF_051778485.1	3445088	
1824	WP_101195534.1,WP_101195533.1	430183	434049	3872	1222	NZ_JBPWDZ010000004.1		GCF_051778505.1	3445087	
1825	WP_101195534.1,WP_101195533.1	430078	433944	3872	1222	NZ_JBPWEE010000004.1		GCF_051778545.1	3445093	
1826	WP_101195534.1,WP_101195533.1	430183	434049	3872	1222	NZ_JBPWEC010000004.1		GCF_051778585.1	3445091	
1827	WP_101195533.1,WP_101195534.1	55217	59083	3872	1222	NZ_JBPWEI010000003.1		GCF_051778665.1	3445097	
1828	WP_101195534.1,WP_101195533.1	430150	434016	3872	1222	NZ_JBPWEJ010000004.1		GCF_051778685.1	3445098	
1829	WP_101195534.1,WP_101195533.1	384468	388334	3872	1222	NZ_JBPWEK010000003.1		GCF_051778705.1	3445099	
1830	WP_101195534.1,WP_101195533.1	430150	434016	3872	1222	NZ_JBPWER010000004.1		GCF_051778845.1	3445106	
1831	WP_101195534.1,WP_101195533.1	430183	434049	3872	1222	NZ_JBPWEV010000004.1		GCF_051778925.1	3445110	
1832	WP_101195533.1,WP_101195534.1	55145	59011	3872	1222	NZ_JBPWFA010000004.1		GCF_051779005.1	3445115	
1833	WP_101195533.1,WP_101195534.1	55145	59011	3872	1222	NZ_JBPWGO010000003.1		GCF_051779825.1	3445156	
1834	WP_101195534.1,WP_101195533.1	430183	434049	3872	1222	NZ_JBPWHF010000003.1		GCF_051780165.1	3445173	
1835	WP_101195534.1,WP_101195533.1	430183	434049	3872	1222	NZ_JBPWHV010000003.1		GCF_051780505.1	3445189	
1836	WP_071758952.1,WP_048526752.1	61070	64936	3872	1222	NZ_JBPWJW010000017.1		GCF_051781725.1	3445246	
1837	WP_101195534.1,WP_101195533.1	115346	119212	3872	1222	NZ_JBPWKN010000012.1		GCF_051782065.1	3445267	
1838	WP_101195534.1,WP_101195533.1	115346	119212	3872	1222	NZ_JBPWLE010000011.1		GCF_051782405.1	3445289	
1839	WP_000067627.1,WP_000192967.1	183022	186888	3872	1222	NZ_JBPWLU010000005.1		GCF_051782745.1	3445305	
1840	WP_101195533.1,WP_101195534.1	55111	58977	3872	1222	NZ_JBPWMM010000007.1		GCF_051783085.1	3445323	
1841	WP_101195533.1,WP_101195534.1	55111	58977	3872	1222	NZ_JBPWNE010000008.1		GCF_051783425.1	3445336	
1842	WP_101195533.1,WP_101195534.1	55140	59006	3872	1222	NZ_JBPWFG010000002.1		GCF_051779145.1	3445122	
1843	WP_046198555.1,WP_046198554.1	476645	480511	3872	1222	NZ_JBPWFK010000002.1		GCF_051779225.1	3445126	
1844	WP_101195534.1,WP_101195533.1	430183	434049	3872	1222	NZ_JBPWFO010000004.1		GCF_051779285.1	3445130	
1845	WP_000067616.1,WP_000192959.1	235261	239127	3872	1222	NZ_JBPWGB010000003.1		GCF_051779545.1	3445143	
1846	WP_000067650.1,WP_000192978.1	12518	16384	3872	1222	NZ_JBPWGI010000025.1		GCF_051779725.1	3445150	
1847	WP_101195534.1,WP_101195533.1	430078	433944	3872	1222	NZ_JBPWGM010000003.1		GCF_051779805.1	3445154	
1848	WP_000067627.1,WP_000192967.1	390464	394330	3872	1222	NZ_JBQACZ010000003.1		GCF_051914545.1	3450565	
1849	WP_000067627.1,WP_000192967.1	390464	394330	3872	1222	NZ_JBQADA010000003.1		GCF_051914565.1	3450566	
1850	WP_000067627.1,WP_000192967.1	390464	394330	3872	1222	NZ_JBQADC010000003.1		GCF_051914585.1	3450568	
1851	WP_101195534.1,WP_101195533.1	562200	566066	3872	1222	NZ_JBQADB010000002.1		GCF_051914605.1	3450567	
1852	WP_000067627.1,WP_000192967.1	390464	394330	3872	1222	NZ_JBQADD010000003.1		GCF_051914625.1	3450569	
1853	WP_000192967.1,WP_000067627.1	202984	206850	3872	1222	NZ_JBQADE010000003.1		GCF_051914645.1	3450570	
1854	WP_000067627.1,WP_000192967.1	390464	394330	3872	1222	NZ_JBQADF010000003.1		GCF_051914655.1	3450571	
1855	WP_101195533.1,WP_101195534.1	55217	59083	3872	1222	NZ_JBQADG010000004.1		GCF_051914685.1	3450572	
1856	WP_000192967.1,WP_000067627.1	202984	206850	3872	1222	NZ_JBQADH010000003.1		GCF_051914705.1	3450573	
1857	WP_000067627.1,WP_000192967.1	390917	394783	3872	1222	NZ_JBQADI010000003.1		GCF_051914735.1	3450574	
1858	WP_000067627.1,WP_000192967.1	390464	394330	3872	1222	NZ_JBQADK010000003.1		GCF_051914765.1	3450576	
1859	WP_101195534.1,WP_101195533.1	430183	434049	3872	1222	NZ_JBQADL010000004.1		GCF_051914785.1	3450577	
1860	WP_101195534.1,WP_101195533.1	430183	434049	3872	1222	NZ_JBQADM010000003.1		GCF_051914795.1	3450578	
1861	WP_000192967.1,WP_000067627.1	202984	206850	3872	1222	NZ_JBQADN010000003.1		GCF_051914825.1	3450579	
1862	WP_000067627.1,WP_000192967.1	390464	394330	3872	1222	NZ_JBQADP010000003.1		GCF_051914845.1	3450581	
1863	WP_000192967.1,WP_000067627.1	202984	206850	3872	1222	NZ_JBQADQ010000003.1		GCF_051914885.1	3450582	
1864	WP_000067627.1,WP_000192967.1	390917	394783	3872	1222	NZ_JBQADS010000004.1		GCF_051914905.1	3450584	
1865	WP_000067627.1,WP_000192967.1	390464	394330	3872	1222	NZ_JBQADT010000003.1		GCF_051914925.1	3450585	
1866	WP_000067627.1,WP_000192967.1	390917	394783	3872	1222	NZ_JBQADR010000003.1		GCF_051914945.1	3450583	
1867	WP_000192967.1,WP_000067627.1	202984	206850	3872	1222	NZ_JBQADU010000003.1		GCF_051914985.1	3450586	
1868	WP_000067627.1,WP_000192967.1	390464	394330	3872	1222	NZ_JBQADW010000003.1		GCF_051915005.1	3450588	
1869	WP_000067627.1,WP_000192967.1	390464	394330	3872	1222	NZ_JBQADX010000003.1		GCF_051915025.1	3450589	
1870	WP_101195534.1,WP_101195533.1	430183	434049	3872	1222	NZ_JBQADY010000004.1		GCF_051915045.1	3450590	
1871	WP_101195533.1,WP_101195534.1	55212	59078	3872	1222	NZ_JBQADZ010000002.1		GCF_051915065.1	3450591	
1872	WP_101195533.1,WP_101195534.1	55212	59078	3872	1222	NZ_JBQAEB010000002.1		GCF_051915085.1	3450593	
1873	WP_101195534.1,WP_101195533.1	562200	566066	3872	1222	NZ_JBQAEC010000002.1		GCF_051915125.1	3450594	
1874	WP_101195533.1,WP_101195534.1	55212	59078	3872	1222	NZ_JBQAED010000002.1		GCF_051915145.1	3450595	
1875	WP_000192978.1,WP_000067650.1	8972	12838	3872	1222	NZ_JBQAEI010000002.1		GCF_051915245.1	3450600	
1876	WP_000067650.1,WP_000192978.1	721223	725089	3872	1222	NZ_JBQAEJ010000002.1		GCF_051915265.1	3450601	
1877	WP_440025417.1,WP_440025419.1	340339	344205	3872	1222	NZ_JBQAEN010000003.1		GCF_051915325.1	3450605	
1878	WP_000067616.1,WP_000192959.1	6677	10543	3872	1222	NZ_JBQAEM010000018.1		GCF_051915345.1	3450604	
1879	WP_440025417.1,WP_440025419.1	127022	130888	3872	1222	NZ_JBQAEO010000014.1		GCF_051915365.1	3450606	
1880	WP_000192960.1,WP_000067616.1	198347	202213	3872	1222	NZ_JBQAEP010000002.1		GCF_051915385.1	3450607	
1881	WP_000192960.1,WP_000067616.1	198342	202208	3872	1222	NZ_JBQAEQ010000002.1		GCF_051915405.1	3450608	
1882	WP_000192974.1,WP_000067623.1	353698	357564	3872	1222	NZ_JBQAER010000001.1		GCF_051915425.1	3450609	
1883	WP_000067623.1,WP_000192974.1	184531	188397	3872	1222	NZ_JBQAES010000006.1		GCF_051915445.1	3450610	
1884	WP_227571839.1,WP_103626632.1	236363	240229	3872	1222	NZ_JBQAET010000004.1		GCF_051915465.1	3450611	
1885	WP_000067623.1,WP_439965014.1	454057	457923	3872	1222	NZ_JBQAEU010000002.1		GCF_051915485.1	3450612	
1886	WP_439965014.1,WP_000067623.1	384106	387972	3872	1222	NZ_JBQAEV010000004.1		GCF_051915505.1	3450613	
1887	WP_000067623.1,WP_000192974.1	453966	457832	3872	1222	NZ_JBQAFA010000002.1		GCF_051915585.1	3450618	
1888	WP_000067623.1,WP_439965014.1	454057	457923	3872	1222	NZ_JBQAFC010000002.1		GCF_051915645.1	3450620	
1889	WP_000192959.1,WP_000067616.1	35726	39592	3872	1222	NZ_JBQAFG010000025.1		GCF_051915735.1	3450624	
1890	WP_000067616.1,WP_000192960.1	315128	318994	3872	1222	NZ_JBQAFH010000001.1		GCF_051915765.1	3450625	
1891	WP_158318025.1,WP_372391654.1	376568	380434	3872	1222	NZ_JBQAFL010000005.1		GCF_051915815.1	3450629	
1892	WP_163254067.1,WP_163254066.1	231372	235238	3872	1222	NZ_JBQAFT010000006.1		GCF_051915985.1	3450637	
1893	WP_000192977.1,WP_074567598.1	215465	219331	3872	1222	NZ_JBQAGB010000003.1		GCF_051916145.1	3450645	
1894	WP_074567598.1,WP_000192977.1	12449	16315	3872	1222	NZ_JBQAGC010000008.1		GCF_051916185.1	3450646	
1895	WP_440018656.1,WP_326305339.1	392517	396383	3872	1222	NZ_JBQAGH010000003.1		GCF_051916265.1	3450651	
1896	WP_440018656.1,WP_326305339.1	392517	396383	3872	1222	NZ_JBQAGI010000001.1		GCF_051916285.1	3450652	
1897	WP_000105762.1,WP_429774580.1	39499	43365	3872	1222	NZ_JBQAGM010000018.1		GCF_051916385.1	3450656	
1898	WP_440049028.1,WP_061185267.1	5148	9014	3872	1222	NZ_JBQAGP010000008.1		GCF_051916425.1	3450659	
1899	WP_048526752.1,WP_071758952.1	200078	203944	3872	1222	NZ_JBQAHK010000005.1		GCF_051916845.1	3450680	
1900	WP_071758952.1,WP_048526752.1	108318	112184	3872	1222	NZ_JBQAHL010000007.1		GCF_051916855.1	3450681	
1901	WP_440023514.1,WP_139869739.1	173067	176933	3872	1222	NZ_JBQAHO010000003.1		GCF_051916915.1	3450684	
1902	WP_000067650.1,WP_000192978.1	753860	757726	3872	1222	NZ_JBQAHT010000002.1		GCF_051917005.1	3450689	
1903	WP_000192978.1,WP_000067650.1	8785	12651	3872	1222	NZ_JBQAHU010000002.1		GCF_051917045.1	3450690	
1904	WP_061131565.1,WP_440044693.1	327965	331831	3872	1222	NZ_JBQAHW010000007.1		GCF_051917085.1	3450692	
1905	WP_000192959.1,WP_000067616.1	200534	204400	3872	1222	NZ_JBQAHX010000010.1		GCF_051917095.1	3450693	
1906	WP_000105762.1,WP_429774580.1	112394	116260	3872	1222	NZ_JBQAIA010000006.1		GCF_051917145.1	3450696	
1907	WP_429774580.1,WP_000105762.1	241732	245598	3872	1222	NZ_JBQAIB010000003.1		GCF_051917165.1	3450697	
1908	WP_000067650.1,WP_000192978.1	169906	173772	3872	1222	NZ_JBQBKX010000011.1		GCF_051917385.1	2026187	
1909	WP_101195534.1,WP_101195533.1	430183	434049	3872	1222	NZ_JBQXOE010000002.1		GCF_052646075.1	3444995	
1910	WP_000067616.1,WP_000192959.1	235261	239127	3872	1222	NZ_JBQXOO010000003.1		GCF_052646515.1	3445238	
1911	WP_000192977.1,WP_074567598.1	204629	208495	3872	1222	NZ_JBSBCD010000003.1		GCF_053456625.1	2026187	
1912	WP_000192977.1,WP_074567598.1	204629	208495	3872	1222	NZ_JBSBCF010000003.1		GCF_053456665.1	2026187	
1913	WP_044792768.1,WP_440045298.1	235853	239716	3869	1222	NZ_JBQAIE010000002.1		GCF_051918845.1	3450700	
1914	WP_440165116.1,WP_440165118.1	136626	140492	3872	1222	NZ_JAYJLO010000001.1		GCF_051948935.1	3110916	
1915	WP_431141955.1,WP_431141954.1	274051	277917	3872	1222	NZ_JBQKKF010000004.1		GCF_052116885.1	1890302	
1916	WP_000067616.1,WP_000192959.1	3972519	3976385	3872	1222	NZ_CM129597.1		GCF_052947735.1	2026186	
1917	WP_000192959.1,WP_000067616.1	3892404	3896270	3872	1222	NZ_CM129598.1		GCF_052947745.1	2026186	
1918	WP_000192959.1,WP_000067616.1	1340176	1344042	3872	1222	NZ_CM129599.1		GCF_052947775.1	2026186	
1919	WP_000192959.1,WP_000067616.1	1279275	1283141	3872	1222	NZ_CM129601.1		GCF_052947815.1	2026186	
1920	WP_000067616.1,WP_000192959.1	1913154	1917020	3872	1222	NZ_CM129602.1		GCF_052947835.1	2026186	
1921	WP_000192959.1,WP_000067616.1	5017197	5021063	3872	1222	NZ_CM129603.1		GCF_052947855.1	2026186	
1922	WP_000192959.1,WP_000067616.1	1464328	1468194	3872	1222	NZ_CM129625.1		GCF_052948155.1	2026186	
1923	WP_158318025.1,WP_000192962.1	4411709	4415575	3872	1222	NZ_JBROTA020000001.1		GCF_053092545.2	1392	
1924	WP_095842669.1,WP_098947235.1	1891495	1895361	3872	1222	NZ_JBROTK010000001.1		GCF_053092585.1	2026186	
1925	WP_000192967.1,WP_000067627.1	202984	206850	3872	1222	NZ_JBQADO010000003.1		GCF_051914865.1	3450580	
1926	WP_270706171.1,WP_270706173.1	293265	297131	3872	1222	NZ_JBQAEG010000005.1		GCF_051915205.1	3450598	
1927	WP_139869739.1,WP_440023514.1	340777	344643	3872	1222	NZ_JBQAHN010000001.1		GCF_051916905.1	3450683	
1928	WP_437402827.1,WP_074565486.1	291334	295200	3872	1222	NZ_JBPSCY010000003.1		GCF_051488385.1	2026188	
1929	WP_103626632.1,WP_227571839.1	115461	119327	3872	1222	NZ_JBPVZX010000005.1		GCF_051776305.1	3444975	
1930	WP_242293865.1,WP_439195254.1	12648	16514	3872	1222	NZ_JBELNU010000004.1		GCF_051844135.1	2026187	
1931	WP_101195533.1,WP_101195534.1	55216	59082	3872	1222	NZ_JBQACX010000004.1		GCF_051914505.1	3450563	
1932	WP_416504202.1,WP_416504203.1	454517	458383	3872	1222	NZ_JAVGCW010000002.1		GCF_052928345.1	3071479	
1933	WP_000192959.1,WP_000067616.1	21364	25230	3872	1222	NZ_CM129585.1		GCF_052947495.1	2026186	
1934	WP_000192959.1,WP_000067616.1	967100	970966	3872	1222	NZ_CM129587.1		GCF_052947535.1	2026186	
1935	WP_000192960.1,WP_431106349.1	1353920	1357786	3872	1222	NZ_CM129588.1		GCF_052947555.1	2026186	
1936	WP_000067616.1,WP_000192959.1	722540	726406	3872	1222	NZ_CM129589.1		GCF_052947565.1	2026186	
1937	WP_000067616.1,WP_000192959.1	4090441	4094307	3872	1222	NZ_CM129590.1		GCF_052947595.1	2026186	
1938	WP_446890466.1,WP_000192978.1	3390513	3394379	3872	1222	NZ_CM129591.1		GCF_052947615.1	2026187	
1939	WP_087984771.1,WP_088062531.1	1233763	1237629	3872	1222	NZ_CM129593.1		GCF_052947655.1	2983392	
1940	WP_000192959.1,WP_000067616.1	5068555	5072421	3872	1222	NZ_CM129594.1		GCF_052947675.1	2026186	
1941	WP_000192959.1,WP_000067616.1	684249	688115	3872	1222	NZ_JBQQFD010000003.1		GCF_052259025.1	3026937	
1942	WP_088048344.1,WP_088048343.1	4833	8699	3872	1222	NZ_JBSHCD010000038.1		GCF_053615615.1	1890302	
1943	WP_452093023.1,WP_197229275.1	268278	272144	3872	1222	NZ_JBSHEM010000003.1		GCF_053616815.1	1890302	
1944	WP_461300187.1,WP_429600679.1	305651	309517	3872	1222	NZ_JBTREW010000002.1		GCF_054823925.1	3475249	
1945	WP_087984771.1,WP_087984772.1	232500	236366	3872	1222	NZ_FMBI01000024.1		GCF_900094685.1	1428	
1946	WP_088106952.1,WP_001061542.1	311511	315377	3872	1222	NZ_FMBG01000011.1		GCF_900094745.1	1890302	
1947	WP_073517497.1,WP_073517496.1	543707	547573	3872	1222	NZ_FMBJ01000013.1		GCF_900094815.1	2026190	
1948	WP_088057625.1,WP_088057627.1	242751	246617	3872	1222	NZ_FMJO01000023.1		GCF_900094855.1	1890302	
1949	WP_087984771.1,WP_088062531.1	165690	169556	3872	1222	NZ_FMIJ01000012.1		GCF_900095505.1	1890302	
1950	WP_000192960.1,WP_000067616.1	1572	5438	3872	1222	NZ_JBSXQB010000002.1		GCF_054073465.1	2026186	
1951	WP_000192959.1,WP_000067616.1	545456	549322	3872	1222	NZ_JBSIBM010000001.1		GCF_054106025.1	2026186	
1952	WP_101195533.1,WP_101195534.1	55106	58972	3872	1222	NZ_JBTLAM010000003.1		GCF_054458675.1	1396	
1953	WP_000192967.1,WP_042513076.1	523145	527011	3872	1222	NZ_JBTLAQ010000001.1		GCF_054458755.1	1396	
1954	WP_101195534.1,WP_101195533.1	562093	565959	3872	1222	NZ_JBTLAZ010000003.1		GCF_054459055.1	1396	
1955	WP_101195534.1,WP_101195533.1	562094	565960	3872	1222	NZ_JBTLAY010000003.1		GCF_054459075.1	1396	
1956	WP_000067627.1,WP_458909296.1	182491	186357	3872	1222	NZ_JBTLBK010000007.1		GCF_054459315.1	1396	
1957	WP_000192967.1,WP_042513076.1	523145	527011	3872	1222	NZ_JBTLBM010000001.1		GCF_054459355.1	1396	
1958	WP_000192967.1,WP_042513076.1	206026	209892	3872	1222	NZ_JBTLBT010000002.1		GCF_054459515.1	1396	
1959	WP_101195534.1,WP_101195533.1	562094	565960	3872	1222	NZ_JBTLBW010000003.1		GCF_054459575.1	1396	
1960	WP_000067616.1,WP_000192959.1	133492	137358	3872	1222	NZ_JBQXOP010000003.1		GCF_052646535.1	3445239	
1961	WP_452093023.1,WP_197229275.1	268068	271934	3872	1222	NZ_JBSHFT010000003.1		GCF_053617455.1	1890302	
1962	WP_236793333.1,WP_236793331.1	50614	54480	3872	1222	NZ_BAAIBW010000006.1		GCF_054765795.1	1396	
1963	WP_000192967.1,WP_000067627.1	20482	24348	3872	1222	NZ_BAAIBU010000048.1		GCF_054765855.1	1396	
1964	WP_236793331.1,WP_236793333.1	188729	192595	3872	1222	NZ_BAAIBR010000006.1		GCF_054765995.1	1396	
1965	WP_236793331.1,WP_236793333.1	455023	458889	3872	1222	NZ_BAAIBK010000002.1		GCF_054766275.1	1396	
1966	WP_000192959.1,WP_000067616.1	1343256	1347122	3872	1222	NZ_JBVOUZ010000003.1		GCF_055685715.1	2026186	
1967	WP_000192960.1,WP_000067616.1	197691	201557	3872	1222	NZ_JBVQSU010000068.1		GCF_055704125.1	2026186	
1968	WP_000067629.1,WP_428889286.1	3530781	3534647	3872	1222	NZ_JBVVNL010000001.1		GCF_055825275.1	3694286	
1969	WP_016088833.1,WP_016088832.1	516395	520261	3872	1222	NZ_JBSKAG010000003.1		GCF_053712515.1	1890302	
1970	WP_000067622.1,WP_000192974.1	1869954	1873820	3872	1222	NZ_JBSPGE010000001.1		GCF_053849005.1	2026186	
1971	WP_000067616.1,WP_000192959.1	683575	687441	3872	1222	NZ_JBSQAD010000004.1		GCF_053850125.1	2026186	
1972	WP_474063312.1,WP_087994548.1	15610	19476	3872	1222	NZ_JBVVXV010000012.1		GCF_055902415.1	3454664	
1973	WP_474407227.1,WP_474407229.1	1208254	1212120	3872	1222	NZ_CM148565.1		GCF_056110285.1	2026189	
1974	WP_000192959.1,WP_000067616.1	311858	315724	3872	1222	NZ_JBWJFN010000015.1		GCF_056387935.1	2026186	
1975	WP_000192959.1,WP_000067616.1	311858	315724	3872	1222	NZ_JBWJFO010000015.1		GCF_056387975.1	2026186	
1976	WP_088062531.1,WP_087984771.1	363790	367656	3872	1222	NZ_JBFTQW010000003.1		GCF_056399205.1	3238449	
1977	WP_138322300.1,WP_265153149.1	724890	728756	3872	1222	NZ_JBSQAC010000003.1		GCF_053852075.1	2026186	
1978	WP_458466127.1,WP_458466128.1	129924	133790	3872	1222	NZ_JBTGPA010000019.1		GCF_054326875.1	3480113	
1979	WP_458466127.1,WP_458466128.1	129924	133790	3872	1222	NZ_JBTGOZ010000034.1		GCF_054326895.1	3480112	
1980	WP_000192960.1,WP_000067616.1	144441	148307	3872	1222	NZ_JBWBAH010000005.1		GCF_056134005.1	2026186	
1981	WP_000067623.1,WP_474398633.1	185961	189827	3872	1222	NZ_JBWBAI010000006.1		GCF_056134025.1	2026186	
1982	WP_000067623.1,WP_474398633.1	157145	161011	3872	1222	NZ_JBWAXT010000002.1		GCF_056135665.1	2026186	
1983	WP_048526752.1,WP_071758952.1	1200480	1204346	3872	1222	NZ_CM148751.1		GCF_056140555.1	2026189	
1984	WP_474866005.1,WP_474866007.1	106845	110711	3872	1222	NZ_JBMIHL010000003.1		GCF_056155665.1	2499213	
1985	WP_000192959.1,WP_000067616.1	39089	42955	3872	1222	NZ_FWYW01000070.1		GCF_900176925.1	2026186	
1986	WP_088015403.1,WP_070172312.1	111513	115379	3872	1222	NZ_FWYZ01000039.1		GCF_900176965.1	1396	
1987	WP_061185267.1,WP_086707399.1	319245	323111	3872	1222	NZ_FWZA01000031.1		GCF_900176985.1	2026186	
1988	WP_073517496.1,WP_073517497.1	317464	321330	3872	1222	NZ_FWZG01000028.1		GCF_900177005.1	2026190	
1989	WP_000067627.1,WP_000192967.1	12945	16811	3872	1222	NZ_BAAICH010000032.1		GCF_054765575.1	1396	
1990	WP_000192967.1,WP_000067627.1	166	4032	3872	1222	NZ_BAAICF010000011.1		GCF_054765615.1	1396	
1991	WP_000192967.1,WP_000067627.1	20482	24348	3872	1222	NZ_BAAICE010000048.1		GCF_054765635.1	1396	
1992	WP_236793331.1,WP_236793333.1	197022	200888	3872	1222	NZ_BAAICD010000003.1		GCF_054765655.1	1396	
1993	WP_078383585.1,WP_078383584.1	53481	57347	3872	1222	NZ_BAAICB010000006.1		GCF_054765695.1	1396	
1994	WP_078383585.1,WP_078383584.1	53483	57349	3872	1222	NZ_BAAICA010000007.1		GCF_054765715.1	1396	
1995	WP_236793333.1,WP_236793331.1	50762	54628	3872	1222	NZ_BAAIBZ010000003.1		GCF_054765735.1	1396	
1996	WP_000192967.1,WP_000067627.1	20482	24348	3872	1222	NZ_BAAIBY010000008.1		GCF_054765755.1	1396	
1997	WP_000192959.1,WP_000067620.1	158906	162772	3872	1222	NZ_JBVTTQ010000001.1		GCF_055754955.1	2026186	
1998	WP_000192967.1,WP_000067627.1	170581	174447	3872	1222	NZ_JBVTUT010000004.1		GCF_055790645.1	1392	
1999	WP_098101835.1,WP_098101837.1	467669	471535	3872	1222	NZ_JBWCCO010000001.1		GCF_056279505.1	1890302	
2000	WP_088048344.1,WP_088048343.1	817387	821253	3872	1222	NZ_JBWCCS010000001.1		GCF_056279565.1	1890302	
2001	WP_270672716.1,WP_071758952.1	1212769	1216635	3872	1222	NZ_CM149987.1		GCF_056312675.1	2026189	
2002	WP_098275483.1,WP_098095513.1	491641	495507	3872	1222	NZ_JBVAOV010000002.1		GCF_055414345.1	1890302	
2003	WP_464853041.1,WP_464853043.1	4721584	4725450	3872	1222	NZ_JBUBAE010000001.1		GCF_055474445.1	2983392	
2004	WP_097857474.1,WP_456532138.1	3193527	3197393	3872	1222	NZ_CM133325.1		GCF_054055455.1	2983392	
2005	WP_000192960.1,WP_000067616.1	1572	5438	3872	1222	NZ_JBTZST010000002.1		GCF_054882455.1	2026186	
2006	WP_000192959.1,WP_000067616.1	200501	204367	3872	1222	NZ_JBWGTQ010000091.1		GCF_056336365.1	2026186	
2007	WP_078383585.1,WP_078383584.1	198608	202474	3872	1222	NZ_BAAIBA010000003.1		GCF_054766655.1	1396	
2008	WP_236793333.1,WP_236793331.1	52112	55978	3872	1222	NZ_BAAIAW010000007.1		GCF_054766915.1	1396	
2009	WP_098555454.1,WP_460506160.1	296463	300329	3872	1222	NZ_BTRL01000008.1		GCF_054771475.1	3064162	
2010	WP_076874056.1,WP_061131564.1	9398	13264	3872	1222	NZ_FWZC01000041.1		GCF_900176835.1	2026186	
2011	WP_000192977.1,WP_074567598.1	215354	219220	3872	1222	NZ_FWZB01000040.1		GCF_900176875.1	2026187	
2012	WP_000192959.1,WP_000067616.1	200480	204346	3872	1222	NZ_FWZF01000061.1		GCF_900176895.1	2026186	
2013	WP_000193004.1,WP_071679308.1	920622	924488	3872	1222	NZ_CM149709.1		GCF_056237735.1	2026188	
2014	WP_042513076.1,WP_000192967.1	17218	21084	3872	1222	NZ_FWYV01000037.1		GCF_900176915.1	1396	
2015	WP_000067616.1,WP_000192959.1	193154	197020	3872	1222	NZ_CAJCKT010000004.1		GCF_903971065.1	2744251	
2016	WP_061131564.1,WP_071741578.1	180292	184158	3872	1222	NZ_CBCSIA010000003.1		GCF_965139025.1	2026186	
2017	WP_087984771.1,WP_088062531.1	498825	502691	3872	1222	NZ_CBCSID010000002.1		GCF_965139045.1	1890302	
2018	WP_071723992.1,WP_071723990.1	25641	29507	3872	1222	NZ_CEMAMU010000032.1		GCF_980645275.1	2026188	
2019	WP_000067615.1,WP_000192969.1	24302	28168	3872	1222	NZ_CAKJWU010000001.1		GCF_918197515.1	1396	
2020	WP_000192973.1,WP_000067624.1	206665	210531	3872	1222	NZ_CABMEX010000001.1		GCF_902385315.1	2026186	
2021	WP_410254735.1,WP_000067625.1	1638546	1642412	3872	1222	NZ_OZ205032.1		GCF_964341285.1	1392	
2022	WP_242251013.1,WP_242251010.1	930361	934227	3872	1222	NZ_CBCOPM010000002.1		GCF_965111945.1	3369435	
2023	WP_071722188.1,WP_071722186.1	167384	171250	3872	1222	NZ_CBCSHS010000004.1		GCF_965138965.1	2026190	
2024	WP_071758952.1,WP_048526752.1	124692	128558	3872	1222	NZ_CBCSIO010000009.1		GCF_965139005.1	2026189	
2025	WP_262304841.1,WP_262304842.1	62756	66652	3902	1218	NZ_JAMBOX010000005.1		GCF_023715785.1	86668	
2026	WP_000192965.1,WP_000067632.1	1219122	1222988	3872	1217	NC_003997.3		GCF_000007845.1	198094	
2027	WP_000192965.1,WP_000067632.1	1219190	1223056	3872	1217	NC_005945.1		GCF_000008165.1	260799	
2028	WP_000192965.1,WP_000067632.1	1219244	1223110	3872	1217	NC_007530.2		GCF_000008445.1	261594	
2029	WP_000192963.1,WP_000067630.1	1251053	1254919	3872	1217	NC_006274.1		GCF_000011625.1	288681	
2030	WP_000192965.1,WP_000067632.1	1219210	1223076	3872	1217	NZ_CP010813.1		GCF_000831505.1	1392	
2031	WP_000192965.1,WP_000067632.1	4780591	4784457	3872	1217	NZ_CP007704.1		GCF_000742875.1	1392	
2032	WP_000192965.1,WP_000067632.1	92081	95947	3872	1217	NZ_CP007666.1		GCF_000742895.1	261591	
2033	WP_000192965.1,WP_000067631.1	679327	683193	3872	1217	NZ_KN050648.1		GCF_000743805.1	1392	
2034	WP_000067632.1,WP_000192965.1	4527466	4531332	3872	1217	NZ_KN050651.1		GCF_000743825.1	1392	
2035	WP_000067632.1,WP_000192965.1	149639	153505	3872	1217	NZ_ABKF01000009.1		GCF_000181915.1	486619	
2036	WP_000067632.1,WP_000192965.1	4273461	4277327	3872	1217	NZ_CP008752.1		GCF_000742695.1	1392	
2037	WP_000067632.1,WP_000192965.1	442966	446832	3872	1217	NZ_JSZU01000029.1		GCF_000783035.1	1392	
2038	WP_000067632.1,WP_000192965.1	459978	463844	3872	1217	NZ_LAKZ01000016.1		GCF_000986915.1	1392	
2039	WP_000067632.1,WP_000192965.1	443050	446916	3872	1217	NZ_LBFE01000003.1		GCF_000986935.1	1392	
2040	WP_017560877.1,WP_017560876.1	91319	95185	3872	1217	NZ_LCYM01000057.1		GCF_001008645.1	1396	
2041	WP_000192965.1,WP_000067632.1	16814	20680	3872	1217	NZ_BBWX01000028.1		GCF_001015005.1	1392	
2042	WP_000192965.1,WP_000067632.1	471854	475720	3872	1217	NZ_BBWY01000010.1		GCF_001015025.1	1392	
2043	WP_000067632.1,WP_000192965.1	290209	294075	3872	1217	NZ_LGID01000042.1		GCF_001273145.1	1392	
2044	WP_000067632.1,WP_000192965.1	459977	463843	3872	1217	NZ_LHUO01000014.1		GCF_001276995.1	1392	
2045	WP_000192965.1,WP_000067632.1	1218834	1222700	3872	1217	NZ_CP012519.1		GCF_001277955.1	1392	
2046	WP_017560877.1,WP_017560876.1	183698	187564	3872	1217	NZ_LOMT01000128.1		GCF_001583805.1	1396	
2047	WP_000192965.1,WP_000067631.1	16309	20175	3872	1217	NZ_ABKG01000007.1		GCF_000181935.1	486621	
2048	WP_000067631.1,WP_000192965.1	149926	153792	3872	1217	NZ_ABLH01000006.1		GCF_000181995.1	486620	
2049	WP_000067632.1,WP_000192965.1	198054	201920	3872	1217	NZ_ABLT01000006.1		GCF_000182055.1	486622	
2050	WP_000067632.1,WP_000192965.1	199156	203022	3872	1217	NZ_ABLB01000006.1		GCF_000219895.1	486623	
2051	WP_000192965.1,WP_000067632.1	1209972	1213838	3872	1217	NC_017729.1		GCF_000258885.1	768494	
2052	WP_000067632.1,WP_000192965.1	432241	436107	3872	1217	NZ_ANAO01000003.1		GCF_000310045.1	1245029	
2053	WP_000192965.1,WP_000067632.1	472502	476368	3872	1217	NZ_ANFG01000003.1		GCF_000319715.1	1248436	
2054	WP_000192965.1,WP_000067632.1	677513	681379	3872	1217	NZ_JSZV01000040.1		GCF_000783055.1	1392	
2055	WP_000067632.1,WP_000192965.1	443023	446889	3872	1217	NZ_JSZW01000041.1		GCF_000783075.1	1392	
2056	WP_000067632.1,WP_000192965.1	443050	446916	3872	1217	NZ_JSZY01000053.1		GCF_000783095.1	1392	
2057	WP_000192965.1,WP_000067632.1	476402	480268	3872	1217	NZ_JTAA01000052.1		GCF_000783115.1	1392	
2058	WP_000067632.1,WP_000192965.1	442742	446608	3872	1217	NZ_JTAB01000060.1		GCF_000783135.1	1392	
2059	WP_000192965.1,WP_000067632.1	35780	39646	3872	1217	NZ_JTAD01000034.1		GCF_000783165.1	1392	
2060	WP_000192965.1,WP_000067632.1	67527	71393	3872	1217	NZ_JTAE01000052.1		GCF_000783195.1	1392	
2061	WP_000067632.1,WP_000192965.1	442999	446865	3872	1217	NZ_JTAF01000051.1		GCF_000783215.1	1392	
2062	WP_000067632.1,WP_000192965.1	173129	176995	3872	1217	NZ_JTAG01000061.1		GCF_000783235.1	1392	
2063	WP_000192965.1,WP_000067632.1	471150	475016	3872	1217	NZ_JTAP01000033.1		GCF_000793525.1	1392	
2064	WP_000192965.1,WP_000067632.1	471656	475522	3872	1217	NZ_JSZX01000031.1		GCF_000793545.1	1392	
2065	WP_000192965.1,WP_000067631.1	1205916	1209782	3872	1217	NZ_CP047131.1		GCF_000295695.2	1213182	
2066	WP_000192965.1,WP_000067631.1	1206006	1209872	3872	1217	NZ_CP006742.1		GCF_000583105.1	1392837	
2067	WP_042511598.1,WP_001984386.1	3559111	3562977	3872	1217	NZ_CP009720.1		GCF_000832925.1	1428	
2068	WP_000067632.1,WP_000192965.1	628116	631982	3872	1217	NZ_CP009902.1		GCF_000832965.1	1392	
2069	WP_000067630.1,WP_000192963.1	4206127	4209993	3872	1217	NZ_CP009968.1		GCF_000833045.1	288681	
2070	WP_000067632.1,WP_000192965.1	3268457	3272323	3872	1217	NZ_CP009981.1		GCF_000833065.1	1392	
2071	WP_000192965.1,WP_000067632.1	4164901	4168767	3872	1217	NZ_CP010322.1		GCF_000833125.1	1392	
2072	WP_000192965.1,WP_000067632.1	3024070	3027936	3872	1217	NZ_CP009315.1		GCF_000833275.1	1452727	
2073	WP_000192965.1,WP_000067632.1	1502339	1506205	3872	1217	NZ_CP010852.1		GCF_000875715.1	1392	
2074	WP_000192965.1,WP_000067632.1	35868	39734	3872	1217	NZ_JHCB02000012.1		GCF_000697515.2	1392	
2075	WP_000192965.1,WP_000067632.1	471537	475403	3872	1217	NZ_JHDR02000013.1		GCF_000697535.2	1392	
2076	WP_000192965.1,WP_000067631.1	471926	475792	3872	1217	NZ_JHDS02000010.1		GCF_000697555.1	1392	
2077	WP_000067632.1,WP_000192965.1	173131	176997	3872	1217	NZ_AGQP01000026.1		GCF_000278385.1	1081943	
2078	WP_000192965.1,WP_000067632.1	1219277	1223143	3872	1217	NZ_CP001974.2		GCF_000512775.2	673518	
2079	WP_000192965.1,WP_000067632.1	1219296	1223162	3872	1217	NZ_CP001970.2		GCF_000512835.2	743835	
2080	WP_000192965.1,WP_000067632.1	67754	71620	3872	1217	NZ_AZQO01000015.1		GCF_000521345.1	1435357	
2081	WP_000192965.1,WP_000067632.1	1219936	1223802	3872	1217	NZ_CM002401.1		GCF_000558965.1	1412843	
2082	WP_000192965.1,WP_000067632.1	1219792	1223658	3872	1217	NZ_CM002398.1		GCF_000558985.1	1412842	
2083	WP_000192965.1,WP_000067632.1	1219611	1223477	3872	1217	NZ_CM002395.1		GCF_000559005.1	1412844	
2084	WP_017560877.1,WP_017560876.1	2961	6827	3872	1217	NZ_JYPL01000290.1		GCF_001044585.1	1396	
2085	WP_000067632.1,WP_000192965.1	460169	464035	3872	1217	NZ_LFYF01000013.1		GCF_001272985.1	1392	
2086	WP_000067632.1,WP_000192965.1	460204	464070	3872	1217	NZ_LFYG01000020.1		GCF_001273005.1	1392	
2087	WP_000067632.1,WP_000192965.1	459983	463849	3872	1217	NZ_LFYH01000030.1		GCF_001273025.1	1392	
2088	WP_000067632.1,WP_000192965.1	443146	447012	3872	1217	NZ_LFYI01000017.1		GCF_001273045.1	1392	
2089	WP_000067632.1,WP_000192965.1	290134	294000	3872	1217	NZ_LFYJ01000006.1		GCF_001273065.1	1392	
2090	WP_000067632.1,WP_000192965.1	290114	293980	3872	1217	NZ_LGIE01000027.1		GCF_001273085.1	1392	
2091	WP_000192965.1,WP_000067632.1	471833	475699	3872	1217	NZ_LGIF01000021.1		GCF_001273105.1	1392	
2092	WP_000192968.1,WP_000067632.1	1135408	1139274	3872	1217	NZ_CM000752.1		GCF_000161595.1	527022	
2093	WP_000067631.1,WP_000192965.1	201036	204902	3872	1217	NZ_AAEN01000008.1		GCF_000167235.1	280354	
2094	WP_000067632.1,WP_000192965.1	149978	153844	3872	1217	NZ_AAEO01000037.1		GCF_000167255.1	280355	
2095	WP_000192965.1,WP_000067632.1	25361	29227	3872	1217	NZ_AAEP01000030.3		GCF_000167275.1	261591	
2096	WP_000192965.1,WP_000067631.1	25511	29377	3872	1217	NZ_AAEQ01000023.3		GCF_000167295.1	205919	
2097	WP_000067632.1,WP_000192965.1	200826	204692	3872	1217	NZ_AAER01000019.3		GCF_000167315.1	212045	
2098	WP_000192965.1,WP_000067632.1	25381	29247	3872	1217	NZ_AAES01000029.1		GCF_000167335.1	280477	
2099	WP_000192965.1,WP_000067632.1	26136	30002	3872	1217	NZ_ABDN02000018.1		GCF_000181675.2	405536	
2100	WP_000192965.1,WP_000067632.1	16773	20639	3872	1217	NZ_ABJC01000006.1		GCF_000181835.1	486624	
2101	WP_000192965.1,WP_000067632.1	1219244	1223110	3872	1217	NZ_CP014179.1		GCF_001543225.1	1392	
2102	WP_000192965.1,WP_000067632.1	91995	95861	3872	1217	NZ_LBCA01000001.1		GCF_001677295.1	1392	
2103	WP_000192965.1,WP_000067632.1	91937	95803	3872	1217	NZ_LBBZ01000001.1		GCF_001677305.1	1392	
2104	WP_000192965.1,WP_000067632.1	1219188	1223054	3872	1217	NZ_CP012729.1		GCF_001683065.1	1392	
2105	WP_000192965.1,WP_000067632.1	1219188	1223054	3872	1217	NZ_CP012730.1		GCF_001683095.1	1392	
2106	WP_000192965.1,WP_000067632.1	83746	87612	3872	1217	NZ_LGIG01000025.1		GCF_001273125.1	1392	
2107	WP_000192965.1,WP_000067631.1	1205932	1209798	3872	1217	NZ_CP008846.1		GCF_000725325.1	1392	
2108	WP_000067632.1,WP_000192965.1	1634606	1638472	3872	1217	NZ_KL649661.1		GCF_000732465.1	1245029	
2109	WP_000192965.1,WP_000067632.1	471198	475064	3872	1217	NZ_MJAW01000022.1		GCF_000740925.2	1392	
2110	WP_000067632.1,WP_000192965.1	2109778	2113644	3872	1217	NZ_CM002879.1		GCF_000742315.1	1392	
2111	WP_000067632.1,WP_000192965.1	2797685	2801551	3872	1217	NZ_CP007618.1		GCF_000742655.1	1392	
2112	WP_000192965.1,WP_000067632.1	67604	71470	3872	1217	NZ_JTAS01000075.1		GCF_000782875.1	1392	
2113	WP_000192965.1,WP_000067632.1	566589	570455	3872	1217	NZ_JTAQ01000031.1		GCF_000782885.1	1392	
2114	WP_000192965.1,WP_000067632.1	35823	39689	3872	1217	NZ_JTAR01000045.1		GCF_000782895.1	1392	
2115	WP_047397213.1,WP_000192965.1	442712	446578	3872	1217	NZ_JSZQ01000048.1		GCF_000782905.1	1392	
2116	WP_000067632.1,WP_000192965.1	442729	446595	3872	1217	NZ_JSZP01000044.1		GCF_000782955.1	1392	
2117	WP_000067632.1,WP_000192965.1	442984	446850	3872	1217	NZ_JSZR01000030.1		GCF_000782975.1	1392	
2118	WP_000192965.1,WP_000067632.1	35710	39576	3872	1217	NZ_JSZT01000032.1		GCF_000783015.1	1392	
2119	WP_000067632.1,WP_000192965.1	3016085	3019951	3872	1217	NC_012581.1		GCF_000021445.1	568206	
2120	WP_000192965.1,WP_000067632.1	1219144	1223010	3872	1217	NC_012659.1		GCF_000022865.1	592021	
2121	WP_000192965.1,WP_000067632.1	1219176	1223042	3872	1217	NZ_CP015779.1		GCF_001654475.1	1392	
2122	WP_000067632.1,WP_000192965.1	3989568	3993434	3872	1217	NZ_CP009325.1		GCF_000832425.1	1392	
2123	WP_000192965.1,WP_000067632.1	12133	15999	3872	1217	NZ_CP009328.1		GCF_000832445.1	1392	
2124	WP_042513676.1,WP_000192965.1	225013	228879	3872	1217	NZ_CP009331.1		GCF_000832465.1	1392	
2125	WP_000192965.1,WP_000067632.1	3746680	3750546	3872	1217	NZ_CP009341.1		GCF_000832505.1	1392	
2126	WP_000067632.1,WP_000192965.1	5102796	5106662	3872	1217	NZ_CP009464.1		GCF_000832565.1	1392	
2127	WP_000067632.1,WP_000192965.1	1536764	1540630	3872	1217	NZ_CP009476.1		GCF_000832585.1	1392	
2128	WP_000067632.1,WP_000192965.1	1402755	1406621	3872	1217	NZ_CP009541.1		GCF_000832635.1	260799	
2129	WP_000067632.1,WP_000192965.1	3652076	3655942	3872	1217	NZ_CP009544.1		GCF_000832665.1	1392	
2130	WP_000067631.1,WP_000192965.1	1153395	1157261	3872	1217	NZ_CP009700.1		GCF_000832725.1	1392	
2131	WP_000192965.1,WP_000067631.1	4425315	4429181	3872	1217	NZ_CP009697.1		GCF_000832745.1	1392	
2132	WP_000067632.1,WP_000192965.1	3641285	3645151	3872	1217	NZ_CP009598.1		GCF_000832785.1	1449979	
2133	WP_000192965.1,WP_000067632.1	1219188	1223054	3872	1217	NZ_CP012721.1		GCF_001683155.1	1392	
2134	WP_000192965.1,WP_000067632.1	1219188	1223054	3872	1217	NZ_CP012722.1		GCF_001683175.1	1392	
2135	WP_000192965.1,WP_000067632.1	1219188	1223054	3872	1217	NZ_CP012723.1		GCF_001683195.1	1392	
2136	WP_000192965.1,WP_000067632.1	1219188	1223054	3872	1217	NZ_CP012724.1		GCF_001683215.1	1392	
2137	WP_000192965.1,WP_000067632.1	1219188	1223054	3872	1217	NZ_CP012725.1		GCF_001683235.1	1392	
2138	WP_000192965.1,WP_000067632.1	1219187	1223053	3872	1217	NZ_CP012726.1		GCF_001683255.1	1392	
2139	WP_000192965.1,WP_000067632.1	1219188	1223054	3872	1217	NZ_CP012727.1		GCF_001683275.1	1392	
2140	WP_000192965.1,WP_000067632.1	1219188	1223054	3872	1217	NZ_CP012728.1		GCF_001683295.1	1392	
2141	WP_071727890.1,WP_071727891.1	68409	72275	3872	1217	NZ_LZQW01000025.1		GCF_001883895.1	1392	
2142	WP_000067632.1,WP_000192965.1	111359	115225	3872	1217	NZ_MVKB01000011.1		GCF_002025265.1	1392	
2143	WP_000192965.1,WP_000067632.1	67595	71461	3872	1217	NZ_MVKC01000010.1		GCF_002025275.1	1392	
2144	WP_000067632.1,WP_000192965.1	111359	115225	3872	1217	NZ_MVKE01000009.1		GCF_002025335.1	1392	
2145	WP_000067632.1,WP_000192965.1	111358	115224	3872	1217	NZ_MVKG01000004.1		GCF_002025345.1	1392	
2146	WP_000067632.1,WP_000192965.1	111357	115223	3872	1217	NZ_MVKH01000006.1		GCF_002025375.1	1392	
2147	WP_000192965.1,WP_000067632.1	67595	71461	3872	1217	NZ_MVKD01000010.1		GCF_002025395.1	1392	
2148	WP_000067632.1,WP_000192965.1	111357	115223	3872	1217	NZ_MVKF01000005.1		GCF_002025415.1	1392	
2149	WP_000067632.1,WP_000192965.1	111357	115223	3872	1217	NZ_MVKJ01000005.1		GCF_002025435.1	1392	
2150	WP_000067632.1,WP_000192965.1	111357	115223	3872	1217	NZ_MVKI01000004.1		GCF_002025455.1	1392	
2151	WP_000192965.1,WP_000067631.1	1219241	1223107	3872	1217	NZ_CP018903.1		GCF_001936375.1	1392	
2152	WP_000192965.1,WP_000067632.1	31110	34976	3872	1217	NZ_MVOA01000015.1		GCF_002007035.1	1392	
2153	WP_071727890.1,WP_088668074.1	333937	337803	3872	1217	NZ_NEOT01000168.1		GCF_002211135.1	1982041	
2154	WP_000067632.1,WP_000192965.1	111314	115180	3872	1217	NZ_NRIV01000004.1		GCF_002525715.1	1392	
2155	WP_000067632.1,WP_000192965.1	442890	446756	3872	1217	NZ_NRJB01000005.1		GCF_002525765.1	1392	
2156	WP_000067632.1,WP_000192965.1	111770	115636	3872	1217	NZ_NRJA01000004.1		GCF_002525775.1	1392	
2157	WP_000192965.1,WP_000067632.1	35914	39780	3872	1217	NZ_NRIX01000004.1		GCF_002525785.1	1392	
2158	WP_000192965.1,WP_000067632.1	1219188	1223054	3872	1217	NZ_CP012720.1		GCF_001683135.1	1392	
2159	WP_000192965.1,WP_000067632.1	1219191	1223057	3872	1217	NZ_CP019588.1		GCF_001990245.1	1392	
2160	WP_000067632.1,WP_000192965.1	111359	115225	3872	1217	NZ_MVIR01000011.1		GCF_002019425.1	1392	
2161	WP_000067632.1,WP_000192968.1	170939	174805	3872	1217	NZ_NFCF01000115.1		GCF_002146325.1	180868	
2162	WP_000192965.1,WP_000067632.1	4212280	4216146	3872	1217	NZ_CP023001.1		GCF_002277915.1	1392	
2163	WP_087931445.1,WP_000067630.1	1210499	1214365	3872	1217	NZ_CP020723.1		GCF_002192515.1	1428	
2164	WP_088313358.1,WP_071727891.1	17464	21330	3872	1217	NZ_NHYG01000067.1		GCF_002199675.1	1396	
2165	WP_000067632.1,WP_000192965.1	443398	447264	3872	1217	NZ_MLJX01000003.1		GCF_001835485.1	1392	
2166	WP_000192968.1,WP_000067632.1	192372	196238	3872	1217	NZ_NFCK01000070.1		GCF_002146495.1	180882	
2167	WP_000192965.1,WP_000067632.1	4019478	4023344	3872	1217	NZ_CP022044.1		GCF_002208785.1	1392	
2168	WP_000067632.1,WP_000192965.1	442904	446770	3872	1217	NZ_NRIZ01000002.1		GCF_002525705.1	1392	
2169	WP_000067632.1,WP_000192965.1	443006	446872	3872	1217	NZ_JSZZ01000012.1		GCF_000793565.1	1392	
2170	WP_000067632.1,WP_000192965.1	17206	21072	3872	1217	NZ_JAGJCZ010000015.1		GCF_017813815.1	1392	
2171	WP_086420942.1,WP_086420943.1	99370	103236	3872	1217	NZ_NFCU01000063.1		GCF_002146985.1	180873	
2172	WP_000192965.1,WP_042513676.1	25080	28946	3872	1217	NZ_LVWF01000026.1		GCF_002233635.1	1392	
2173	WP_000067632.1,WP_000192965.1	4246813	4250679	3872	1217	NZ_AP014833.1		GCF_002356575.1	1392	
2174	WP_000192965.1,WP_000067632.1	35914	39780	3872	1217	NZ_NRIW01000009.1		GCF_002525685.1	1392	
2175	WP_000067632.1,WP_000192965.1	442980	446846	3872	1217	NZ_NRIY01000003.1		GCF_002525695.1	1392	
2176	WP_000192965.1,WP_000067632.1	471929	475795	3872	1217	NZ_PPEP01000004.1		GCF_002896635.1	1392	
2177	WP_000192965.1,WP_000067632.1	472432	476298	3872	1217	NZ_PPEM01000004.1		GCF_002896655.1	1392	
2178	WP_000067632.1,WP_000192965.1	459911	463777	3872	1217	NZ_PPER01000001.1		GCF_002896665.1	1392	
2179	WP_000067632.1,WP_000192965.1	443028	446894	3872	1217	NZ_PPES01000002.1		GCF_002896695.1	1392	
2180	WP_000192968.1,WP_000067632.1	35804	39670	3872	1217	NZ_PHSL01000028.1		GCF_002911945.1	180882	
2181	WP_000192965.1,WP_000067632.1	1219674	1223540	3872	1217	NZ_CP066168.1		GCF_002980615.3	1392	
2182	WP_000192965.1,WP_000067632.1	473471	477337	3872	1217	NZ_PPEO01000001.1		GCF_002896575.1	1392	
2183	WP_000192965.1,WP_000067632.1	472292	476158	3872	1217	NZ_PPEN01000004.1		GCF_002896585.1	1392	
2184	WP_000192965.1,WP_000067632.1	338664	342530	3872	1217	NZ_PPEQ01000003.1		GCF_002896595.1	1392	
2185	WP_000067632.1,WP_000192965.1	460897	464763	3872	1217	NZ_QANP01000005.1		GCF_003045745.2	1392	
2186	WP_001984403.1,WP_001984386.1	29622	33488	3872	1217	NZ_SJAR01000006.1		GCF_004367815.1	2528958	
2187	WP_017560877.1,WP_017560876.1	118693	122559	3872	1217	NZ_SCLP01000006.1		GCF_004519705.1	1428	
2188	WP_000192965.1,WP_000067631.1	89433	93299	3872	1217	NZ_NJGK01000044.1		GCF_008087155.1	1392	
2189	WP_000192965.1,WP_000067632.1	471838	475704	3872	1217	NZ_QPKP01000002.1		GCF_003345105.1	1392	
2190	WP_071727890.1,WP_071727891.1	1224910	1228776	3872	1217	NZ_CP031643.1		GCF_003410355.1	1392	
2191	WP_149282393.1,WP_149282395.1	304712	308578	3872	1217	NZ_QPEM01000001.1		GCF_008368745.1	2217823	
2192	WP_017560876.1,WP_017560877.1	1288293	1292159	3872	1217	NZ_RKIY01000003.1		GCF_003938985.1	1409	
2193	WP_000192965.1,WP_000067631.1	1206240	1210106	3872	1217	NZ_CP029323.1		GCF_006088855.1	1392	
2194	WP_000067632.1,WP_000192965.1	373297	377163	3872	1217	NZ_QPKO01000003.1		GCF_003367985.1	1392	
2195	WP_000067632.1,WP_000192965.1	442998	446864	3872	1217	NZ_QPKQ01000002.1		GCF_003368005.1	1392	
2196	WP_136444309.1,WP_071727890.1	462307	466173	3872	1217	NZ_SSSO01000001.1		GCF_004801765.1	2568878	
2197	WP_000192965.1,WP_000067632.1	1219577	1223443	3872	1217	NZ_CP029805.1		GCF_003227955.1	1392	
2198	WP_071727890.1,WP_136444309.1	2271154	2275020	3872	1217	NZ_CP026608.1		GCF_004328845.1	1392	
2199	WP_000192965.1,WP_000067631.1	117543	121409	3872	1217	NZ_AP019731.1		GCF_006742565.1	1392	
2200	WP_000192965.1,WP_000067631.1	472951	476817	3872	1217	NZ_QAEH01000003.1		GCF_003063925.1	1392	
2201	WP_000192965.1,WP_000067632.1	471681	475547	3872	1217	NZ_QAEG01000003.1		GCF_003063945.1	1392	
2202	WP_000192965.1,WP_000067632.1	472696	476562	3872	1217	NZ_QAEI01000003.1		GCF_003063965.1	1392	
2203	WP_000192965.1,WP_000067632.1	471534	475400	3872	1217	NZ_QAEJ01000003.1		GCF_003063985.1	1392	
2204	WP_000067632.1,WP_000192965.1	459985	463851	3872	1217	NZ_QAEK01000003.1		GCF_003064005.1	1392	
2205	WP_000192965.1,WP_000067631.1	473345	477211	3872	1217	NZ_QAEM01000003.1		GCF_003064015.1	1392	
2206	WP_000067631.1,WP_000192965.1	379811	383677	3872	1217	NZ_QAEL01000005.1		GCF_003064045.1	1392	
2207	WP_000192965.1,WP_000067631.1	473345	477211	3872	1217	NZ_QAEN01000004.1		GCF_003064085.1	1392	
2208	WP_000067632.1,WP_000192965.1	442890	446756	3872	1217	NZ_QPEZ01000003.1		GCF_003335125.1	1392	
2209	WP_000192965.1,WP_000067632.1	3662583	3666449	3872	1217	NZ_CP050970.1		GCF_012273315.1	1392	
2210	WP_000192965.1,WP_000067632.1	4035264	4039130	3872	1217	NZ_CP050971.1		GCF_012273335.1	1392	
2211	WP_000067632.1,WP_000192965.1	4296879	4300745	3872	1217	NZ_CP050972.1		GCF_012273355.1	1392	
2212	WP_000067632.1,WP_000192965.1	2332389	2336255	3872	1217	NZ_CP050973.1		GCF_012273375.1	1392	
2213	WP_000192965.1,WP_000067632.1	25393	29259	3872	1217	NZ_RXZS01000036.1		GCF_009669205.1	1392	
2214	WP_000192965.1,WP_000067632.1	9261	13127	3872	1217	NZ_RXZV01000060.1		GCF_009669225.1	1392	
2215	WP_000192965.1,WP_000067632.1	25367	29233	3872	1217	NZ_RXZW01000065.1		GCF_009669235.1	1392	
2216	WP_000192965.1,WP_000067632.1	25367	29233	3872	1217	NZ_RXZT01000073.1		GCF_009669265.1	1392	
2217	WP_000192965.1,WP_000067632.1	25367	29233	3872	1217	NZ_RXZU01000083.1		GCF_009669275.1	1392	
2218	WP_000192965.1,WP_000067632.1	472603	476469	3872	1217	NZ_VTZJ01000003.1		GCF_009831675.1	1392	
2219	WP_000192965.1,WP_000067632.1	1456766	1460632	3872	1217	NZ_WXXA01000005.1		GCF_009872975.1	1392	
2220	WP_000067632.1,WP_000192965.1	1838225	1842091	3872	1217	NZ_WUCT01000037.1		GCF_009872985.1	1392	
2221	WP_000192965.1,WP_000067632.1	4065370	4069236	3872	1217	NZ_WUCW01000029.1		GCF_009872995.1	1392	
2222	WP_000067632.1,WP_000192965.1	2352294	2356160	3872	1217	NZ_WUCV01000021.1		GCF_009873035.1	1392	
2223	WP_042511598.1,WP_001984386.1	3742864	3746730	3872	1217	NZ_CP053934.1		GCF_013267795.1	1428	
2224	WP_017560877.1,WP_017560876.1	58233	62099	3872	1217	NZ_VVXM01000002.1		GCF_008416285.1	1396	
2225	WP_000192965.1,WP_000067632.1	9203	13069	3872	1217	NZ_RXZR01000111.1		GCF_009669165.1	1392	
2226	WP_000067632.1,WP_000192965.1	460077	463943	3872	1217	NZ_VTZK01000003.1		GCF_009831645.1	1392	
2227	WP_000192965.1,WP_000067632.1	1480357	1484223	3872	1217	NZ_WUCU01000028.1		GCF_009872955.1	1392	
2228	WP_000067632.1,WP_000192965.1	290113	293979	3872	1217	NZ_JACTNQ010000118.1		GCF_014466795.1	1392	
2229	WP_000067632.1,WP_000192965.1	443241	447107	3872	1217	NZ_JACTNR010000028.1		GCF_014466805.1	1392	
2230	WP_000192965.1,WP_000067632.1	4040270	4044136	3872	1217	NZ_CP054797.1		GCF_013349165.1	1392	
2231	WP_000067632.1,WP_000192965.1	1457566	1461432	3872	1217	NZ_CP054800.1		GCF_013349185.1	1392	
2232	WP_000192965.1,WP_000067632.1	3897527	3901393	3872	1217	NZ_CP054816.1		GCF_013349245.1	1392	
2233	WP_000067630.1,WP_000192963.1	3148674	3152540	3872	1217	NZ_CP065881.1		GCF_016117775.1	1396	
2234	WP_000192965.1,WP_000067631.1	83110	86976	3872	1217	NZ_RXZJ01000018.1		GCF_009669005.1	1392	
2235	WP_000192965.1,WP_000067632.1	69464	73330	3872	1217	NZ_SDEF01000018.1		GCF_009669025.1	1392	
2236	WP_000192965.1,WP_000067632.1	1583	5449	3872	1217	NZ_RXZM01000138.1		GCF_009669045.1	1392	
2237	WP_000192965.1,WP_000067632.1	2657	6523	3872	1217	NZ_RXZK01000230.1		GCF_009669055.1	1392	
2238	WP_000192965.1,WP_000067632.1	1601	5467	3872	1217	NZ_RXZL01000198.1		GCF_009669065.1	1392	
2239	WP_000192965.1,WP_000067632.1	16242	20108	3872	1217	NZ_RXZN01000088.1		GCF_009669105.1	1392	
2240	WP_000192965.1,WP_000067632.1	35719	39585	3872	1217	NZ_RXZQ01000020.1		GCF_009669125.1	1392	
2241	WP_000192965.1,WP_000067632.1	16242	20108	3872	1217	NZ_RXZO01000052.1		GCF_009669135.1	1392	
2242	WP_000192965.1,WP_000067632.1	9208	13074	3872	1217	NZ_RXZP01000199.1		GCF_009669145.1	1392	
2243	WP_000192965.1,WP_000067632.1	369327	373193	3872	1217	NZ_CP047097.1		GCF_009806595.1	1392	
2244	WP_000067632.1,WP_000192965.1	1168891	1172757	3872	1217	NZ_CP047098.1		GCF_009806615.1	1392	
2245	WP_000192965.1,WP_000067632.1	1596748	1600614	3872	1217	NZ_CP047099.1		GCF_009806635.1	1392	
2246	WP_000192965.1,WP_000067632.1	4205341	4209207	3872	1217	NZ_CP047104.1		GCF_009806655.1	1392	
2247	WP_000067632.1,WP_000192965.1	536674	540540	3872	1217	NZ_CP047107.1		GCF_009806675.1	1392	
2248	WP_000067632.1,WP_000192965.1	1649925	1653791	3872	1217	NZ_CP047111.1		GCF_009806695.1	1392	
2249	WP_000067632.1,WP_000192965.1	460084	463950	3872	1217	NZ_VTZL01000003.1		GCF_009831485.1	1392	
2250	WP_000192965.1,WP_000067632.1	246254	250120	3872	1217	NZ_VTZI01000006.1		GCF_009831545.1	1392	
2251	WP_000192965.1,WP_000067632.1	473132	476998	3872	1217	NZ_VTZH01000003.1		GCF_009831565.1	1392	
2252	WP_171855803.1,WP_086420942.1	1218471	1222337	3872	1217	NZ_CP053656.2		GCF_013177495.2	1396	
2253	WP_000192965.1,WP_000067632.1	1219244	1223110	3872	1217	NZ_CP060194.1		GCF_014249775.1	1392	
2254	WP_000067632.1,WP_000192965.1	15487	19353	3872	1217	NZ_JACXSM010000155.1		GCF_014712215.1	1392	
2255	WP_000067632.1,WP_000192965.1	225099	228965	3872	1217	NZ_JACXSN010000035.1		GCF_014712235.1	1392	
2256	WP_000192965.1,WP_000067632.1	35717	39583	3872	1217	NZ_JABUNV010000011.1		GCF_016484445.1	1392	
2257	WP_000067631.1,WP_000192965.1	111099	114965	3872	1217	NZ_JABUNW010000005.1		GCF_016484455.1	1392	
2258	WP_000067632.1,WP_000192965.1	923237	927103	3872	1217	NZ_WUCZ01000012.1		GCF_009872635.1	1392	
2259	WP_000192965.1,WP_000067632.1	25096	28962	3872	1217	NZ_WXXH01000176.1		GCF_009872675.1	1392	
2260	WP_000067632.1,WP_000192965.1	17062	20928	3872	1217	NZ_WXXE01000200.1		GCF_009872685.1	1392	
2261	WP_000067632.1,WP_000192965.1	13057	16923	3872	1217	NZ_WUDA01000081.1		GCF_009872715.1	1392	
2262	WP_000192965.1,WP_000067632.1	2816366	2820232	3872	1217	NZ_WXWZ01000036.1		GCF_009872725.1	1392	
2263	WP_000192965.1,WP_000067632.1	9854	13720	3872	1217	NZ_WXXD01000086.1		GCF_009872735.1	1392	
2264	WP_000192965.1,WP_000067632.1	431311	435177	3872	1217	NZ_WXXB01000026.1		GCF_009872775.1	1392	
2265	WP_000192965.1,WP_000067632.1	1475303	1479169	3872	1217	NZ_WXXI01000021.1		GCF_009872795.1	1392	
2266	WP_000192965.1,WP_000067632.1	1606845	1610711	3872	1217	NZ_WUDB01000074.1		GCF_009872805.1	1392	
2267	WP_000192965.1,WP_000067632.1	1161381	1165247	3872	1217	NZ_WXXC01000014.1		GCF_009872815.1	1392	
2268	WP_000192965.1,WP_000067632.1	63511	67377	3872	1217	NZ_WXXJ01000020.1		GCF_009872855.1	1392	
2269	WP_000192965.1,WP_000067632.1	25098	28964	3872	1217	NZ_WXXF01000162.1		GCF_009872875.1	1392	
2270	WP_000067632.1,WP_000192965.1	2317110	2320976	3872	1217	NZ_WUCY01000026.1		GCF_009872895.1	1392	
2271	WP_000067632.1,WP_000192965.1	365073	368939	3872	1217	NZ_WUCX01000072.1		GCF_009872905.1	1392	
2272	WP_000192965.1,WP_000067632.1	8926	12792	3872	1217	NZ_WXXG01000117.1		GCF_009872925.1	1392	
2273	WP_193109023.1,WP_071727891.1	467912	471778	3872	1217	NZ_JADBPS010000001.1		GCF_014903775.1	1392	
2274	WP_000192965.1,WP_000067632.1	16776	20642	3872	1217	NZ_JAGJDG010000050.1		GCF_017813825.1	1392	
2275	WP_000192965.1,WP_000067632.1	471858	475724	3872	1217	NZ_JAGJDF010000002.1		GCF_017813875.1	1392	
2276	WP_000192965.1,WP_000067632.1	246900	250766	3872	1217	NZ_JAGJCW010000001.1		GCF_017813895.1	1392	
2277	WP_000067632.1,WP_000192965.1	4602	8468	3872	1217	NZ_JAGJDI010000004.1		GCF_017813915.1	1392	
2278	WP_000192965.1,WP_000067632.1	85069	88935	3872	1217	NZ_JAGJCX010000016.1		GCF_017813925.1	1392	
2279	WP_000067632.1,WP_000192965.1	216178	220044	3872	1217	NZ_JAGJCV010000004.1		GCF_017813945.1	1392	
2280	WP_000192965.1,WP_000067632.1	473016	476882	3872	1217	NZ_JAGJDQ010000002.1		GCF_017813975.1	1392	
2281	WP_000192965.1,WP_000067632.1	36018	39884	3872	1217	NZ_JAGJDP010000005.1		GCF_017813995.1	1392	
2282	WP_000067631.1,WP_000192965.1	460134	464000	3872	1217	NZ_JAGJDR010000003.1		GCF_017814005.1	1392	
2283	WP_000192965.1,WP_000067632.1	473171	477037	3872	1217	NZ_JAGJCT010000001.1		GCF_017814035.1	1392	
2284	WP_000067632.1,WP_000192965.1	4812	8678	3872	1217	NZ_JAGJCR010000017.1		GCF_017814055.1	1392	
2285	WP_000067632.1,WP_000192965.1	443636	447502	3872	1217	NZ_JAGJCU010000003.1		GCF_017814075.1	1392	
2286	WP_000192965.1,WP_000067632.1	472134	476000	3872	1217	NZ_JAGJCS010000003.1		GCF_017814095.1	1392	
2287	WP_000192965.1,WP_000067632.1	84525	88391	3872	1217	NZ_JAGJCJ010000011.1		GCF_017814105.1	1392	
2288	WP_000192965.1,WP_000067632.1	57828	61694	3872	1217	NZ_JAGJCK010000029.1		GCF_017814115.1	1392	
2289	WP_000192965.1,WP_000067632.1	84688	88554	3872	1217	NZ_JAGJCL010000003.1		GCF_017814155.1	1392	
2290	WP_000192965.1,WP_000067632.1	57836	61702	3872	1217	NZ_JAGJCM010000005.1		GCF_017814195.1	1392	
2291	WP_000192965.1,WP_000067632.1	65650	69516	3872	1217	NZ_JAGJCN010000011.1		GCF_017814215.1	1392	
2292	WP_000067632.1,WP_000192965.1	380045	383911	3872	1217	NZ_JAGJDL010000002.1		GCF_017814225.1	1392	
2293	WP_000067632.1,WP_000192965.1	290255	294121	3872	1217	NZ_JAGJDN010000003.1		GCF_017814255.1	1392	
2294	WP_000067632.1,WP_000192965.1	442900	446766	3872	1217	NZ_JAGJDO010000003.1		GCF_017814285.1	1392	
2295	WP_000067632.1,WP_000192965.1	17215	21081	3872	1217	NZ_JAGJCO010000010.1		GCF_017814305.1	1392	
2296	WP_000192965.1,WP_000067632.1	472916	476782	3872	1217	NZ_JAGJDM010000002.1		GCF_017814325.1	1392	
2297	WP_000192965.1,WP_000067631.1	69281	73147	3872	1217	NZ_JAGJCP010000008.1		GCF_017814355.1	1392	
2298	WP_000067632.1,WP_000192965.1	87863	91729	3872	1217	NZ_JAGJCQ010000008.1		GCF_017814375.1	1392	
2299	WP_000192965.1,WP_000067632.1	84372	88238	3872	1217	NZ_JAGJCI010000016.1		GCF_017814385.1	1392	
2300	WP_000192965.1,WP_000067632.1	57919	61785	3872	1217	NZ_JAGJCH010000024.1		GCF_017814405.1	1392	
2301	WP_000192965.1,WP_000067632.1	83943	87809	3872	1217	NZ_JAGJDA010000016.1		GCF_017814475.1	1392	
2302	WP_000192965.1,WP_000067632.1	115301	119167	3872	1217	NZ_JAGJDE010000010.1		GCF_017814495.1	1392	
2303	WP_000067632.1,WP_000192965.1	460137	464003	3872	1217	NZ_JAGJCY010000001.1		GCF_017814515.1	1392	
2304	WP_000192965.1,WP_000067632.1	471857	475723	3872	1217	NZ_JAGJDC010000002.1		GCF_017814535.1	1392	
2305	WP_000192965.1,WP_000067632.1	38542	42408	3872	1217	NZ_JAGJDB010000033.1		GCF_017814555.1	1392	
2306	WP_000067632.1,WP_000192965.1	359054	362920	3872	1217	NZ_JAGMVY010000002.1		GCF_017963425.1	1392	
2307	WP_000192965.1,WP_000067632.1	83928	87794	3872	1217	NZ_JAGMVZ010000010.1		GCF_017963435.1	1392	
2308	WP_000192965.1,WP_000067632.1	90849	94715	3872	1217	NZ_JAGMWA010000018.1		GCF_017963445.1	1392	
2309	WP_000067632.1,WP_000192965.1	373439	377305	3872	1217	NZ_JAGJCG010000002.1		GCF_018222265.1	1392	
2310	WP_211479903.1,WP_211479904.1	1213925	1217791	3872	1217	NZ_CP072769.1		GCF_018309145.1	1396	
2311	WP_000192965.1,WP_000067632.1	471370	475236	3872	1217	NZ_JAINUB010000139.1		GCF_021014295.1	1392	
2312	WP_236787845.1,WP_236787847.1	1287687	1291553	3872	1217	NZ_AP022903.1		GCF_021654975.1	1396	
2313	WP_236787845.1,WP_236787847.1	1295046	1298912	3872	1217	NZ_AP022915.1		GCF_021655015.1	1396	
2314	WP_236787845.1,WP_236787847.1	1257603	1261469	3872	1217	NZ_AP022921.1		GCF_021655035.1	1396	
2315	WP_236787845.1,WP_236787847.1	1256230	1260096	3872	1217	NZ_AP022952.1		GCF_021655175.1	1396	
2316	WP_236787845.1,WP_236787847.1	1256227	1260093	3872	1217	NZ_AP022956.1		GCF_021655195.1	1396	
2317	WP_236787845.1,WP_236787847.1	1257599	1261465	3872	1217	NZ_AP022970.1		GCF_021655235.1	1396	
2318	WP_236787845.1,WP_236787847.1	1257632	1261498	3872	1217	NZ_AP022975.1		GCF_021655255.1	1396	
2319	WP_236787845.1,WP_236787847.1	1257624	1261490	3872	1217	NZ_AP022978.1		GCF_021655275.1	1396	
2320	WP_236787845.1,WP_236787847.1	1263735	1267601	3872	1217	NZ_AP022994.1		GCF_021655335.1	1396	
2321	WP_236787845.1,WP_236787847.1	1263427	1267293	3872	1217	NZ_AP023000.1		GCF_021655355.1	1396	
2322	WP_000192965.1,WP_000067632.1	1218993	1222859	3872	1217	NZ_CP081175.1		GCF_019693235.1	1392	
2323	WP_000192965.1,WP_000067632.1	84878	88744	3872	1217	NZ_JAGJDK010000003.1		GCF_017814175.1	1392	
2324	WP_000192965.1,WP_000067632.1	57845	61711	3872	1217	NZ_JAGJDD010000024.1		GCF_017814565.1	1392	
2325	WP_000192965.1,WP_000067632.1	57814	61680	3872	1217	NZ_JAGJDH010000003.1		GCF_017813795.1	1392	
2326	WP_000192965.1,WP_000067632.1	69775	73641	3872	1217	NZ_JAGJDJ010000010.1		GCF_017813805.1	1392	
2327	WP_236787845.1,WP_236787847.1	1287763	1291629	3872	1217	NZ_AP022857.1		GCF_021654875.1	1396	
2328	WP_236787845.1,WP_236787847.1	1286890	1290756	3872	1217	NZ_AP022874.1		GCF_021654895.1	1396	
2329	WP_000192965.1,WP_000067632.1	1220074	1223940	3872	1217	NZ_CP091762.1		GCF_022014755.1	1392	
2330	WP_000192965.1,WP_000067632.1	1220074	1223940	3872	1217	NZ_CP091765.1		GCF_022014775.1	1392	
2331	WP_000192965.1,WP_000067632.1	1219319	1223185	3872	1217	NZ_CP091767.1		GCF_022014795.1	1392	
2332	WP_000192965.1,WP_000067631.1	686614	690480	3872	1217	NZ_CP089993.1		GCF_021390035.1	1392	
2333	WP_000067632.1,WP_000192965.1	111435	115301	3872	1217	NZ_RDFB01000003.1		GCF_022059355.1	1392	
2334	WP_017560877.1,WP_017560876.1	366517	370383	3872	1217	NZ_JAJPGH010000001.1		GCF_022117615.1	2901441	
2335	WP_000192965.1,WP_000067632.1	1219653	1223519	3872	1217	NZ_CP076138.1		GCF_022220505.1	1392	
2336	WP_000192965.1,WP_000067632.1	1219649	1223515	3872	1217	NZ_CP076141.1		GCF_022220525.1	1392	
2337	WP_000192965.1,WP_000067632.1	1219682	1223548	3872	1217	NZ_CP076144.1		GCF_022220545.1	1392	
2338	WP_000192965.1,WP_000067632.1	1219690	1223556	3872	1217	NZ_CP076146.1		GCF_022220565.1	1392	
2339	WP_000192965.1,WP_000067632.1	1219611	1223477	3872	1217	NZ_CP076148.1		GCF_022220585.1	1392	
2340	WP_000192965.1,WP_000067632.1	1219610	1223476	3872	1217	NZ_CP076151.1		GCF_022220605.1	1392	
2341	WP_000192965.1,WP_000067632.1	1219610	1223476	3872	1217	NZ_CP076154.1		GCF_022220625.1	1392	
2342	WP_000192965.1,WP_000067632.1	1219694	1223560	3872	1217	NZ_CP076157.1		GCF_022220645.1	1392	
2343	WP_000192965.1,WP_000067632.1	1219668	1223534	3872	1217	NZ_CP076160.1		GCF_022220665.1	1392	
2344	WP_000192965.1,WP_000067631.1	1205574	1209440	3872	1217	NZ_CP076728.1		GCF_022220685.1	1392	
2345	WP_000192965.1,WP_000067632.1	1219610	1223476	3872	1217	NZ_CP076163.1		GCF_022220905.1	1392	
2346	WP_000192965.1,WP_000067632.1	1219544	1223410	3872	1217	NZ_CP076164.1		GCF_022220925.1	1392	
2347	WP_000192965.1,WP_000067632.1	1219620	1223486	3872	1217	NZ_CP076167.1		GCF_022220945.1	1392	
2348	WP_000192965.1,WP_000067632.1	1219652	1223518	3872	1217	NZ_CP076173.1		GCF_022220985.1	1392	
2349	WP_000192965.1,WP_000067632.1	1219610	1223476	3872	1217	NZ_CP076176.1		GCF_022221005.1	1392	
2350	WP_000192965.1,WP_000067632.1	1219610	1223476	3872	1217	NZ_CP076178.1		GCF_022221025.1	1392	
2351	WP_000192965.1,WP_000067632.1	1219694	1223560	3872	1217	NZ_CP076181.1		GCF_022221045.1	1392	
2352	WP_000192965.1,WP_000067632.1	1219694	1223560	3872	1217	NZ_CP076184.1		GCF_022221065.1	1392	
2353	WP_000192965.1,WP_000067631.1	1205916	1209782	3872	1217	NZ_CP076187.1		GCF_022221085.1	1213182	
2354	WP_000192965.1,WP_000067632.1	1219776	1223642	3872	1217	NZ_CP076190.1		GCF_022221105.1	1392	
2355	WP_000192965.1,WP_000067632.1	1219725	1223591	3872	1217	NZ_CP076192.1		GCF_022221125.1	1392	
2356	WP_000192965.1,WP_000067632.1	1219182	1223048	3872	1217	NZ_CP076195.1		GCF_022221145.1	1392	
2357	WP_000192965.1,WP_000067632.1	1218567	1222433	3872	1217	NZ_CP076198.1		GCF_022221165.1	1392	
2358	WP_000192965.1,WP_000067632.1	1220434	1224300	3872	1217	NZ_CP076201.1		GCF_022221185.1	1392	
2359	WP_000192965.1,WP_000067632.1	1219492	1223358	3872	1217	NZ_CP076204.1		GCF_022221205.1	1392	
2360	WP_000192965.1,WP_000067632.1	1219389	1223255	3872	1217	NZ_CP076207.1		GCF_022221225.1	1392	
2361	WP_000192965.1,WP_000067632.1	1218561	1222427	3872	1217	NZ_CP076210.1		GCF_022221245.1	1392	
2362	WP_000192965.1,WP_000067632.1	1196376	1200242	3872	1217	NZ_CP076213.1		GCF_022221265.1	1392	
2363	WP_000192965.1,WP_000067631.1	1215589	1219455	3872	1217	NZ_CP076216.1		GCF_022221285.1	1392	
2364	WP_000192965.1,WP_000067632.1	1217621	1221487	3872	1217	NZ_CP110283.1		GCF_026559755.1	1392	
2365	WP_000192965.1,WP_000067632.1	1217637	1221503	3872	1217	NZ_CP110285.1		GCF_026559775.1	1392	
2366	WP_000192965.1,WP_000067632.1	2392824	2396690	3872	1217	NZ_CP110287.1		GCF_026559795.1	1392	
2367	WP_071727891.1,WP_071727890.1	110907	114773	3872	1217	NZ_JAPAEO010000003.1		GCF_026571295.1	1392	
2368	WP_000192965.1,WP_000067632.1	1215886	1219752	3872	1217	NZ_JAOZJL010000001.1		GCF_026689535.1	1392	
2369	WP_000067632.1,WP_000192965.1	640746	644612	3872	1217	NZ_JAOZJM010000002.1		GCF_026689545.1	1392	
2370	WP_000192965.1,WP_000067632.1	1216558	1220424	3872	1217	NZ_JAOZJK010000001.1		GCF_026689555.1	1392	
2371	WP_000192965.1,WP_000067632.1	3646527	3650393	3872	1217	NZ_JAOZJJ010000001.1		GCF_026689595.1	1392	
2372	WP_255181699.1,WP_255181700.1	12873	16739	3872	1217	NZ_JAMWYO010000024.1		GCF_024359505.1	1396	
2373	WP_000192965.1,WP_000067632.1	1219163	1223029	3872	1217	NZ_CP096824.1		GCF_024396775.1	1392	
2374	WP_000192965.1,WP_000067632.1	1218968	1222834	3872	1217	NZ_CP096827.1		GCF_024396795.1	1392	
2375	WP_000192965.1,WP_000067632.1	1219262	1223128	3872	1217	NZ_CP076222.1		GCF_022221325.1	1392	
2376	WP_000192965.1,WP_000067632.1	1219778	1223644	3872	1217	NZ_CP076225.1		GCF_022221345.1	1392	
2377	WP_000192965.1,WP_000067632.1	1219544	1223410	3872	1217	NZ_CP076170.1		GCF_022220965.1	1392	
2378	WP_000192965.1,WP_000067631.1	1205510	1209376	3872	1217	NZ_CP076219.1		GCF_022221305.1	1392	
2379	WP_000192965.1,WP_000067632.1	3400230	3404096	3872	1217	NZ_CP110279.1		GCF_026559715.1	1392	
2380	WP_017560877.1,WP_017560876.1	118692	122558	3872	1217	NZ_JARPVK010000005.1		GCF_029537695.1	1396	
2381	WP_000192965.1,WP_000067632.1	4709385	4713251	3872	1217	NZ_CP110281.1		GCF_026559735.1	1392	
2382	WP_193109023.1,WP_284566031.1	1202361	1206227	3872	1217	NZ_CP126515.1		GCF_030166975.1	1392	
2383	WP_273749942.1,WP_088668074.1	151140	155006	3872	1217	NZ_JAQSHO010000003.1		GCF_028649415.1	1396	
2384	WP_281102118.1,WP_281102119.1	565330	569196	3872	1217	NZ_JARJDN010000002.1		GCF_029912275.1	1396	
2385	WP_000192965.1,WP_000067632.1	81174	85040	3872	1217	NZ_VLYG01000038.1		GCF_031317405.1	1392	
2386	WP_000192965.1,WP_000067632.1	473194	477060	3872	1217	NZ_VLYF01000001.1		GCF_031317435.1	1392	
2387	WP_000192965.1,WP_000067632.1	471918	475784	3872	1217	NZ_VLYE01000002.1		GCF_031317455.1	1392	
2388	WP_000192965.1,WP_000067632.1	472020	475886	3872	1217	NZ_VLYD01000003.1		GCF_031317465.1	1392	
2389	WP_000192965.1,WP_000067632.1	69515	73381	3872	1217	NZ_VLYB01000001.1		GCF_031317495.1	1392	
2390	WP_000067632.1,WP_000192965.1	4593	8459	3872	1217	NZ_VLYC01000022.1		GCF_031317505.1	1392	
2391	WP_000192965.1,WP_000067632.1	472792	476658	3872	1217	NZ_VLYN01000003.1		GCF_031317255.1	1392	
2392	WP_000192965.1,WP_000067632.1	471780	475646	3872	1217	NZ_VLYO01000003.1		GCF_031317275.1	1392	
2393	WP_000192965.1,WP_000067632.1	471902	475768	3872	1217	NZ_VLYM01000002.1		GCF_031317295.1	1392	
2394	WP_000067632.1,WP_000192965.1	459981	463847	3872	1217	NZ_VLYL01000003.1		GCF_031317315.1	1392	
2395	WP_000192965.1,WP_000067632.1	69543	73409	3872	1217	NZ_VLYK01000047.1		GCF_031317335.1	1392	
2396	WP_000192965.1,WP_000067632.1	57961	61827	3872	1217	NZ_VLYJ01000022.1		GCF_031317355.1	1392	
2397	WP_000192965.1,WP_000067632.1	1576	5442	3872	1217	NZ_VLYH01000060.1		GCF_031317375.1	1392	
2398	WP_000192965.1,WP_000067632.1	35716	39582	3872	1217	NZ_VLYI01000006.1		GCF_031317395.1	1392	
2399	WP_000192965.1,WP_000067632.1	1219311	1223177	3872	1217	NZ_CP139444.1		GCF_034259145.1	1392	
2400	WP_000192965.1,WP_000067632.1	1219337	1223203	3872	1217	NZ_CP141533.1		GCF_035579705.1	3103135	
2401	WP_001984386.1,WP_001984403.1	321691	325557	3872	1217	NZ_JARLBS010000002.1		GCF_035801535.1	1392	
2402	WP_000067632.1,WP_000192968.1	171034	174900	3872	1217	NZ_JARLDD010000019.1		GCF_035802235.1	1392	
2403	WP_001984386.1,WP_001984403.1	474711	478577	3872	1217	NZ_JARLFF010000016.1		GCF_035803235.1	1392	
2404	WP_000067632.1,WP_000192965.1	459943	463809	3872	1217	NZ_JAZICM010000003.1		GCF_036620995.1	1392	
2405	WP_000192965.1,WP_000067632.1	35797	39663	3872	1217	NZ_JAZICB010000005.1		GCF_036621015.1	1392	
2406	WP_000192965.1,WP_000067632.1	35896	39762	3872	1217	NZ_JAZICP010000003.1		GCF_036621035.1	1392	
2407	WP_000192965.1,WP_000067632.1	35878	39744	3872	1217	NZ_JAZICO010000004.1		GCF_036621045.1	1392	
2408	WP_000067632.1,WP_000192965.1	380019	383885	3872	1217	NZ_JAZICN010000005.1		GCF_036621055.1	1392	
2409	WP_000192965.1,WP_000067632.1	36010	39876	3872	1217	NZ_JAZICR010000011.1		GCF_036621095.1	1392	
2410	WP_000067632.1,WP_000192965.1	459944	463810	3872	1217	NZ_JAZICQ010000004.1		GCF_036621115.1	1392	
2411	WP_000192965.1,WP_000067632.1	1218960	1222826	3872	1217	NZ_CP145729.1		GCF_036884865.1	1392	
2412	WP_000192965.1,WP_000067632.1	1219155	1223021	3872	1217	NZ_CP145726.1		GCF_036884935.1	1392	
2413	WP_000067632.1,WP_000192965.1	7550	11416	3872	1217	NZ_BLET01000050.1		GCF_036245985.1	1392	
2414	WP_000192965.1,WP_000067632.1	472814	476680	3872	1217	NZ_BLEU01000002.1		GCF_036246025.1	1392	
2415	WP_000067632.1,WP_000192965.1	431664	435530	3872	1217	NZ_BLEV01000005.1		GCF_036246045.1	1392	
2416	WP_000192965.1,WP_000067632.1	471800	475666	3872	1217	NZ_BLEX01000004.1		GCF_036246085.1	1392	
2417	WP_000067632.1,WP_000192965.1	4781	8647	3872	1217	NZ_JAZIBF010000046.1		GCF_036575385.1	1392	
2418	WP_000192965.1,WP_000067632.1	35878	39744	3872	1217	NZ_JAZIBD010000035.1		GCF_036575505.1	1392	
2419	WP_000192965.1,WP_000067632.1	35773	39639	3872	1217	NZ_JAZIBE010000043.1		GCF_036575555.1	1392	
2420	WP_000067632.1,WP_000192965.1	15596	19462	3872	1217	NZ_JAZICK010000059.1		GCF_036620795.1	1392	
2421	WP_000192965.1,WP_000067632.1	3553	7419	3872	1217	NZ_JAZICJ010000125.1		GCF_036620805.1	1392	
2422	WP_000192965.1,WP_000067632.1	9432	13298	3872	1217	NZ_JAZICL010000061.1		GCF_036620835.1	1392	
2423	WP_000192965.1,WP_000067632.1	35878	39744	3872	1217	NZ_JAZICI010000047.1		GCF_036620845.1	1392	
2424	WP_000067632.1,WP_000192965.1	459940	463806	3872	1217	NZ_JAZICH010000004.1		GCF_036620875.1	1392	
2425	WP_000192965.1,WP_000067632.1	11131	14997	3872	1217	NZ_JAZICF010000082.1		GCF_036620895.1	1392	
2426	WP_000192965.1,WP_000067632.1	16803	20669	3872	1217	NZ_JAZICG010000064.1		GCF_036620915.1	1392	
2427	WP_000067632.1,WP_000192965.1	111314	115180	3872	1217	NZ_JAZICC010000007.1		GCF_036620935.1	1392	
2428	WP_000192965.1,WP_000067632.1	35878	39744	3872	1217	NZ_JAZICD010000004.1		GCF_036620945.1	1392	
2429	WP_000192965.1,WP_000067632.1	471847	475713	3872	1217	NZ_BLEW01000004.1		GCF_036246065.1	1392	
2430	WP_000067632.1,WP_000192965.1	111141	115007	3872	1217	NZ_JAZICE010000013.1		GCF_036620955.1	1392	
2431	WP_000067632.1,WP_000192965.1	4542916	4546782	3872	1217	NZ_CP147783.1		GCF_039637345.1	1392	
2432	WP_000067632.1,WP_000192965.1	4960249	4964115	3872	1217	NZ_CP147785.1		GCF_039639755.1	1392	
2433	WP_000192965.1,WP_000067632.1	1243146	1247012	3872	1217	NZ_CP147787.1		GCF_039639765.1	1392	
2434	WP_000067632.1,WP_000192965.1	4542925	4546791	3872	1217	NZ_CP147789.1		GCF_039639775.1	1392	
2435	WP_000192965.1,WP_000067632.1	1190343	1194209	3872	1217	NZ_CP147791.1		GCF_039639785.1	1392	
2436	WP_346988778.1,WP_346988779.1	1201212	1205078	3872	1217	NZ_CP150440.1		GCF_039778265.1	3117397	
2437	WP_087931445.1,WP_000067630.1	1233840	1237706	3872	1217	NZ_CP168764.1		GCF_038069635.2	1392	
2438	WP_000067632.1,WP_000192965.1	4300468	4304334	3872	1217	NZ_CP147781.1		GCF_039637115.1	1392	
2439	WP_000192965.1,WP_000067632.1	1218869	1222735	3872	1217	NZ_CP115870.1		GCF_042193355.1	1392	
2440	WP_000192965.1,WP_000067632.1	1163767	1167633	3872	1217	NZ_CP140731.1		GCF_043192435.1	1392	
2441	WP_000067632.1,WP_000192965.1	2410882	2414748	3872	1217	NZ_CP170738.1		GCF_043295875.1	1392	
2442	WP_000067632.1,WP_000192965.1	459989	463855	3872	1217	NZ_JBIXFT010000003.1		GCF_044751445.1	1392	
2443	WP_000192965.1,WP_000067632.1	473046	476912	3872	1217	NZ_JBIXGA010000003.1		GCF_044751465.1	1392	
2444	WP_000192965.1,WP_000067632.1	473029	476895	3872	1217	NZ_JBIXFU010000004.1		GCF_044751485.1	1392	
2445	WP_000192965.1,WP_000067632.1	473105	476971	3872	1217	NZ_JBIXFW010000004.1		GCF_044751505.1	1392	
2446	WP_000192965.1,WP_000067632.1	473023	476889	3872	1217	NZ_JBIXFZ010000003.1		GCF_044751525.1	1392	
2447	WP_000067632.1,WP_000192965.1	459924	463790	3872	1217	NZ_JBIXFY010000003.1		GCF_044751545.1	1392	
2448	WP_000067632.1,WP_000192965.1	459924	463790	3872	1217	NZ_JBIXGB010000003.1		GCF_044751585.1	1392	
2449	WP_000192965.1,WP_000067632.1	473029	476895	3872	1217	NZ_JBIXFX010000003.1		GCF_044751625.1	1392	
2450	WP_000192965.1,WP_000067632.1	473082	476948	3872	1217	NZ_JBIXFS010000003.1		GCF_044751645.1	1392	
2451	WP_000067631.1,WP_000192965.1	1748851	1752717	3872	1217	NZ_CP160828.1		GCF_041262845.1	1392	
2452	WP_000067632.1,WP_000192965.1	4432717	4436583	3872	1217	NZ_CP160829.1		GCF_041262955.1	1392	
2453	WP_000067631.1,WP_000192965.1	1052178	1056044	3872	1217	NZ_CP160830.1		GCF_041263205.1	1392	
2454	WP_000067632.1,WP_000192965.1	4465891	4469757	3872	1217	NZ_CP160831.1		GCF_041263275.1	1392	
2455	WP_000067632.1,WP_000192965.1	111524	115390	3872	1217	NZ_JBHEFI010000003.1		GCF_041900855.1	1392	
2456	WP_017560877.1,WP_368500556.1	199190	203056	3872	1217	NZ_JACEHC010000004.1		GCF_040940185.1	2755318	
2457	WP_000192965.1,WP_000067632.1	472205	476071	3872	1217	NZ_JBFNPM010000002.1		GCF_040797005.1	1392	
2458	WP_000067632.1,WP_000192965.1	4542610	4546476	3872	1217	NZ_CP140722.1		GCF_043190285.1	1392	
2459	WP_000067632.1,WP_000192965.1	444780	448646	3872	1217	NZ_CP140724.1		GCF_043190595.1	1392	
2460	WP_000192965.1,WP_000067632.1	1218769	1222635	3872	1217	NZ_CP167924.1		GCF_041508535.1	1392	
2461	WP_411501192.1,WP_411501193.1	1230646	1234512	3872	1217	NZ_CP177035.1		GCF_046619495.1	1428	
2462	WP_000067632.1,WP_000192965.1	443524	447390	3872	1217	NZ_JBJYFE010000003.1		GCF_046221345.1	1392	
2463	WP_000192965.1,WP_000067632.1	471265	475131	3872	1217	NZ_JBJYFI010000003.1		GCF_046221365.1	1392	
2464	WP_000192965.1,WP_409219208.1	472197	476063	3872	1217	NZ_JBJYFG010000001.1		GCF_046221385.1	1392	
2465	WP_000067632.1,WP_000192965.1	443437	447303	3872	1217	NZ_JBJYFH010000003.1		GCF_046221405.1	1392	
2466	WP_000067632.1,WP_000192965.1	444791	448657	3872	1217	NZ_CP140728.1		GCF_043191725.1	1392	
2467	WP_000192965.1,WP_000067632.1	473110	476976	3872	1217	NZ_JBIXFV010000003.1		GCF_044751425.1	1392	
2468	WP_000192965.1,WP_000067632.1	1218219	1222085	3872	1217	NZ_CP135587.1		GCF_045038045.1	1392	
2469	WP_426360682.1,WP_426360683.1	444591	448457	3872	1217	NZ_JBNFXL010000001.1		GCF_049943915.1	3417451	
2470	WP_000192965.1,WP_000067632.1	134729	138595	3872	1217	NZ_JBLBSI010000007.1		GCF_047291555.1	1392	
2471	WP_000192965.1,WP_000067632.1	67586	71452	3872	1217	NZ_JBLBSG010000010.1		GCF_047291565.1	1392	
2472	WP_000067632.1,WP_000192965.1	111142	115008	3872	1217	NZ_JBLBSH010000003.1		GCF_047291615.1	1392	
2473	WP_017560877.1,WP_426940958.1	83996	87862	3872	1217	NZ_JBNLYA010000014.1		GCF_050171895.1	1396	
2474	WP_017560877.1,WP_426940958.1	58289	62155	3872	1217	NZ_JBNLXZ010000019.1		GCF_050171915.1	1396	
2475	WP_411469976.1,WP_411469977.1	1212963	1216829	3872	1217	NZ_CP177046.1		GCF_046619515.1	1428	
2476	WP_000067632.1,WP_000192965.1	111458	115324	3872	1217	NZ_JBLBSD010000003.1		GCF_047291485.1	1392	
2477	WP_071727891.1,WP_420952446.1	111198	115064	3872	1217	NZ_JARJBQ010000002.1		GCF_049057025.1	1392	
2478	WP_000192965.1,WP_000067632.1	1219610	1223476	3872	1217	NZ_CP184646.1		GCF_048685885.1	1392	
2479	WP_000192965.1,WP_000067632.1	35879	39745	3872	1217	NZ_JBLBSA010000009.1		GCF_047289895.1	1392	
2480	WP_000192965.1,WP_000067632.1	134973	138839	3872	1217	NZ_JBLBSB010000006.1		GCF_047289935.1	1392	
2481	WP_000067632.1,WP_000192965.1	111248	115114	3872	1217	NZ_JBLBSC010000010.1		GCF_047289945.1	1392	
2482	WP_000192965.1,WP_000067632.1	134729	138595	3872	1217	NZ_JBLBSJ010000007.1		GCF_047291435.1	1392	
2483	WP_000192965.1,WP_000067632.1	134729	138595	3872	1217	NZ_JBLBSF010000006.1		GCF_047291445.1	1392	
2484	WP_000067632.1,WP_000192965.1	111248	115114	3872	1217	NZ_JBLBSE010000010.1		GCF_047291455.1	1392	
2485	WP_411501192.1,WP_411501193.1	1230636	1234502	3872	1217	NZ_CP176860.1		GCF_046628085.1	1428	
2486	WP_411501192.1,WP_411501193.1	1230642	1234508	3872	1217	NZ_CP176864.1		GCF_046628115.1	1428	
2487	WP_000067632.1,WP_000192965.1	443370	447236	3872	1217	NZ_JBCMWM010000008.1		GCF_050475445.1	1392	
2488	WP_071727891.1,WP_071727890.1	507107	510973	3872	1217	NZ_JBPPSQ010000002.1		GCF_051337735.1	1396	
2489	WP_086420942.1,WP_086420943.1	95327	99193	3872	1217	NZ_JBCMSA010000018.1		GCF_050464645.1	1392	
2490	WP_000192965.1,WP_000067632.1	1219276	1223142	3872	1217	NZ_CP126463.1		GCF_030166675.1	1392	
2491	WP_409219208.1,WP_000192965.1	443531	447397	3872	1217	NZ_JBJYFF010000002.1		GCF_046221325.1	1392	
2492	WP_000067632.1,WP_000192965.1	443383	447249	3872	1217	NZ_JBCNIL010000012.1		GCF_050482745.1	1392	
2493	WP_000067632.1,WP_000192965.1	443367	447233	3872	1217	NZ_JBCNIM010000013.1		GCF_050482765.1	1392	
2494	WP_000192965.1,WP_000067632.1	67498	71364	3872	1217	NZ_JBCNIN010000005.1		GCF_050482785.1	1392	
2495	WP_001984386.1,WP_439980020.1	200688	204554	3872	1217	NZ_JBQAEK010000001.1		GCF_051915285.1	3450602	
2496	WP_001984386.1,WP_439980020.1	200688	204554	3872	1217	NZ_JBQAEL010000001.1		GCF_051915305.1	3450603	
2497	WP_071727891.1,WP_088313358.1	758666	762532	3872	1217	NZ_JBQAGL010000001.1		GCF_051916345.1	3450655	
2498	WP_426360682.1,WP_171855803.1	615864	619730	3872	1217	NZ_JBQAID010000002.1		GCF_051918785.1	3450699	
2499	WP_171855803.1,WP_426360682.1	467326	471192	3872	1217	NZ_JBQAIC010000001.1		GCF_051918825.1	3450698	
2500	WP_000067632.1,WP_000192965.1	111326	115192	3872	1217	NZ_FBXM01000026.1		GCF_900014335.1	1392	
2501	WP_000067632.1,WP_000192965.1	111327	115193	3872	1217	NZ_FBXL01000027.1		GCF_900014345.1	1392	
2502	WP_000067632.1,WP_000192965.1	111327	115193	3872	1217	NZ_FBXR01000017.1		GCF_900014355.1	1392	
2503	WP_000192965.1,WP_000067632.1	67564	71430	3872	1217	NZ_FBXT01000021.1		GCF_900014365.1	1392	
2504	WP_000067632.1,WP_000192965.1	111113	114979	3872	1217	NZ_FBXP01000025.1		GCF_900014375.1	1392	
2505	WP_071727891.1,WP_458890246.1	372377	376243	3872	1217	NZ_JBTLAR010000003.1		GCF_054458775.1	1396	
2506	WP_017560877.1,WP_017560876.1	118504	122370	3872	1217	NZ_JBTLBP010000004.1		GCF_054459415.1	1396	
2507	WP_042513676.1,WP_000192965.1	459853	463719	3872	1217	NZ_JBRYHE020000003.1		GCF_054471255.2	1392	
2508	WP_000192965.1,WP_042513676.1	471868	475734	3872	1217	NZ_JBRYHG020000003.1		GCF_054471295.2	1392	
2509	WP_000192965.1,WP_042513676.1	471746	475612	3872	1217	NZ_JBRYHD020000003.1		GCF_054471315.2	1392	
2510	WP_000192965.1,WP_000067632.1	1219850	1223716	3872	1217	NZ_CM148503.1		GCF_056033965.1	1392	
2511	WP_000192965.1,WP_000067632.1	1189835	1193701	3872	1217	NZ_CP198968.1		GCF_053895455.1	1392	
2512	WP_000192965.1,WP_000067632.1	35375	39241	3872	1217	NZ_JBLSDJ010000006.1		GCF_056156805.1	1392	
2513	WP_000067632.1,WP_000192965.1	111141	115007	3872	1217	NZ_JBUPYU010000011.1		GCF_055181275.1	1392	
2514	WP_042513676.1,WP_000192965.1	459853	463719	3872	1217	NZ_JBRYHF020000003.1		GCF_054471275.2	1392	
2515	WP_000192965.1,WP_000067632.1	1795606	1799472	3872	1217	NZ_CM135102.1		GCF_054165285.1	1392	
2516	WP_000192965.1,WP_000067632.1	1218582	1222448	3872	1217	NZ_AP041143.1		GCF_055393905.1	1392	
2517	WP_000192965.1,WP_000067632.1	67554	71420	3872	1217	NZ_FBXU01000029.1		GCF_900011745.1	1392	
2518	WP_000192965.1,WP_000067632.1	67545	71411	3872	1217	NZ_FBXS01000003.1		GCF_900012555.1	1392	
2519	WP_000067632.1,WP_000192965.1	111326	115192	3872	1217	NZ_FBXN01000028.1		GCF_900013465.1	1392	
2520	WP_000067632.1,WP_000192965.1	111327	115193	3872	1217	NZ_FBXQ01000013.1		GCF_900013475.1	1392	
2521	WP_017560876.1,WP_017560877.1	20874	24740	3872	1217	NZ_BAAIAZ010000013.1		GCF_054766715.1	1396	
2522	WP_017560876.1,WP_017560877.1	51885	55751	3872	1217	NZ_BAAIAU010000012.1		GCF_054766955.1	1396	
2523	WP_236787847.1,WP_236787845.1	176036	179902	3872	1217	NZ_BAAIAT010000004.1		GCF_054766975.1	1396	
2524	WP_236787847.1,WP_236787845.1	175946	179812	3872	1217	NZ_BAAIAS010000003.1		GCF_054766995.1	1396	
2525	WP_000067632.1,WP_000192965.1	111555	115421	3872	1217	NZ_JBLSDI010000003.1		GCF_056156845.1	1392	
2526	WP_000192965.1,WP_000067632.1	469213	473079	3872	1217	NZ_FBXO01000003.1		GCF_900013485.1	1392	
2527	WP_000192965.1,WP_000067632.1	1219642	1223508	3872	1217	NZ_CAKMXW010000001.1		GCF_928858765.1	1392	
2528	WP_000192965.1,WP_000067632.1	1219542	1223408	3872	1217	NZ_CAKMXX010000001.1		GCF_928865485.1	1392	
2529	WP_000192965.1,WP_000067632.1	1219644	1223510	3872	1217	NZ_CAKMXZ010000001.1		GCF_928869835.1	1392	
2530	WP_000192965.1,WP_000067632.1	1219641	1223507	3872	1217	NZ_CAKMXU010000001.1		GCF_928858585.1	1392	
2531	WP_048601941.1,WP_048601942.1	280515	282969	2441	1214	NZ_CVPE01000006.1		GCF_001049895.1	1631346	
2532	WP_048560164.1,WP_048560165.1,WP_088057209.1	85755	89573	3000	1214	NZ_NVPQ01000017.1		GCF_002550225.1	1890302	
2533	WP_088057209.1,WP_048560165.1,WP_048560164.1	42882	46700	3000	1214	NZ_NVGQ01000026.1		GCF_002569715.1	1890302	
2534	WP_197229427.1,WP_197229428.1,WP_088057209.1	108242	112060	3006	1214	NZ_LDGX01000034.1		GCF_015845075.1	1890302	
2535	WP_088057209.1,WP_048560165.1,WP_048560164.1	352738	356556	3000	1214	NZ_JAUCFN010000002.1		GCF_030348415.1	1890302	
2536	WP_048560164.1,WP_048560165.1,WP_088057209.1	5023049	5026867	3000	1214	NZ_JAZDWG010000001.1		GCF_036350675.1	1890302	
2537	WP_048560164.1,WP_048560165.1,WP_088057209.1	165652	169470	3000	1214	NZ_JBCMHN010000004.1		GCF_050456545.1	1890302	
2538	WP_088057209.1,WP_048560165.1,WP_048560164.1	42899	46717	3000	1214	NZ_FMJO01000013.1		GCF_900094855.1	1890302	
2539	WP_335706362.1,WP_335706367.1	32182	38268	2219	1211	NZ_JBALOQ010000068.1		GCF_036962705.1	3122960	
2540	WP_335491148.1,WP_335491155.1	96963	102236	2813	1210	NZ_JBALNQ010000037.1		GCF_036961885.1	86668	
2541	WP_335419782.1,WP_420489575.1	14260	19521	2801	1210	NZ_JBALOO010000100.1		GCF_036962645.1	86668	
2542	WP_232288807.1,WP_001031656.1	5127345	5131108	2926	1205	NZ_CM000726.1		GCF_000161115.1	526978	
2543	WP_155113490.1,WP_155113495.1	25153	32435	2801	1204	NZ_WMIB01000021.1		GCF_009711125.1	1491830	
2544	WP_449305955.1,WP_449305956.1	35616	39266	3653	1204	NZ_JBSEDV010000023.1		GCF_053570885.1	1404	
2545	WP_430137041.1,WP_430137044.1	96841	100719	3881	1203	NZ_JBCNAD010000029.1		GCF_050477905.1	363869	
2546	WP_016126704.1,WP_002168868.1	1121138	1125004	3872	1201	NZ_CM000742.1		GCF_000003925.1	526997	
2547	WP_002168868.1,WP_016126704.1	466396	470262	3872	1201	NZ_LABT01000038.1		GCF_001044935.1	1405	
2548	WP_002166126.1,WP_002166125.1	1154690	1158556	3872	1201	NZ_CM000719.1		GCF_000160975.1	1405	
2549	WP_033706550.1,WP_033706551.1	1148952	1152818	3872	1201	NZ_CM000737.1		GCF_000161335.1	1405	
2550	WP_016101526.1,WP_012260565.1	359002	362868	3872	1201	NZ_KB976279.1		GCF_000399145.1	1053224	
2551	WP_002158825.1,WP_002158824.1	40694	44560	3872	1201	NZ_KB976439.1		GCF_000399245.1	1053218	
2552	WP_012260565.1,WP_016101526.1	496784	500650	3872	1201	NZ_KB976677.1		GCF_000399425.1	1053236	
2553	WP_016104213.1,WP_016104214.1	256604	260470	3872	1201	NZ_KB976798.1		GCF_000399525.1	1053231	
2554	WP_002158824.1,WP_002158825.1	1089288	1093154	3872	1201	NZ_JH792113.1		GCF_000291155.1	1053219	
2555	WP_002201329.1,WP_002201330.1	3862167	3866033	3872	1201	NZ_JH791996.1		GCF_000291295.1	1053189	
2556	WP_002126028.1,WP_002126027.1	4183406	4187272	3872	1201	NZ_JH791991.1		GCF_000291315.1	1405	
2557	WP_002126027.1,WP_002126028.1	1123589	1127455	3872	1201	NZ_JH792011.1		GCF_000291335.1	1405	
2558	WP_002202728.1,WP_002202729.1	1011169	1015035	3872	1201	NZ_JH804629.1		GCF_000293545.1	1053193	
2559	WP_002126027.1,WP_002126028.1	1134147	1138013	3872	1201	NZ_JH804642.1		GCF_000293605.1	1405	
2560	WP_002135041.1,WP_002135043.1	699326	703192	3872	1201	NZ_JH804672.1		GCF_000293705.1	1053201	
2561	WP_044437842.1,WP_044437844.1	114902	118768	3872	1201	NZ_JYFS01000003.1		GCF_000931375.1	1405	
2562	WP_002186383.1,WP_002186384.1	4063476	4067342	3872	1201	NZ_JH791837.1		GCF_000290695.1	1405	
2563	WP_002168868.1,WP_002168869.1	4020569	4024435	3872	1201	NZ_JH792251.1		GCF_000290895.1	1405	
2564	WP_002166125.1,WP_002166126.1	3524524	3528390	3872	1201	NZ_JH792310.1		GCF_000290915.1	1053226	
2565	WP_002086902.1,WP_002086901.1	476308	480174	3872	1201	NZ_KE150044.1		GCF_000290975.2	718224	
2566	WP_002149729.1,WP_002149730.1	4133700	4137566	3872	1201	NZ_JH792148.1		GCF_000291075.1	1053206	
2567	WP_002168868.1,WP_033708900.1	66365	70231	3872	1201	NZ_BAUY01000046.1		GCF_000513155.1	1220585	
2568	WP_033730641.1,WP_033730642.1	130754	134620	3872	1201	NZ_ASPY01000059.1		GCF_000517985.1	1227358	
2569	WP_016094522.1,WP_016094523.1	1024099	1027965	3872	1201	NZ_KB976125.1		GCF_000398965.1	1053205	
2570	WP_016093041.1,WP_016093042.1	1219433	1223299	3872	1201	NZ_KB976153.1		GCF_000398985.1	1053204	
2571	WP_016126704.1,WP_002168868.1	1126192	1130058	3872	1201	NZ_KB976196.1		GCF_000399045.1	1405	
2572	WP_060751878.1,WP_060751879.1	13933	17799	3872	1201	NZ_LRPH01000096.1		GCF_001541985.1	1405	
2573	WP_059037493.1,WP_016126704.1	48143	52009	3872	1201	NZ_LLWA01000032.1		GCF_001484805.1	1405	
2574	WP_002168868.1,WP_033708900.1	3546040	3549906	3872	1201	NZ_CP009746.1		GCF_000775975.1	1405	
2575	WP_012260565.1,WP_002140888.1	1231815	1235681	3872	1201	NC_010184.1		GCF_000018825.1	315730	
2576	WP_002126028.1,WP_002126027.1	475199	479065	3872	1201	NZ_LJKG01000058.1		GCF_001619505.1	1405	
2577	WP_002168868.1,WP_016126704.1	4491700	4495566	3872	1201	NZ_CP009692.1		GCF_000832605.1	1405	
2578	WP_071744697.1,WP_071744698.1	70569	74435	3872	1201	NZ_MACH01000054.1		GCF_001884065.1	2026192	
2579	WP_078173288.1,WP_002158825.1	115864	119730	3872	1201	NZ_MUAG01000003.1		GCF_002014485.1	1396	
2580	WP_078202974.1,WP_078202975.1	238794	242660	3872	1201	NZ_MUAH01000001.1		GCF_002014505.1	1405	
2581	WP_078175523.1,WP_078175525.1	88466	92332	3872	1201	NZ_MUAI01000002.1		GCF_002014535.1	1405	
2582	WP_078179013.1,WP_078179014.1	4771	8637	3872	1201	NZ_MUAK01000117.1		GCF_002014545.1	1405	
2583	WP_002158825.1,WP_078180050.1	115522	119388	3872	1201	NZ_MUAL01000008.1		GCF_002014575.1	1396	
2584	WP_078204676.1,WP_063217400.1	102575	106441	3872	1201	NZ_MUAJ01000006.1		GCF_002014585.1	1396	
2585	WP_078184120.1,WP_002168868.1	194372	198238	3872	1201	NZ_MUAS01000001.1		GCF_002014655.1	1405	
2586	WP_078202975.1,WP_078206340.1	367977	371843	3872	1201	NZ_MUAT01000002.1		GCF_002014695.1	1405	
2587	WP_002168868.1,WP_016126704.1	26938	30804	3872	1201	NZ_MUAR01000013.1		GCF_002014715.1	1405	
2588	WP_070146332.1,WP_070146333.1	185420	189286	3872	1201	NZ_LXLX01000021.1		GCF_001757905.1	1405	
2589	WP_085309819.1,WP_085309821.1	1314984	1318850	3872	1201	NZ_CP020743.1		GCF_002104575.1	1405	
2590	WP_070138955.1,WP_070138956.1	226471	230337	3872	1201	NZ_LXLM01000022.1		GCF_001757785.1	1405	
2591	WP_070138955.1,WP_070138956.1	84162	88028	3872	1201	NZ_LXLN01000022.1		GCF_001757825.1	1405	
2592	WP_070141331.1,WP_070141332.1	231571	235437	3872	1201	NZ_LXLT01000018.1		GCF_001757835.1	1405	
2593	WP_070141331.1,WP_070141332.1	232756	236622	3872	1201	NZ_LXLU01000020.1		GCF_001757845.1	1405	
2594	WP_070128133.1,WP_070128134.1	249209	253075	3872	1201	NZ_LXLW01000017.1		GCF_001757875.1	1405	
2595	WP_088038139.1,WP_088038141.1	177470	181336	3872	1201	NZ_MRWV01000005.1		GCF_002118175.1	1405	
2596	WP_087995544.1,WP_002186383.1	185443	189309	3872	1201	NZ_MRWW01000001.1		GCF_002118185.1	1405	
2597	WP_002186383.1,WP_002186384.1	710588	714454	3872	1201	NZ_MRWU01000002.1		GCF_002118195.1	1405	
2598	WP_002186383.1,WP_087995544.1	9607	13473	3872	1201	NZ_MRWS01000037.1		GCF_002118205.1	1405	
2599	WP_071735069.1,WP_016128959.1	132567	136433	3872	1201	NZ_MAOC01000077.1		GCF_001884135.1	2026193	
2600	WP_071770263.1,WP_071770264.1	128825	132691	3872	1201	NZ_MAOG01000019.1		GCF_001884205.1	1866314	
2601	WP_088291230.1,WP_088291231.1	28963	32829	3872	1201	NZ_NIUP01000016.1		GCF_002200005.1	1405	
2602	WP_088294076.1,WP_088294077.1	29417	33283	3872	1201	NZ_NIUO01000040.1		GCF_002200025.1	1405	
2603	WP_088265871.1,WP_016126704.1	14346	18212	3872	1201	NZ_NIZC01000025.1		GCF_002200135.1	1405	
2604	WP_002168868.1,WP_078422195.1	15553	19419	3872	1201	NZ_MUAN01000012.1		GCF_002021835.1	1405	
2605	WP_070146332.1,WP_070146333.1	245182	249048	3872	1201	NZ_LXLO01000022.1		GCF_001757915.1	1405	
2606	WP_070128134.1,WP_070128133.1	63736	67602	3872	1201	NZ_LXLP01000021.1		GCF_001757935.1	1405	
2607	WP_070146332.1,WP_070146333.1	123189	127055	3872	1201	NZ_LXLR01000024.1		GCF_001757965.1	1405	
2608	WP_070128133.1,WP_070128134.1	249209	253075	3872	1201	NZ_LXLS01000016.1		GCF_001757985.1	1405	
2609	WP_070141331.1,WP_070141332.1	231571	235437	3872	1201	NZ_LXLV01000019.1		GCF_001757995.1	1405	
2610	WP_070146332.1,WP_070146333.1	185474	189340	3872	1201	NZ_LXLY01000027.1		GCF_001758015.1	1405	
2611	WP_071151079.1,WP_071151080.1	182074	185940	3872	1201	NZ_LXLQ01000022.1		GCF_001855755.1	1405	
2612	WP_088035047.1,WP_088035050.1	187316	191182	3872	1201	NZ_NFDG01000133.1		GCF_002146725.1	339658	
2613	WP_078202975.1,WP_088045869.1	1064485	1068351	3872	1201	NZ_NFDI01000062.1		GCF_002146775.1	1405	
2614	WP_097830091.1,WP_097830092.1	342436	346302	3872	1201	NZ_NVLJ01000007.1		GCF_002550375.1	1396	
2615	WP_098167285.1,WP_098167286.1	228341	232207	3872	1201	NZ_NUCL01000001.1		GCF_002554935.1	1405	
2616	WP_128855430.1,WP_128855431.1	6390	10256	3872	1201	NZ_ALBR01000074.1		GCF_002081505.1	360310	
2617	WP_097830091.1,WP_097830092.1	29246	33112	3872	1201	NZ_NTUE01000009.1		GCF_002561265.1	1396	
2618	WP_002168868.1,WP_016126704.1	473103	476969	3872	1201	NZ_MKZQ01000035.1		GCF_002909185.1	1405	
2619	WP_016126704.1,WP_002168868.1	39922	43788	3872	1201	NZ_MKZP01000002.1		GCF_002909205.1	1405	
2620	WP_001061616.1,WP_098499926.1	33975	37841	3872	1201	NZ_NUXC01000022.1		GCF_002564815.1	1396	
2621	WP_097830091.1,WP_097830092.1	303699	307565	3872	1201	NZ_NUXX01000001.1		GCF_002565695.1	1396	
2622	WP_097830092.1,WP_097830091.1	30156	34022	3872	1201	NZ_NUJQ01000041.1		GCF_002576065.1	1396	
2623	WP_070141331.1,WP_070141332.1	33959	37825	3872	1201	NZ_NULO01000059.1		GCF_002577365.1	1396	
2624	WP_098635433.1,WP_098635434.1	82548	86414	3872	1201	NZ_NVFI01000009.1		GCF_002569385.1	1405	
2625	WP_002126028.1,WP_098632987.1	119824	123690	3872	1201	NZ_NVGU01000022.1		GCF_002568935.1	1405	
2626	WP_098776249.1,WP_098776250.1	11332	15198	3872	1201	NZ_NUHO01000028.1		GCF_002575205.1	1396	
2627	WP_098763110.1,WP_098763111.1	436384	440250	3872	1201	NZ_NUIL01000001.1		GCF_002576595.1	1396	
2628	WP_097830092.1,WP_097830091.1	76842	80708	3872	1201	NZ_NUGR01000018.1		GCF_002574955.1	1396	
2629	WP_105584204.1,WP_105584205.1	518970	522836	3872	1201	NZ_PCNZ01000001.1		GCF_002975175.1	1848605	
2630	WP_002186383.1,WP_002126027.1	108822	112688	3872	1201	NZ_PCOH01000007.1		GCF_002976445.1	1827287	
2631	WP_098988187.1,WP_002201329.1	207545	211411	3872	1201	NZ_NUOX01000008.1		GCF_002585905.1	1396	
2632	WP_033708900.1,WP_137076169.1	40094	43960	3872	1201	NZ_SZOC01000060.1		GCF_005217685.1	1405	
2633	WP_137058956.1,WP_085309819.1	13066	16932	3872	1201	NZ_SZOD01000780.1		GCF_005217805.1	1405	
2634	WP_071735069.1,WP_090813020.1	961270	965136	3872	1201	NZ_VEMS01000001.1		GCF_007682355.1	2026193	
2635	WP_078179013.1,WP_078179014.1	219806	223672	3872	1201	NZ_QNUA01000018.1		GCF_008042285.1	2217833	
2636	WP_071735069.1,WP_090813020.1	107696	111562	3872	1201	NZ_VEKU01000005.1		GCF_007681365.1	2026193	
2637	WP_113733618.1,WP_113733619.1	124290	128156	3872	1201	NZ_NADV01000004.1		GCF_003264175.1	1969379	
2638	WP_002168868.1,WP_113709010.1	28160	32026	3872	1201	NZ_NADT01000008.1		GCF_003264205.1	1969377	
2639	WP_131246137.1,WP_131246138.1	233805	237671	3872	1201	NZ_SJQD01000003.1		GCF_004330345.1	1405	
2640	WP_131229755.1,WP_131229758.1	82493	86359	3872	1201	NZ_SJQA01000001.1		GCF_004330435.1	1405	
2641	WP_144508432.1,WP_144508433.1	6822	10688	3872	1201	NZ_VDZL01000163.1		GCF_007673305.1	1405	
2642	WP_002126028.1,WP_098632987.1	1105540	1109406	3872	1201	NZ_VEAE01000001.1		GCF_007673715.1	1405	
2643	WP_149190273.1,WP_149190274.1	1242609	1246475	3872	1201	NZ_CP031071.1		GCF_008274925.1	1405	
2644	WP_070146332.1,WP_070146333.1	246677	250543	3872	1201	NZ_JAEHBM010000003.1		GCF_016483645.1	1396	
2645	WP_199714916.1,WP_199714917.1	212065	215931	3872	1201	NZ_JAEHBL010000002.1		GCF_016483665.1	1396	
2646	WP_002186383.1,WP_199626847.1	120277	124143	3872	1201	NZ_JAEHCJ010000004.1		GCF_016483175.1	2794595	
2647	WP_199659825.1,WP_199659826.1	182166	186032	3872	1201	NZ_JAEHCF010000004.1		GCF_016483205.1	1396	
2648	WP_199709461.1,WP_002158825.1	95367	99233	3872	1201	NZ_JAEHCG010000008.1		GCF_016483265.1	1396	
2649	WP_002168868.1,WP_113709010.1	72125	75991	3872	1201	NZ_JAEHCE010000004.1		GCF_016483295.1	2794593	
2650	WP_088291231.1,WP_088291230.1	1711750	1715616	3872	1201	NZ_LDHL01000015.1		GCF_015845385.1	1405	
2651	WP_002186383.1,WP_002188805.1	470488	474354	3872	1201	NZ_LDHM01000047.1		GCF_015845395.1	1405	
2652	WP_193645715.1,WP_193645716.1	235076	238942	3872	1201	NZ_VOVA01000002.1		GCF_015071065.1	1396	
2653	WP_044437842.1,WP_193652814.1	117463	121329	3872	1201	NZ_VOVC01000010.1		GCF_015071105.1	1405	
2654	WP_193654887.1,WP_193654889.1	234236	238102	3872	1201	NZ_VOVB01000001.1		GCF_015071115.1	1396	
2655	WP_113733618.1,WP_193663444.1	125497	129363	3872	1201	NZ_VRME01000007.1		GCF_015071215.1	1405	
2656	WP_197218798.1,WP_002186384.1	121004	124870	3872	1201	NZ_LDGT01000006.1		GCF_015845055.1	1405	
2657	WP_201032698.1,WP_085309821.1	950969	954835	3872	1201	NZ_JAEKFM010000007.1		GCF_016650565.1	2796414	
2658	WP_085309821.1,WP_201032698.1	787861	791727	3872	1201	NZ_JAEKFK010000012.1		GCF_016650615.1	2796409	
2659	WP_002166125.1,WP_002166126.1	1282433	1286299	3872	1201	NZ_JAEKEY010000002.1		GCF_016650875.1	2796395	
2660	WP_033706551.1,WP_201039726.1	621234	625100	3872	1201	NZ_JAEKEU010000009.1		GCF_016650935.1	2796391	
2661	WP_201034878.1,WP_085309821.1	952259	956125	3872	1201	NZ_JAEKES010000006.1		GCF_016650995.1	2796389	
2662	WP_085309821.1,WP_201034878.1	1807012	1810878	3872	1201	NZ_JAEKER010000001.1		GCF_016651015.1	2796388	
2663	WP_201066473.1,WP_201066475.1	927424	931290	3872	1201	NZ_JAEKEO010000010.1		GCF_016651075.1	2796385	
2664	WP_201051589.1,WP_201051590.1	910301	914167	3872	1201	NZ_JAEKEN010000001.1		GCF_016651125.1	2796383	
2665	WP_199626847.1,WP_002186383.1	949435	953301	3872	1201	NZ_JAEKEI010000002.1		GCF_016651225.1	2796378	
2666	WP_219917532.1,WP_219917533.1	3914897	3918763	3872	1201	NZ_CP076653.1		GCF_018966865.1	2846779	
2667	WP_016126704.1,WP_002168868.1	998132	1001998	3872	1201	NZ_CP065877.1		GCF_016117755.1	1405	
2668	WP_204209191.1,WP_204209192.1	116739	120605	3872	1201	NZ_JAFEMR010000014.1		GCF_016892495.1	2803857	
2669	WP_002186384.1,WP_002186383.1	171123	174989	3872	1201	NZ_LLZX01000229.1		GCF_021097345.1	1405	
2670	WP_219301745.1,WP_219301746.1	457046	460912	3872	1201	NZ_JAHWJB010000002.1		GCF_019344915.1	2856338	
2671	WP_219376106.1,WP_016093041.1	250010	253876	3872	1201	NZ_QKKC01000101.1		GCF_019389875.1	1405	
2672	WP_078422195.1,WP_002168868.1	1254826	1258692	3872	1201	NZ_CP035994.1		GCF_018739445.1	1405	
2673	WP_215552742.1,WP_098167285.1	1529557	1533423	3872	1201	NZ_CP035997.1		GCF_018739485.1	1405	
2674	WP_078179013.1,WP_078179014.1	1698160	1702026	3872	1201	NZ_CP035999.1		GCF_018739505.1	1405	
2675	WP_215598946.1,WP_098167285.1	3881820	3885686	3872	1201	NZ_CP036004.1		GCF_018739525.1	1405	
2676	WP_215587475.1,WP_215587476.1	1256188	1260054	3872	1201	NZ_CP036009.1		GCF_018739545.1	1405	
2677	WP_061689066.1,WP_061689067.1	1250891	1254757	3872	1201	NZ_CP036017.1		GCF_018739625.1	1405	
2678	WP_012260565.1,WP_016101526.1	1240013	1243879	3872	1201	NZ_CP036023.1		GCF_018739645.1	1405	
2679	WP_215572557.1,WP_215572558.1	1252854	1256720	3872	1201	NZ_CP036026.1		GCF_018739665.1	1405	
2680	WP_215555618.1,WP_215555619.1	1173485	1177351	3872	1201	NZ_CP036034.1		GCF_018739685.1	1405	
2681	WP_215558172.1,WP_215558173.1	1224912	1228778	3872	1201	NZ_CP071808.1		GCF_018739705.1	1405	
2682	WP_098167285.1,WP_215552742.1	1246946	1250812	3872	1201	NZ_CP036040.1		GCF_018740945.1	1405	
2683	WP_215574610.1,WP_215574611.1	1228444	1232310	3872	1201	NZ_CP036043.1		GCF_018741005.1	1405	
2684	WP_215584701.1,WP_215584702.1	1248929	1252795	3872	1201	NZ_CP036046.1		GCF_018741085.1	1405	
2685	WP_078422195.1,WP_002168868.1	993222	997088	3872	1201	NZ_CP036057.1		GCF_018741145.1	1405	
2686	WP_215590940.1,WP_215590941.1	1272219	1276085	3872	1201	NZ_CP036064.1		GCF_018741165.1	1405	
2687	WP_098635434.1,WP_098635433.1	1338705	1342571	3872	1201	NZ_CP036084.1		GCF_018741465.1	1405	
2688	WP_215576893.1,WP_215576892.1	117080	120946	3872	1201	NZ_CP036085.1		GCF_018741505.1	1405	
2689	WP_215580974.1,WP_215580976.1	1193050	1196916	3872	1201	NZ_CP035953.1		GCF_018736705.1	1405	
2690	WP_131229755.1,WP_131229758.1	1192880	1196746	3872	1201	NZ_CP035962.1		GCF_018736725.1	1405	
2691	WP_087995544.1,WP_215550877.1	1255204	1259070	3872	1201	NZ_CP035965.1		GCF_018736745.1	1405	
2692	WP_215572557.1,WP_215572558.1	1183759	1187625	3872	1201	NZ_CP035974.1		GCF_018736765.1	1405	
2693	WP_215584701.1,WP_215584702.1	1249227	1253093	3872	1201	NZ_CP035978.1		GCF_018739305.1	1405	
2694	WP_098167285.1,WP_215552742.1	1250372	1254238	3872	1201	NZ_CP035984.1		GCF_018739365.1	1405	
2695	WP_215587475.1,WP_215587476.1	3293831	3297697	3872	1201	NZ_CP035987.1		GCF_018739385.1	1405	
2696	WP_215560980.1,WP_002186383.1	1239207	1243073	3872	1201	NZ_CP036099.1		GCF_018741565.1	1405	
2697	WP_002188805.1,WP_002186383.1	1252827	1256693	3872	1201	NZ_CP036102.1		GCF_018741605.1	1405	
2698	WP_199626847.1,WP_002186383.1	1282011	1285877	3872	1201	NZ_CP036117.1		GCF_018741645.1	1405	
2699	WP_215576892.1,WP_215576893.1	1279546	1283412	3872	1201	NZ_CP072057.1		GCF_018742045.1	1405	
2700	WP_215560980.1,WP_002186383.1	1226447	1230313	3872	1201	NZ_CP072055.1		GCF_018742105.1	1405	
2701	WP_078422195.1,WP_002168868.1	985849	989715	3872	1201	NZ_CP072061.1		GCF_018742185.1	1405	
2702	WP_215587475.1,WP_215587476.1	1258633	1262499	3872	1201	NZ_CP072065.1		GCF_018742205.1	1405	
2703	WP_098635434.1,WP_098635433.1	979574	983440	3872	1201	NZ_CP036121.1		GCF_018742225.1	1405	
2704	WP_098988187.1,WP_002201329.1	1250368	1254234	3872	1201	NZ_CP036132.1		GCF_018742245.1	1405	
2705	WP_215560980.1,WP_002186383.1	1912404	1916270	3872	1201	NZ_CP036137.1		GCF_018742265.1	1405	
2706	WP_215566503.1,WP_002186383.1	1245721	1249587	3872	1201	NZ_CP036145.1		GCF_018742285.1	1405	
2707	WP_016126704.1,WP_002168868.1	1248217	1252083	3872	1201	NZ_CP071811.1		GCF_018751995.1	1405	
2708	WP_212935705.1,WP_128282200.1	4543	8409	3872	1201	NZ_BOQD01000127.1		GCF_018332515.1	2817478	
2709	WP_002168868.1,WP_033708900.1	586217	590083	3872	1201	NZ_JAKGBR020000002.1		GCF_022458665.2	1405	
2710	WP_242309892.1,WP_242309895.1	223893	227759	3872	1201	NZ_JAKUGJ010000005.1		GCF_022663915.1	2920307	
2711	WP_242237763.1,WP_242237764.1	15547	19413	3872	1201	NZ_JAKUGX010000033.1		GCF_022664195.1	2920293	
2712	WP_044741014.1,WP_044741015.1	917925	921791	3872	1201	NZ_CP093844.1		GCF_022691145.1	2026193	
2713	WP_256416064.1,WP_088098821.1	192146	196012	3872	1201	NZ_JANHDW010000005.1		GCF_024495135.1	1396	
2714	WP_002186383.1,WP_215560980.1	286555	290421	3872	1201	NZ_JANHMR010000002.1		GCF_024498035.1	1405	
2715	WP_033708900.1,WP_256491753.1	41817	45683	3872	1201	NZ_JANHMV010000032.1		GCF_024498055.1	1405	
2716	WP_016101526.1,WP_012260565.1	78861	82727	3872	1201	NZ_JANHMU010000005.1		GCF_024498095.1	1405	
2717	WP_262449553.1,WP_262449554.1	61897	65763	3872	1201	NZ_JAOPTI010000019.1		GCF_025519005.1	1405	
2718	WP_219917532.1,WP_264540356.1	1192855	1196721	3872	1201	NZ_CP097257.1		GCF_025947955.1	1428	
2719	WP_085309819.1,WP_241138947.1	1269766	1273632	3872	1201	NZ_CP092833.1		GCF_022532085.1	1405	
2720	WP_215576892.1,WP_215576893.1	3099846	3103712	3872	1201	NZ_CP093291.1		GCF_022630575.1	1405	
2721	WP_242246196.1,WP_242246197.1	226915	230781	3872	1201	NZ_JAKUDX010000002.1		GCF_022662615.1	2920371	
2722	WP_002186384.1,WP_002186383.1	1257272	1261138	3872	1201	NZ_CP093835.1		GCF_022814785.1	1405	
2723	WP_078206340.1,WP_078202975.1	936579	940445	3872	1201	NZ_JANCTB010000002.1		GCF_024297165.1	1405	
2724	WP_263894713.1,WP_078202975.1	1261396	1265262	3872	1201	NZ_CP084035.1		GCF_025809295.1	2876713	
2725	WP_016126704.1,WP_002168868.1	1251697	1255563	3872	1201	NZ_CP118958.1		GCF_029024805.1	1405	
2726	WP_097830091.1,WP_097830092.1	1237486	1241352	3872	1201	NZ_CP089518.1		GCF_025917685.1	1396	
2727	WP_113709010.1,WP_002168868.1	268246	272112	3872	1201	NZ_JASDBX010000005.1		GCF_030016355.1	1405	
2728	WP_016093042.1,WP_016093041.1	334454	338320	3872	1201	NZ_RXFX01000001.1		GCF_027306445.1	1405	
2729	WP_098988187.1,WP_002201329.1	1247102	1250968	3872	1201	NZ_CP128107.1		GCF_030291955.1	1396	
2730	WP_002201329.1,WP_098988187.1	833569	837435	3872	1201	NZ_CP128166.1		GCF_030291975.1	1396	
2731	WP_002166126.1,WP_002166125.1	1268808	1272674	3872	1201	NZ_CP128112.1		GCF_030292015.1	1405	
2732	WP_113709010.1,WP_002168868.1	1244179	1248045	3872	1201	NZ_CP128137.1		GCF_030292115.1	1405	
2733	WP_002186384.1,WP_309514643.1	483062	486928	3872	1201	NZ_JAVIVY010000003.1		GCF_031324095.1	1405	
2734	WP_113709010.1,WP_002168868.1	1284454	1288320	3872	1201	NZ_CP128129.1		GCF_030292205.1	1405	
2735	WP_113709010.1,WP_002168868.1	1288441	1292307	3872	1201	NZ_CP128149.1		GCF_030292225.1	1405	
2736	WP_289358468.1,WP_289358469.1	1202378	1206244	3872	1201	NZ_JAUCFS010000005.1		GCF_030348325.1	2817478	
2737	WP_289358468.1,WP_289358469.1	1201406	1205272	3872	1201	NZ_JAUCFH010000001.1		GCF_030348535.1	2817478	
2738	WP_289358468.1,WP_289358469.1	1202895	1206761	3872	1201	NZ_JAUCFG010000002.1		GCF_030348585.1	2817478	
2739	WP_002126027.1,WP_002126028.1	70209	74075	3872	1201	NZ_VLYU01000001.1		GCF_031317085.1	1405	
2740	WP_002166126.1,WP_002166125.1	1249967	1253833	3872	1201	NZ_CP131924.1		GCF_030704245.1	1405	
2741	WP_044437842.1,WP_289403402.1	1260697	1264563	3872	1201	NZ_JAUCFB010000001.1		GCF_030348665.1	1405	
2742	WP_098988187.1,WP_002201329.1	1263370	1267236	3872	1201	NZ_JAUCFA010000002.1		GCF_030348675.1	1396	
2743	WP_002168868.1,WP_016126704.1	227243	231109	3872	1201	NZ_VKPV01000014.1		GCF_031316615.1	1405	
2744	WP_201066473.1,WP_201066475.1	1244039	1247905	3872	1201	NZ_CP136372.1		GCF_032681085.1	1405	
2745	WP_002166126.1,WP_002166125.1	1287568	1291434	3872	1201	NZ_CP136381.1		GCF_032681105.1	1405	
2746	WP_242309892.1,WP_305927212.1	1218437	1222303	3872	1201	NZ_CP132065.1		GCF_030718825.1	1405	
2747	WP_002186383.1,WP_002186384.1	767230	771096	3872	1201	NZ_JARMBR010000017.1		GCF_036211445.1	1405	
2748	WP_016126704.1,WP_002168868.1	176701	180567	3872	1201	NZ_JARMBT010000011.1		GCF_036211485.1	1405	
2749	WP_002168868.1,WP_016126704.1	227266	231132	3872	1201	NZ_JARMBU010000008.1		GCF_036211545.1	1405	
2750	WP_113709010.1,WP_002168868.1	89254	93120	3872	1201	NZ_JARLYS010000014.1		GCF_036209935.1	1405	
2751	WP_327816843.1,WP_327816844.1	53489	57355	3872	1201	NZ_JARMCS010000003.1		GCF_036211985.1	2026192	
2752	WP_002168868.1,WP_016126704.1	537636	541502	3872	1201	NZ_JARMDH010000006.1		GCF_036212265.1	1405	
2753	WP_098635434.1,WP_098635433.1	183822	187688	3872	1201	NZ_JARMAH010000003.1		GCF_036210735.1	1405	
2754	WP_088035050.1,WP_088035047.1	28996	32862	3872	1201	NZ_JARMAJ010000117.1		GCF_036210745.1	1405	
2755	WP_215576892.1,WP_215576893.1	89951	93817	3872	1201	NZ_JARMAI010000018.1		GCF_036210755.1	1405	
2756	WP_033708900.1,WP_002168868.1	172184	176050	3872	1201	NZ_JARMAZ010000017.1		GCF_036211105.1	1405	
2757	WP_326997655.1,WP_215590941.1	89648	93514	3872	1201	NZ_JARSHE010000038.1		GCF_036009945.1	1405	
2758	WP_215590941.1,WP_326997655.1	120772	124638	3872	1201	NZ_JARSHF010000027.1		GCF_036009965.1	1405	
2759	WP_002186383.1,WP_002186384.1	210705	214571	3872	1201	NZ_JARLYE010000015.1		GCF_036209605.1	1405	
2760	WP_002186383.1,WP_002186384.1	679735	683601	3872	1201	NZ_JARLYD010000002.1		GCF_036209615.1	1405	
2761	WP_002186384.1,WP_002186383.1	176131	179997	3872	1201	NZ_JARLYF010000012.1		GCF_036209645.1	1405	
2762	WP_328022779.1,WP_000615610.1	158004	161870	3872	1201	NZ_JARLYH010000012.1		GCF_036209665.1	2026193	
2763	WP_328025998.1,WP_262449553.1	34890	38756	3872	1201	NZ_JARLYL010000005.1		GCF_036209745.1	1405	
2764	WP_002186383.1,WP_002186384.1	38240	42106	3872	1201	NZ_JARLYJ010000014.1		GCF_036209765.1	1405	
2765	WP_088038139.1,WP_088038141.1	176898	180764	3872	1201	NZ_JARLYK010000007.1		GCF_036209775.1	1405	
2766	WP_328025998.1,WP_262449553.1	25134	29000	3872	1201	NZ_JARLYM010000022.1		GCF_036209805.1	1405	
2767	WP_328025998.1,WP_262449553.1	25114	28980	3872	1201	NZ_JARLYN010000036.1		GCF_036209825.1	1405	
2768	WP_002186383.1,WP_087995544.1	13627	17493	3872	1201	NZ_JARLYO010000005.1		GCF_036209845.1	1405	
2769	WP_071735069.1,WP_329762602.1	950194	954060	3872	1201	NZ_JAUMJO010000001.1		GCF_036320425.1	2026193	
2770	WP_078422195.1,WP_002168868.1	1223182	1227048	3872	1201	NZ_JBBORT010000001.1		GCF_038004785.1	2921583	
2771	WP_144508432.1,WP_353761086.1	3941989	3945855	3872	1201	NZ_JARVHQ010000001.1		GCF_040459645.1	3040260	
2772	WP_071770264.1,WP_327816843.1	1241978	1245844	3872	1201	NZ_JBBMKW010000001.1		GCF_037937215.1	2026192	
2773	WP_044437842.1,WP_044437844.1	1285960	1289826	3872	1201	NZ_JBBOTR010000001.1		GCF_038005725.1	2954664	
2774	WP_341035887.1,WP_341035889.1	230095	233961	3872	1201	NZ_JBBOUQ010000001.1		GCF_038006125.1	2954660	
2775	WP_002168868.1,WP_078184120.1	3928600	3932466	3872	1201	NZ_JBBOUP010000001.1		GCF_038006145.1	2921392	
2776	WP_341023757.1,WP_113733618.1	1357293	1361159	3872	1201	NZ_JBBOUY010000001.1		GCF_038006345.1	2921591	
2777	WP_078202974.1,WP_078202975.1	1241074	1244940	3872	1201	NZ_JBBOVQ010000001.1		GCF_038006705.1	2921529	
2778	WP_199626847.1,WP_088038141.1	1269368	1273234	3872	1201	NZ_JBBOWH010000001.1		GCF_038006925.1	2921538	
2779	WP_002126027.1,WP_002126028.1	1249185	1253051	3872	1201	NZ_JBBOWR010000001.1		GCF_038007175.1	2954600	
2780	WP_340772231.1,WP_340772233.1	1015593	1019459	3872	1201	NZ_JBBOWS010000001.1		GCF_038007205.1	2954599	
2781	WP_341074480.1,WP_113733618.1	1330595	1334461	3872	1201	NZ_JBBOXC010000001.1		GCF_038007365.1	2921592	
2782	WP_341090824.1,WP_002168868.1	1238364	1242230	3872	1201	NZ_JBBOXE010000001.1		GCF_038007445.1	2921572	
2783	WP_263894713.1,WP_078202975.1	1260717	1264583	3872	1201	NZ_JBBOXZ010000001.1		GCF_038007885.1	2954662	
2784	WP_341086362.1,WP_215590940.1	2666924	2670790	3872	1201	NZ_JBBOYO010000001.1		GCF_038008145.1	2921593	
2785	WP_002186383.1,WP_340975589.1	4278709	4282575	3872	1201	NZ_JBBOZC010000001.1		GCF_038008405.1	2978219	
2786	WP_002126027.1,WP_002126028.1	1256075	1259941	3872	1201	NZ_JBBOZP010000001.1		GCF_038008665.1	2954657	
2787	WP_088035047.1,WP_088035050.1	4518610	4522476	3872	1201	NZ_CP150648.1		GCF_038024175.1	1405	
2788	WP_002140888.1,WP_012260565.1	1274460	1278326	3872	1201	NZ_JBBOTI010000002.1		GCF_038005505.1	2954598	
2789	WP_340822568.1,WP_340822570.1	1170879	1174745	3872	1201	NZ_JBBOUO010000001.1		GCF_038006105.1	2921402	
2790	WP_002158825.1,WP_078173288.1	1211893	1215759	3872	1201	NZ_JBBOWG010000001.1		GCF_038006985.1	2921541	
2791	WP_341307380.1,WP_341307381.1	3432894	3436760	3872	1201	NZ_JBBOTV010000001.1		GCF_038050385.1	2921590	
2792	WP_199626847.1,WP_002186383.1	1233700	1237566	3872	1201	NZ_JBBOPN010000001.1		GCF_038003645.1	2921363	
2793	WP_044437842.1,WP_113769153.1	1252107	1255973	3872	1201	NZ_JARVHC010000001.1		GCF_040459995.1	3040247	
2794	WP_070141332.1,WP_353770564.1	36285	40151	3872	1201	NZ_JBEUTF010000032.1		GCF_040492395.1	3122976	
2795	WP_377898359.1,WP_377898360.1	462197	466063	3872	1201	NZ_JBHVNG010000002.1		GCF_042796455.1	3346273	
2796	WP_002186383.1,WP_377940401.1	776371	780237	3872	1201	NZ_JBHVVX010000002.1		GCF_042882505.1	1405	
2797	WP_377940401.1,WP_002186383.1	224908	228774	3872	1201	NZ_JBHVVY010000002.1		GCF_042882555.1	1405	
2798	WP_201039726.1,WP_390185720.1	485871	489737	3872	1201	NZ_JBHVVQ010000002.1		GCF_042883425.1	1405	
2799	WP_002186383.1,WP_390219167.1	66375	70241	3872	1201	NZ_JBHVTE010000008.1		GCF_042884815.1	1405	
2800	WP_372475517.1,WP_242309892.1	740033	743899	3872	1201	NZ_JBFDUU010000002.1		GCF_041531455.1	1405	
2801	WP_372488874.1,WP_372488875.1	13724	17590	3872	1201	NZ_JBEJVV010000009.1		GCF_041531495.1	1405	
2802	WP_088098821.1,WP_256416064.1	2313	6179	3872	1201	NZ_JBFPJI010000110.1		GCF_040838205.1	125884	
2803	WP_367961491.1,WP_002168868.1	8463	12329	3872	1201	NZ_JBFPJH010000052.1		GCF_040838255.1	1387733	
2804	WP_354655949.1,WP_354655950.1	195891	199757	3872	1201	NZ_JBEXCC010000002.1		GCF_040567675.1	1405	
2805	WP_367630625.1,WP_367630626.1	11423	15289	3872	1201	NZ_JBFNPP010000011.1		GCF_040797025.1	1405	
2806	WP_002168868.1,WP_033708900.1	586218	590084	3872	1201	NZ_JBFNPQ020000002.1		GCF_040797065.2	1405	
2807	WP_002168868.1,WP_033708900.1	586217	590083	3872	1201	NZ_JBFNPR020000002.1		GCF_040797105.2	1405	
2808	WP_377940401.1,WP_002186383.1	69621	73487	3872	1201	NZ_JBHXKL010000016.1		GCF_042722135.1	1405	
2809	WP_377940401.1,WP_002186383.1	69517	73383	3872	1201	NZ_JBHXJZ010000013.1		GCF_042722945.1	1405	
2810	WP_377892432.1,WP_377892433.1	21583	25449	3872	1201	NZ_JBHWYR010000018.1		GCF_042728695.1	3347061	
2811	WP_377951693.1,WP_377951695.1	432994	436860	3872	1201	NZ_JBHTYO010000001.1		GCF_042790735.1	1405	
2812	WP_377951695.1,WP_377951693.1	29180	33046	3872	1201	NZ_JBHTYN010000036.1		GCF_042790895.1	1405	
2813	WP_002126028.1,WP_400517756.1	1109983	1113849	3872	1201	NZ_JBIWFR010000001.1		GCF_044763155.1	1405	
2814	WP_377866445.1,WP_377866446.1	4150772	4154638	3872	1201	NZ_JAXHPX010000007.1		GCF_042466195.1	3101709	
2815	WP_002186383.1,WP_404467482.1	1150286	1154152	3872	1201	NZ_JBIYCQ010000001.1		GCF_044907985.1	3156294	
2816	WP_087995544.1,WP_215550877.1	175130	178996	3872	1201	NZ_JBIYCX010000001.1		GCF_044908195.1	3156280	
2817	WP_016128959.1,WP_071735069.1	514873	518739	3872	1201	NZ_JBIQDN010000001.1		GCF_045371125.1	2026193	
2818	WP_113937730.1,WP_427279010.1	16632	20498	3872	1201	NZ_JBNNIN010000005.1		GCF_050269535.1	1405	
2819	WP_427343581.1,WP_427343583.1	89209	93075	3872	1201	NZ_JBNNIQ010000017.1		GCF_050269595.1	1405	
2820	WP_404457245.1,WP_404511484.1	246897	250763	3872	1201	NZ_JBIYCZ010000006.1		GCF_044908245.1	3156286	
2821	WP_002186383.1,WP_199626847.1	787175	791041	3872	1201	NZ_JBIYDA010000001.1		GCF_044908295.1	3156284	
2822	WP_404457245.1,WP_404457247.1	40196	44062	3872	1201	NZ_JBIYDE010000010.1		GCF_044908455.1	3156287	
2823	WP_199626847.1,WP_002186383.1	497909	501775	3872	1201	NZ_JBIYDG010000003.1		GCF_044908515.1	3156281	
2824	WP_002186383.1,WP_404467482.1	1179679	1183545	3872	1201	NZ_JBIYDK010000001.1		GCF_044908625.1	3156292	
2825	WP_078179014.1,WP_404518184.1	90906	94772	3872	1201	NZ_JBIYDI010000007.1		GCF_044908635.1	3156282	
2826	WP_199626847.1,WP_002186383.1	76796	80662	3872	1201	NZ_JBIYDO010000001.1		GCF_044908795.1	3156283	
2827	WP_199626847.1,WP_002186383.1	76786	80652	3872	1201	NZ_JBIYDU010000001.1		GCF_044908975.1	3156293	
2828	WP_404445772.1,WP_404445775.1	122756	126622	3872	1201	NZ_JBIYDV010000008.1		GCF_044909215.1	3156289	
2829	WP_002168868.1,WP_016126704.1	226105	229971	3872	1201	NZ_DBBRPV010000004.1		GCF_044949865.1	1405	
2830	WP_427351914.1,WP_427351915.1	20041	23907	3872	1201	NZ_JBNNIV010000055.1		GCF_050269695.1	1405	
2831	WP_410591251.1,WP_410591253.1	13701	17567	3872	1201	NZ_JAWRYM010000017.1		GCF_046534555.1	3085812	
2832	WP_098635434.1,WP_098635433.1	36383	40249	3872	1201	NZ_JAYKZW010000011.1		GCF_048054765.1	1405	
2833	WP_002186384.1,WP_426940471.1	1228410	1232276	3872	1201	NZ_CP189792.1		GCF_050209365.1	1405	
2834	WP_016094523.1,WP_016094522.1	1213773	1217639	3872	1201	NZ_CP189817.1		GCF_050210445.1	1405	
2835	WP_427283430.1,WP_427283431.1	211518	215384	3872	1201	NZ_JBNNFZ010000003.1		GCF_050268045.1	1405	
2836	WP_098988187.1,WP_002201329.1	501383	505249	3872	1201	NZ_JBNNGH010000001.1		GCF_050268185.1	1396	
2837	WP_016128959.1,WP_071735069.1	1194327	1198193	3872	1201	NZ_JBLFHU010000001.1		GCF_047444815.1	2026193	
2838	WP_078175525.1,WP_078175523.1	538907	542773	3872	1201	NZ_JBCMNA010000024.1		GCF_050459445.1	1405	
2839	WP_429707031.1,WP_429707033.1	100322	104188	3872	1201	NZ_JBCMNP010000070.1		GCF_050459995.1	1405	
2840	WP_097830092.1,WP_097830091.1	1138531	1142397	3872	1201	NZ_JBNGVC010000001.1		GCF_050524305.1	3240095	
2841	WP_033730642.1,WP_430629263.1	87692	91558	3872	1201	NZ_JBNXSQ010000001.1		GCF_050563365.1	1405	
2842	WP_113709010.1,WP_002168868.1	248515	252381	3872	1201	NZ_JBCMHW010000009.1		GCF_050456665.1	1405	
2843	WP_429683675.1,WP_002168868.1	116299	120165	3872	1201	NZ_JBCMHX010000021.1		GCF_050456685.1	1405	
2844	WP_429691990.1,WP_429687376.1	86229	90095	3872	1201	NZ_JBCMJO010000018.1		GCF_050457545.1	1405	
2845	WP_016101526.1,WP_431179834.1	24318	28184	3872	1201	NZ_JBNTLN010000007.1		GCF_050627815.1	1405	
2846	WP_002201329.1,WP_098988187.1	50302	54168	3872	1201	NZ_JBNTLW010000007.1		GCF_050627975.1	1396	
2847	WP_137076169.1,WP_431184321.1	197388	201257	3875	1201	NZ_JBNTOD010000002.1		GCF_050629185.1	1405	
2848	WP_016126704.1,WP_431185552.1	217340	221206	3872	1201	NZ_JBNTOE010000005.1		GCF_050629205.1	1405	
2849	WP_002186384.1,WP_002186383.1	176219	180085	3872	1201	NZ_JBNTOG010000001.1		GCF_050629225.1	1405	
2850	WP_431186212.1,WP_044437842.1	9970	13836	3872	1201	NZ_JBNTOF010000009.1		GCF_050629245.1	1405	
2851	WP_113709010.1,WP_002168868.1	87250	91116	3872	1201	NZ_JBNTOL010000010.1		GCF_050629345.1	1405	
2852	WP_215576893.1,WP_215576892.1	118122	121988	3872	1201	NZ_JBNTON010000010.1		GCF_050629385.1	1405	
2853	WP_113709010.1,WP_002168868.1	87318	91184	3872	1201	NZ_JBNTPB010000014.1		GCF_050629645.1	1405	
2854	WP_002126027.1,WP_002126028.1	210108	213974	3872	1201	NZ_JBNTPC010000006.1		GCF_050629665.1	1405	
2855	WP_199659826.1,WP_429710750.1	119889	123755	3872	1201	NZ_JBCMRK010000010.1		GCF_050463985.1	1405	
2856	WP_088291231.1,WP_088291230.1	797414	801280	3872	1201	NZ_JBCMRL010000013.1		GCF_050464045.1	1405	
2857	WP_060751878.1,WP_429714882.1	400496	404362	3872	1201	NZ_JBCMRM010000008.1		GCF_050464085.1	1405	
2858	WP_002201329.1,WP_098988187.1	1170870	1174736	3872	1201	NZ_JBNNGP010000002.1		GCF_050268345.1	1396	
2859	WP_427283430.1,WP_427283431.1	211518	215384	3872	1201	NZ_JBNNMS010000004.1		GCF_050273035.1	1405	
2860	WP_427327228.1,WP_002135041.1	79248	83114	3872	1201	NZ_JBNNUV010000004.1		GCF_050280105.1	1405	
2861	WP_429691016.1,WP_002086901.1	1673	5539	3872	1201	NZ_JBCMKM010000193.1		GCF_050458025.1	1405	
2862	WP_060751878.1,WP_429714882.1	281925	285791	3872	1201	NZ_JBNTPF010000003.1		GCF_050629745.1	1405	
2863	WP_309514643.1,WP_002186384.1	30954	34820	3872	1201	NZ_JBNTPR010000005.1		GCF_050630005.1	1405	
2864	WP_002086901.1,WP_429691016.1	4961	8827	3872	1201	NZ_JBCMKN010000139.1		GCF_050458045.1	1405	
2865	WP_002086901.1,WP_429691016.1	4660	8526	3872	1201	NZ_JBCMLB010000306.1		GCF_050458325.1	1405	
2866	WP_429691016.1,WP_002086901.1	9792	13658	3872	1201	NZ_JBCMLC010000004.1		GCF_050458345.1	1405	
2867	WP_431175867.1,WP_012260565.1	14000	17866	3872	1201	NZ_JBNTLA010000021.1		GCF_050627535.1	1405	
2868	WP_128282200.1,WP_431178477.1	32134	36000	3872	1201	NZ_JBNTKZ010000011.1		GCF_050627545.1	2817478	
2869	WP_431179834.1,WP_016101526.1	127091	130957	3872	1201	NZ_JBNTLB010000011.1		GCF_050627575.1	1405	
2870	WP_431181543.1,WP_431181544.1	484847	488713	3872	1201	NZ_JBNTMN010000001.1		GCF_050628325.1	1405	
2871	WP_263894713.1,WP_431159585.1	297213	301079	3872	1201	NZ_JBNTMM010000001.1		GCF_050628335.1	1405	
2872	WP_429721350.1,WP_199626847.1	77748	81614	3872	1201	NZ_JBCNST010000017.1		GCF_050470125.1	1405	
2873	WP_429721350.1,WP_199626847.1	505500	509366	3872	1201	NZ_JBCNSV010000004.1		GCF_050470225.1	1405	
2874	WP_199626847.1,WP_429721350.1	373443	377309	3872	1201	NZ_JBCNSW010000004.1		GCF_050470245.1	1405	
2875	WP_429687376.1,WP_429687375.1	13663	17529	3872	1201	NZ_JBCMJW010000035.1		GCF_050457705.1	1405	
2876	WP_429685538.1,WP_429685539.1	82218	86084	3872	1201	NZ_JBCMJX010000014.1		GCF_050457725.1	1405	
2877	WP_429685538.1,WP_429685539.1	82219	86085	3872	1201	NZ_JBCMJY010000005.1		GCF_050457765.1	1405	
2878	WP_429687375.1,WP_429687376.1	87346	91212	3872	1201	NZ_JBCMKA010000016.1		GCF_050457785.1	1405	
2879	WP_002086901.1,WP_429691016.1	4657	8523	3872	1201	NZ_JBCMKK010000224.1		GCF_050457985.1	1405	
2880	WP_431160489.1,WP_431160491.1	476651	480517	3872	1201	NZ_JBNTLX010000002.1		GCF_050628015.1	1405	
2881	WP_375369884.1,WP_375369885.1	4195843	4199709	3872	1201	NZ_CM143394.1		GCF_042136375.2	3683351	
2882	WP_335468684.1,WP_070128133.1	55187	59053	3872	1201	NZ_JBALMG010000001.1		GCF_036963225.1	3122974	
2883	WP_219301745.1,WP_219301746.1	96270	100136	3872	1201	NZ_JBQWDU010000007.1		GCF_052510565.1	3459567	
2884	WP_002158825.1,WP_002158824.1	995115	998981	3872	1201	NZ_CM129600.1		GCF_052947795.1	1405	
2885	WP_447619301.1,WP_447619302.1	5987	9853	3872	1201	NZ_JBKEZR010000019.1		GCF_053345195.1	1405	
2886	WP_002168868.1,WP_113709010.1	28136	32002	3872	1201	NZ_JBQZGC010000013.1		GCF_052691895.1	3415651	
2887	WP_113709010.1,WP_002168868.1	87298	91164	3872	1201	NZ_JBQZGB010000013.1		GCF_052691975.1	3415652	
2888	WP_441297020.1,WP_002186383.1	1244890	1248756	3872	1201	NZ_CM125442.1		GCF_052077675.1	1405	
2889	WP_439875403.1,WP_439875404.1	977095	980961	3872	1201	NZ_CP196734.1		GCF_051904815.1	1405	
2890	WP_044437842.1,WP_044437844.1	274500	278366	3872	1201	NZ_JBQCML010000001.1		GCF_051965155.1	1405	
2891	WP_002158824.1,WP_002158825.1	3924219	3928085	3872	1201	NZ_CM129586.1		GCF_052947515.1	1405	
2892	WP_215574610.1,WP_452086222.1	234684	238550	3872	1201	NZ_JBSGSJ010000002.1		GCF_053606825.1	1405	
2893	WP_452086222.1,WP_215574610.1	164865	168731	3872	1201	NZ_JBSGSM010000006.1		GCF_053606885.1	1405	
2894	WP_215574611.1,WP_215574610.1	337696	341562	3872	1201	NZ_JBSGSX010000001.1		GCF_053607125.1	1405	
2895	WP_215574610.1,WP_215574611.1	60734	64600	3872	1201	NZ_JBSGTD010000023.1		GCF_053607225.1	1405	
2896	WP_452083721.1,WP_452083722.1	103965	107831	3872	1201	NZ_JBSGTV010000003.1		GCF_053607585.1	1396	
2897	WP_088038936.1,WP_088038938.1	486423	490289	3872	1201	NZ_FLZU01000016.1		GCF_900094345.1	1405	
2898	WP_088098821.1,WP_088098822.1	82430	86296	3872	1201	NZ_FMAK01000024.1		GCF_900094655.1	1405	
2899	WP_002158825.1,WP_078173288.1	398505	402371	3872	1201	NZ_FMBF01000018.1		GCF_900094695.1	1405	
2900	WP_071151079.1,WP_071151080.1	181916	185782	3872	1201	NZ_FMJF01000019.1		GCF_900094995.1	1405	
2901	WP_088291230.1,WP_456535161.1	500312	504178	3872	1201	NZ_JBSSFG010000001.1		GCF_054062415.1	1405	
2902	WP_016126704.1,WP_002168868.1	1263458	1267324	3872	1201	NZ_CM129595.1		GCF_052947695.1	1405	
2903	WP_016126704.1,WP_002168868.1	217460	221326	3872	1201	NZ_FOYB01000002.1		GCF_900115885.1	1405	
2904	WP_476995845.1,WP_476995846.1	387740	391606	3872	1201	NZ_JBFTMD010000002.1		GCF_056396785.1	3238460	
2905	WP_016101526.1,WP_012260565.1	86878	90744	3872	1201	NZ_JBFUIV010000008.1		GCF_056401715.1	3238612	
2906	WP_090813020.1,WP_071735069.1	255111	258977	3872	1201	NZ_FNRB01000001.1		GCF_900107515.1	2026193	
2907	WP_477000385.1,WP_477000386.1	1050	4916	3872	1201	NZ_JBFUIN010000131.1		GCF_056401855.1	3238611	
2908	WP_012260565.1,WP_016101526.1	727345	731211	3872	1201	NZ_LR733376.1		GCF_902506115.1	1405	
2909	WP_078422195.1,WP_002168868.1	1284125	1287991	3872	1201	NZ_CDRLLC010000001.1		GCF_976996315.1	1405	
2910	WP_113709010.1,WP_002168868.1	1274332	1278198	3872	1201	NZ_CDRMVQ010000001.1		GCF_977007635.1	1405	
2911	WP_199659826.1,WP_199659825.1	215497	219363	3872	1201	NZ_CAKJWM010000010.1		GCF_918189065.1	1396	
2912	WP_215576893.1,WP_215576892.1	179823	183689	3872	1201	NZ_CAKJWQ010000013.1		GCF_918192685.1	1405	
2913	WP_199714917.1,WP_199714916.1	186328	190194	3872	1201	NZ_CAKMRX030000133.1		GCF_928375605.1	315730	
2914	WP_033708900.1,WP_002168868.1	276874	280740	3872	1201	NZ_CAKJVL010000011.1		GCF_918180265.1	1220585	
2915	WP_283750600.1,WP_283750601.1	227585	231451	3872	1201	NZ_CAKJVS010000010.1		GCF_918180685.1	1396	
2916	WP_113769153.1,WP_044437842.1	632933	636799	3872	1201	NZ_CEEDEC010000003.1		GCF_979253805.1	3681932	
2917	WP_001061616.1,WP_098665234.1	33993	37859	3872	1200	NZ_NVDG01000002.1		GCF_002570485.1	1396	
2918	WP_000615611.1,WP_088007632.1	248625	252491	3872	1200	NZ_VEKC01000004.1		GCF_007676595.1	2026193	
2919	WP_088007632.1,WP_000615611.1	203216	207082	3872	1200	NZ_VEKB01000005.1		GCF_007676605.1	2026193	
2920	WP_001061616.1,WP_000615609.1	180925	184791	3872	1200	NZ_VEKG01000003.1		GCF_007681065.1	2026193	
2921	WP_199675243.1,WP_199675244.1	30250	34116	3872	1200	NZ_JAEHBV010000042.1		GCF_016483475.1	1396	
2922	WP_199638101.1,WP_199638102.1	129689	133555	3872	1200	NZ_JAEHBK010000004.1		GCF_016483685.1	2794584	
2923	WP_212089682.1,WP_212089683.1	1271627	1275493	3872	1200	NZ_CP047366.1		GCF_018141025.1	2026193	
2924	WP_000615611.1,WP_001061618.1	154301	158167	3872	1200	NZ_VKPW01000009.1		GCF_031316625.1	2026193	
2925	WP_097810115.1,WP_000615611.1	364092	367958	3872	1200	NZ_JARLXK010000001.1		GCF_036209205.1	2026193	
2926	WP_000615611.1,WP_001061618.1	507715	511581	3872	1200	NZ_JARTIK010000001.1		GCF_036222705.1	2026193	
2927	WP_001061616.1,WP_000615609.1	24983	28849	3872	1200	NZ_JBEUTH010000063.1		GCF_040492435.1	2026193	
2928	WP_212089683.1,WP_363379980.1	866197	870063	3872	1200	NZ_JBFPNO010000001.1		GCF_040815695.1	2026193	
2929	WP_363379980.1,WP_212089683.1	35601	39467	3872	1200	NZ_JBEGIB010000004.1		GCF_040676495.1	3135221	
2930	WP_199638101.1,WP_199638102.1	557423	561289	3872	1200	NZ_JBEGIE010000044.1		GCF_040676575.1	2026192	
2931	WP_199638101.1,WP_199638102.1	557736	561602	3872	1200	NZ_JBFPNP010000053.1		GCF_040815725.1	2026192	
2932	WP_427367897.1,WP_427367898.1	175443	179309	3872	1200	NZ_JBNNHJ010000008.1		GCF_050268925.1	2026192	
2933	WP_199638101.1,WP_199638102.1	129789	133655	3872	1200	NZ_JBNXSO010000004.1		GCF_050563345.1	2026192	
2934	WP_000615611.1,WP_098477947.1	244984	248850	3872	1200	NZ_JBCNAV010000014.1		GCF_050478265.1	2026193	
2935	WP_097883621.1,WP_000615611.1	78900	82766	3872	1200	NZ_JBCNAZ010000017.1		GCF_050478365.1	2026193	
2936	WP_001061618.1,WP_000615611.1	199724	203590	3872	1200	NZ_JBCNBF010000005.1		GCF_050478485.1	2026193	
2937	WP_000615611.1,WP_097810115.1	28413	32279	3872	1200	NZ_JBANCC010000042.1		GCF_037027125.1	2026193	
2938	WP_430632002.1,WP_430632003.1	464270	468136	3872	1200	NZ_JBNXSS010000004.1		GCF_050563425.1	2026193	
2939	WP_429697979.1,WP_429697980.1	11585	15451	3872	1200	NZ_JBCMLP010000025.1		GCF_050458625.1	1405	
2940	WP_341117738.1,WP_341071943.1	4889337	4892997	2732	1199	NZ_JBBOWM010000001.1		GCF_038007065.1	2978209	
2941	WP_033685359.1,WP_001031656.1	2099877	2103539	2825	1199	NZ_JBJJQE010000001.1		GCF_046470155.1	1396	
2942	WP_341117738.1,WP_341071943.1	4889350	4893010	2732	1199	NZ_JBBOXR010000001.1		GCF_038007705.1	2978209	
2943	WP_001031656.1,WP_033685359.1	4997093	5000755	2825	1199	NZ_CM147730.1		GCF_055793865.1	1396	
2944	WP_098116959.1,WP_016113574.1	9985	16022	2123	1193	NZ_NUCF01000049.1		GCF_002554825.1	64104	
2945	WP_098442791.1,WP_098442792.1	465760	469578	3824	1193	NZ_PDIZ01000001.1		GCF_002563635.1	1761764	
2946	WP_098116959.1,WP_016113574.1	4688	10725	2123	1193	NZ_NVJY01000032.1		GCF_002572465.1	64104	
2947	WP_166000898.1,WP_166000900.1	3940443	3944246	3809	1193	NZ_CP041063.1		GCF_011082085.1	2589818	
2948	WP_400961654.1,WP_400961666.1	141855	148826	2219	1192	NZ_JBIVRT010000009.1		GCF_044755825.1	582475	
2949	WP_427524963.1,WP_400961654.1	48385	55356	2219	1192	NZ_JBNNMB010000009.1		GCF_050272395.1	582475	
2950	WP_223493945.1,WP_223493949.1	147468	152309	3458	1190	NZ_CP082921.1		GCF_019931755.1	79883	
2951	WP_457450894.1,WP_457450897.1	10730	15567	3503	1190	NZ_JBSHYC010000053.1		GCF_054053245.1	33932	
2952	WP_034281831.1,WP_046310969.1	720749	723079	2330	1187	NZ_LATH01000001.1		GCF_000972825.1	561879	
2953	WP_034281831.1,WP_034623592.1	731833	734163	2330	1187	NZ_LMZD01000013.1		GCF_001566315.1	1804208	
2954	WP_034281831.1,WP_034281833.1	398921	401251	2330	1187	NZ_ASJD01000003.1		GCF_000691165.1	1178541	
2955	WP_034623592.1,WP_034623594.1	107328	109658	2330	1187	NZ_JNBO01000042.1		GCF_000715185.1	561879	
2956	WP_039178629.1,WP_039178632.1	1616718	1619048	2330	1187	NZ_CP010075.1		GCF_000800825.1	756828	
2957	WP_041109035.1,WP_041109037.1	279421	281751	2330	1187	NZ_JXCK01000027.1		GCF_000828395.1	561879	
2958	WP_041117410.1,WP_034623592.1	270239	272569	2330	1187	NZ_JXCO01000018.1		GCF_000828425.1	561879	
2959	WP_003211025.1,WP_003210769.1	225702	228032	2330	1187	NZ_ABRX01000001.1		GCF_000172815.1	536229	
2960	WP_059374837.1,WP_039178632.1	17560	19890	2330	1187	NZ_LKCP01000026.1		GCF_001518755.1	1739115	
2961	WP_041117410.1,WP_065214363.1	713352	715682	2330	1187	NZ_LZRH01000001.1		GCF_001677975.1	561879	
2962	WP_003211025.1,WP_050945018.1	232228	234558	2330	1187	NZ_LFGZ01000005.1		GCF_001183525.1	1408	
2963	WP_056766465.1,WP_034623592.1	1847254	1849584	2330	1187	NZ_LMJV01000001.1		GCF_001429445.1	1736608	
2964	WP_075623056.1,WP_075623057.1	3150246	3152576	2330	1187	NZ_CP015607.1		GCF_001938665.1	561879	
2965	WP_088001410.1,WP_088001411.1	100600	102930	2330	1187	NZ_MIJA01000017.1		GCF_002174275.1	1408	
2966	WP_046310969.1,WP_034281831.1	312692	315022	2330	1187	NZ_JAMAXJ010000001.1		GCF_023712845.1	561879	
2967	WP_034281831.1,WP_081124380.1	1624456	1626786	2330	1187	NZ_CP018100.1		GCF_002077215.1	561879	
2968	WP_059374837.1,WP_039178632.1	12189	14519	2330	1187	NZ_NKHH01000023.1		GCF_002744235.1	561879	
2969	WP_106030857.1,WP_106030858.1	368635	370965	2330	1187	NZ_PVRA01000002.1		GCF_002998555.1	2108539	
2970	WP_106038736.1,WP_106038737.1	311184	313514	2330	1187	NZ_PVRB01000001.1		GCF_002998575.1	2108540	
2971	WP_098676885.1,WP_065214363.1	281843	284173	2330	1187	NZ_NVIM01000003.1		GCF_002571925.1	561879	
2972	WP_034623592.1,WP_034281831.1	230902	233232	2330	1187	NZ_PGUX01000011.1		GCF_002863595.1	561879	
2973	WP_003211025.1,WP_050945018.1	1099079	1101409	2330	1187	NZ_PTXV01000001.1		GCF_003020795.1	1408	
2974	WP_034281831.1,WP_034281833.1	1623403	1625733	2330	1187	NZ_CP010405.1		GCF_003097715.1	1178541	
2975	WP_034623592.1,WP_034623594.1	2068460	2070790	2330	1187	NZ_CP032830.1		GCF_003660145.1	561879	
2976	WP_126681819.1,WP_126681820.1	423948	426278	2330	1187	NZ_RYXI01000005.1		GCF_003977465.1	561879	
2977	WP_144491209.1,WP_144491210.1	770985	773315	2330	1187	NZ_VEFI01000001.1		GCF_007678845.1	756828	
2978	WP_144491210.1,WP_144491209.1	181285	183615	2330	1187	NZ_VEGZ01000003.1		GCF_007679695.1	756828	
2979	WP_111927382.1,WP_111927384.1	755197	757527	2330	1187	NZ_QMDK01000004.1		GCF_003284765.1	561879	
2980	WP_034623592.1,WP_125586771.1	85904	88234	2330	1187	NZ_RPSI01000004.1		GCF_003946755.1	2483356	
2981	WP_070325830.1,WP_034623592.1	718494	720824	2330	1187	NZ_VEIR01000003.1		GCF_007680635.1	561879	
2982	WP_034623592.1,WP_034623594.1	3671747	3674077	2330	1187	NZ_CP043404.1		GCF_008244765.1	561879	
2983	WP_126741661.1,WP_126741662.1	12279	14609	2330	1187	NZ_RWKR01000017.1		GCF_003985025.1	1408	
2984	WP_034623592.1,WP_034281831.1	225253	227583	2330	1187	NZ_RAQE01000006.1		GCF_003610615.1	561879	
2985	WP_034623594.1,WP_034623592.1	182346	184676	2330	1187	NZ_LDFE01000004.1		GCF_015854405.1	561879	
2986	WP_197172839.1,WP_197172838.1	264146	266476	2330	1187	NZ_LDFG01000012.1		GCF_015854505.1	561879	
2987	WP_197172839.1,WP_197172838.1	264146	266476	2330	1187	NZ_LDFH01000012.1		GCF_015854515.1	561879	
2988	WP_163115139.1,WP_041109035.1	198688	201018	2330	1187	NZ_NJQZ01000005.1		GCF_010578125.1	561879	
2989	WP_034623592.1,WP_125586771.1	215376	217706	2330	1187	NZ_JABDIA010000004.1		GCF_012972765.1	561879	
2990	WP_065214363.1,WP_034281831.1	249853	252183	2330	1187	NZ_QFZE01000010.1		GCF_013387555.1	2201170	
2991	WP_197172838.1,WP_197172839.1	731034	733364	2330	1187	NZ_LDGD01000011.1		GCF_015844685.1	561879	
2992	WP_197172839.1,WP_197172838.1	263858	266188	2330	1187	NZ_LDGE01000012.1		GCF_015844715.1	561879	
2993	WP_034623592.1,WP_198456707.1	88919	91249	2330	1187	NZ_JACEVK010000002.1		GCF_016119035.1	561879	
2994	WP_034623594.1,WP_034623592.1	708366	710696	2330	1187	NZ_VFLO01000008.1		GCF_013131775.1	561879	
2995	WP_034281831.1,WP_425611111.1	1043799	1046129	2330	1187	NZ_RSEW01000001.1		GCF_016629615.1	561879	
2996	WP_126681820.1,WP_126681819.1	289009	291339	2330	1187	NZ_JAHLNA010000012.1		GCF_018916645.1	561879	
2997	WP_034623592.1,WP_034281831.1	150521	152851	2330	1187	NZ_JACYYP010000001.1		GCF_018101275.1	561879	
2998	WP_088001411.1,WP_203129819.1	1618668	1620998	2330	1187	NZ_CP069061.1		GCF_016803835.1	561879	
2999	WP_218677181.1,WP_041109037.1	173084	175414	2330	1187	NZ_LRMO01000012.1		GCF_019266135.1	1784817	
3000	WP_034281831.1,WP_034623592.1	726320	728650	2330	1187	NZ_JACYYR010000001.1		GCF_018101335.1	561879	
3001	WP_034281831.1,WP_034623592.1	729548	731878	2330	1187	NZ_JAHHYB010000001.1		GCF_019037445.1	561879	
3002	WP_034623592.1,WP_034281831.1	282363	284693	2330	1187	NZ_JAHHXZ010000001.1		GCF_019037465.1	561879	
3003	WP_034281831.1,WP_034623592.1	729548	731878	2330	1187	NZ_JAHHYA010000001.1		GCF_019037495.1	561879	
3004	WP_205184985.1,WP_088001411.1	1213880	1216210	2330	1187	NZ_CP070345.1		GCF_016919285.1	2812759	
3005	WP_206533855.1,WP_206533856.1	2551222	2553552	2330	1187	NZ_CP067376.1		GCF_017161885.1	580459	
3006	WP_034623592.1,WP_070325830.1	254849	257179	2330	1187	NZ_JAGGNP010000001.1		GCF_018614995.1	561879	
3007	WP_034281831.1,WP_034623592.1	241540	243870	2330	1187	NZ_JACYYQ010000006.1		GCF_018101295.1	561879	
3008	WP_224928278.1,WP_047202186.1	731759	734095	2336	1187	NZ_JAHWCR010000001.1		GCF_020179095.1	561879	
3009	WP_217012525.1,WP_126741661.1	191866	194196	2330	1187	NZ_JAHHYL010000004.1		GCF_019037685.1	1408	
3010	WP_234107810.1,WP_197172839.1	1641044	1643374	2330	1187	NZ_CP090354.1		GCF_021398835.1	561879	
3011	WP_046310969.1,WP_034281831.1	145854	148184	2330	1187	NZ_JAIFAE010000014.1		GCF_019599585.1	561879	
3012	WP_197172839.1,WP_034623594.1	326263	328593	2330	1187	NZ_JAGXEZ010000002.1		GCF_020147865.1	561879	
3013	WP_039178632.1,WP_059374837.1	90275	92605	2330	1187	NZ_JAAZTR010000002.1		GCF_018128845.1	561879	
3014	WP_212039824.1,WP_212039825.1	274214	276550	2336	1187	NZ_JAAZTQ010000002.1		GCF_018128855.1	561879	
3015	WP_251191260.1,WP_003210769.1	67402	69732	2330	1187	NZ_JAMATS010000005.1		GCF_023714675.1	1408	
3016	WP_034623592.1,WP_034281831.1	1176071	1178401	2330	1187	NZ_JAMATR010000001.1		GCF_023714745.1	561879	
3017	WP_126681819.1,WP_126681820.1	454757	457087	2330	1187	NZ_JAMATQ010000002.1		GCF_023714765.1	561879	
3018	WP_034281833.1,WP_034281831.1	266861	269191	2330	1187	NZ_JAMATB010000001.1		GCF_023715035.1	561879	
3019	WP_003211025.1,WP_003210769.1	92637	94967	2330	1187	NZ_JANLFE010000003.1		GCF_024653115.1	1408	
3020	WP_003211025.1,WP_050945018.1	1099079	1101409	2330	1187	NZ_JALDXC010000001.1		GCF_022758335.1	1408	
3021	WP_034623592.1,WP_034281831.1	225298	227628	2330	1187	NZ_JAPNOH010000001.1		GCF_026626395.1	561879	
3022	WP_267586275.1,WP_267586276.1	711469	713799	2330	1187	NZ_JAPNOG010000001.1		GCF_026626405.1	561879	
3023	WP_034623592.1,WP_034281831.1	210127	212457	2330	1187	NZ_JAPNOF010000002.1		GCF_026626415.1	561879	
3024	WP_034623592.1,WP_034623594.1	276763	279093	2330	1187	NZ_JANDGH010000003.1		GCF_024320755.1	561879	
3025	WP_034281831.1,WP_254001689.1	1577941	1580271	2330	1187	NZ_CP099864.1		GCF_024134585.1	561879	
3026	WP_003211025.1,WP_003210769.1	2709595	2711925	2330	1187	NZ_JALJWW010000001.1		GCF_024169645.1	1408	
3027	WP_034281831.1,WP_034623592.1	259263	261593	2330	1187	NZ_JAKOBG010000008.1		GCF_026786565.1	561879	
3028	WP_034281831.1,WP_034623592.1	725141	727471	2330	1187	NZ_JAKOBF010000005.1		GCF_026786575.1	561879	
3029	WP_065214363.1,WP_034281831.1	203386	205716	2330	1187	NZ_JAKOBL010000003.1		GCF_026786655.1	561879	
3030	WP_034281831.1,WP_034623592.1	203456	205786	2330	1187	NZ_JAKOBK010000009.1		GCF_026786685.1	561879	
3031	WP_034281831.1,WP_268414378.1	212431	214761	2330	1187	NZ_JAKOBN010000013.1		GCF_026786705.1	561879	
3032	WP_034281831.1,WP_268414378.1	395031	397361	2330	1187	NZ_JAKOBO010000004.1		GCF_026786725.1	561879	
3033	WP_034623592.1,WP_268423159.1	57222	59552	2330	1187	NZ_JAKOBM010000007.1		GCF_026786735.1	561879	
3034	WP_003210769.1,WP_003211025.1	212712	215042	2330	1187	NZ_JAKRQN010000010.1		GCF_026786865.1	1408	
3035	WP_034623592.1,WP_268436472.1	335596	337926	2330	1187	NZ_JAKRQM010000007.1		GCF_026786905.1	561879	
3036	WP_126741661.1,WP_217012525.1	438789	441119	2330	1187	NZ_JAPEVO010000002.1		GCF_026114285.1	1408	
3037	WP_265193698.1,WP_041109037.1	0	2287	2287	1187	NZ_JAPEVN010000091.1		GCF_026114325.1	561879	
3038	WP_125586771.1,WP_034623592.1	613644	615974	2330	1187	NZ_JAMAWQ010000001.1		GCF_023713205.1	561879	
3039	WP_254805770.1,WP_218677181.1	703307	705637	2330	1187	NZ_JANCMK010000001.1		GCF_024294925.1	561879	
3040	WP_034281831.1,WP_254001689.1	1574131	1576461	2330	1187	NZ_CP109651.1		GCF_025908215.1	561879	
3041	WP_248351303.1,WP_248351304.1	182538	184868	2330	1187	NZ_JALPNY010000004.1		GCF_023195455.1	561879	
3042	WP_034281831.1,WP_252050434.1	1641807	1644137	2330	1187	NZ_CP097374.1		GCF_023716825.1	561879	
3043	WP_260775940.1,WP_260775941.1	1626049	1628379	2330	1187	NZ_CP104391.1		GCF_025309755.1	561879	
3044	WP_041109035.1,WP_163115139.1	720011	722341	2330	1187	NZ_JAOEGM010000001.1		GCF_025447155.1	561879	
3045	WP_034281831.1,WP_034623592.1	173139	175469	2330	1187	NZ_JALJSL010000021.1		GCF_026786975.1	561879	
3046	WP_041109037.1,WP_268418905.1	89858	92188	2330	1187	NZ_JAKRQH010000001.1		GCF_026787025.1	561879	
3047	WP_268416224.1,WP_268416225.1	29484	31814	2330	1187	NZ_JAKRQD010000035.1		GCF_026787105.1	561879	
3048	WP_034281831.1,WP_065214363.1	69615	71945	2330	1187	NZ_JAKRPY010000032.1		GCF_026787205.1	561879	
3049	WP_034281831.1,WP_065214363.1	433574	435904	2330	1187	NZ_JAKRPX010000010.1		GCF_026787225.1	561879	
3050	WP_041109037.1,WP_268418905.1	89883	92213	2330	1187	NZ_JAKRPI010000007.1		GCF_026787515.1	561879	
3051	WP_034281831.1,WP_065214363.1	182027	184357	2330	1187	NZ_JAKRPH010000023.1		GCF_026787525.1	561879	
3052	WP_034281831.1,WP_065214363.1	75762	78092	2330	1187	NZ_JAKRPF010000016.1		GCF_026787565.1	561879	
3053	WP_041109037.1,WP_268457425.1	89914	92244	2330	1187	NZ_JAKRPG010000005.1		GCF_026787575.1	561879	
3054	WP_041109037.1,WP_268457425.1	89880	92210	2330	1187	NZ_JAKRPD010000009.1		GCF_026787605.1	561879	
3055	WP_041109037.1,WP_268457425.1	89855	92185	2330	1187	NZ_JAKRPB010000018.1		GCF_026787625.1	561879	
3056	WP_041109037.1,WP_268457425.1	89854	92184	2330	1187	NZ_JAKRPC010000024.1		GCF_026787635.1	561879	
3057	WP_268457425.1,WP_041109037.1	334595	336925	2330	1187	NZ_JAKRPA010000008.1		GCF_026787645.1	561879	
3058	WP_268457425.1,WP_041109037.1	200593	202923	2330	1187	NZ_JAKROZ010000012.1		GCF_026787685.1	561879	
3059	WP_034623592.1,WP_034281831.1	283546	285876	2330	1187	NZ_JARGGN010000001.1		GCF_029211445.1	561879	
3060	WP_268436472.1,WP_034623592.1	385127	387457	2330	1187	NZ_JAKRQK010000001.1		GCF_026786965.1	561879	
3061	WP_125586771.1,WP_034623592.1	182280	184610	2330	1187	NZ_JASCXC010000004.1		GCF_030062215.1	561879	
3062	WP_269196342.1,WP_269196343.1	1643127	1645457	2330	1187	NZ_CP114177.1		GCF_026970855.1	561879	
3063	WP_003210769.1,WP_003211025.1	703436	705766	2330	1187	NZ_JARVRK010000004.1		GCF_030209735.1	3040282	
3064	WP_003211025.1,WP_003210769.1	2218468	2220798	2330	1187	NZ_JAQFID010000001.1		GCF_029504355.1	1408	
3065	WP_126741661.1,WP_217012525.1	1754828	1757158	2330	1187	NZ_CP126081.1		GCF_030122825.1	1408	
3066	WP_126741661.1,WP_126741662.1	1648435	1650765	2330	1187	NZ_CP092829.1		GCF_029634685.1	1408	
3067	WP_126741661.1,WP_126741662.1	1668427	1670757	2330	1187	NZ_CP187660.1		GCF_029857565.1	1408	
3068	WP_034623592.1,WP_070325830.1	1251958	1254288	2330	1187	NZ_JARXYS010000001.1		GCF_029894445.1	2940552	
3069	WP_248351304.1,WP_248351303.1	1350881	1353211	2330	1187	NZ_CP187672.1		GCF_029931435.2	561879	
3070	WP_212039824.1,WP_047202186.1	732885	735221	2336	1187	NZ_JAJQVU010000005.1		GCF_027497635.1	561879	
3071	WP_254001689.1,WP_034281831.1	1130283	1132613	2330	1187	NZ_BSBE01000001.1		GCF_030159195.1	561879	
3072	WP_034281831.1,WP_034623592.1	770010	772340	2330	1187	NZ_BSBF01000001.1		GCF_030159215.1	561879	
3073	WP_047202186.1,WP_212039824.1	247065	249401	2336	1187	NZ_BSEI01000003.1		GCF_030268125.1	2925778	
3074	WP_285708330.1,WP_285708332.1	1631436	1633766	2330	1187	NZ_BSYL01000001.1		GCF_030270645.1	561879	
3075	WP_307499627.1,WP_106038736.1	1567727	1570057	2330	1187	NZ_JAUSYJ010000001.1		GCF_030816815.1	1408	
3076	WP_034281831.1,WP_046310969.1	415846	418176	2330	1187	NZ_JARSDY010000004.1		GCF_035807315.1	561879	
3077	WP_034281831.1,WP_254001689.1	130001	132331	2330	1187	NZ_JARSED010000013.1		GCF_035807415.1	561879	
3078	WP_034281831.1,WP_254001689.1	420545	422875	2330	1187	NZ_JARSEE010000005.1		GCF_035807435.1	561879	
3079	WP_034281831.1,WP_254001689.1	732407	734737	2330	1187	NZ_JARSEF010000001.1		GCF_035807515.1	561879	
3080	WP_034623592.1,WP_034623594.1	156980	159310	2330	1187	NZ_JARSIJ010000001.1		GCF_035809375.1	561879	
3081	WP_034281833.1,WP_034281831.1	130694	133024	2330	1187	NZ_JARSFI010000001.1		GCF_035808015.1	561879	
3082	WP_034281831.1,WP_046310969.1	720579	722909	2330	1187	NZ_JAVDSS010000001.1		GCF_031455425.1	561879	
3083	WP_034623594.1,WP_034623592.1	1704644	1706974	2330	1187	NZ_CP134496.1		GCF_031765195.1	3074204	
3084	WP_003211025.1,WP_003210769.1	180823	183153	2330	1187	NZ_VKPY01000003.1		GCF_031316575.1	1408	
3085	WP_317222039.1,WP_034281831.1	1970501	1972831	2330	1187	NZ_JAWJLN010000001.1		GCF_032911305.1	561879	
3086	WP_034623592.1,WP_326134545.1	239037	241367	2330	1187	NZ_JARSEY010000005.1		GCF_035807815.1	561879	
3087	WP_034281831.1,WP_034623592.1	774823	777153	2330	1187	NZ_JARSFC010000003.1		GCF_035807915.1	561879	
3088	WP_034281831.1,WP_254001689.1	733088	735418	2330	1187	NZ_JAVAJB010000001.1		GCF_030718025.1	561879	
3089	WP_327822863.1,WP_034623592.1	182094	184424	2330	1187	NZ_JARLXP010000002.1		GCF_036209295.1	561879	
3090	WP_065214363.1,WP_034281831.1	1271488	1273818	2330	1187	NZ_JARLXQ010000004.1		GCF_036209325.1	561879	
3091	WP_003210769.1,WP_003211025.1	423899	426229	2330	1187	NZ_JARTHI010000004.1		GCF_036222145.1	1408	
3092	WP_003211025.1,WP_003210769.1	171880	174210	2330	1187	NZ_JARTHW010000007.1		GCF_036222405.1	1408	
3093	WP_003211025.1,WP_003210769.1	171983	174313	2330	1187	NZ_JARTIB010000007.1		GCF_036222525.1	1408	
3094	WP_327831316.1,WP_034623592.1	182732	185062	2330	1187	NZ_JARMBQ010000009.1		GCF_036211425.1	561879	
3095	WP_065214363.1,WP_034281831.1	224406	226736	2330	1187	NZ_JARMCG010000004.1		GCF_036211765.1	561879	
3096	WP_065214363.1,WP_034281831.1	23548	25878	2330	1187	NZ_JARTBQ010000002.1		GCF_035823455.1	561879	
3097	WP_034281831.1,WP_046310969.1	334297	336627	2330	1187	NZ_JARTLG010000003.1		GCF_036226145.1	561879	
3098	WP_268414378.1,WP_034281831.1	189905	192235	2330	1187	NZ_JARLWG010000010.1		GCF_036208585.1	561879	
3099	WP_034281831.1,WP_254001689.1	173166	175496	2330	1187	NZ_JARLWN010000006.1		GCF_036208705.1	561879	
3100	WP_217012525.1,WP_126741661.1	108408	110738	2330	1187	NZ_JARLZG010000035.1		GCF_036210225.1	1408	
3101	WP_034623592.1,WP_070325830.1	98752	101082	2330	1187	NZ_JARSSB010000009.1		GCF_035814395.1	561879	
3102	WP_034623592.1,WP_268436472.1	197581	199911	2330	1187	NZ_JARTIG010000020.1		GCF_036222665.1	561879	
3103	WP_268418905.1,WP_041109037.1	31722	34052	2330	1187	NZ_JARTBR010000027.1		GCF_035823515.1	561879	
3104	WP_268457425.1,WP_041109037.1	222816	225146	2330	1187	NZ_JARTBS010000001.1		GCF_035823545.1	561879	
3105	WP_034281831.1,WP_065214363.1	69716	72046	2330	1187	NZ_JARTBV010000026.1		GCF_035823595.1	561879	
3106	WP_268418905.1,WP_041109037.1	267617	269947	2330	1187	NZ_JARTBW010000011.1		GCF_035823615.1	561879	
3107	WP_268457425.1,WP_041109037.1	37795	40125	2330	1187	NZ_JARTBX010000018.1		GCF_035823655.1	561879	
3108	WP_034623592.1,WP_041117410.1	46952	49282	2330	1187	NZ_JAYSGV010000001.1		GCF_035871915.1	561879	
3109	WP_041117410.1,WP_034623592.1	454731	457061	2330	1187	NZ_JAYSGU010000001.1		GCF_035871975.1	561879	
3110	WP_034281831.1,WP_268414378.1	209482	211812	2330	1187	NZ_JARTIM010000002.1		GCF_036222765.1	561879	
3111	WP_003211025.1,WP_003210769.1	225780	228110	2330	1187	NZ_JARTIT010000003.1		GCF_036222875.1	1408	
3112	WP_034623592.1,WP_070325830.1	1994	4324	2330	1187	NZ_JBALNT010000034.1		GCF_036961945.1	561879	
3113	WP_125586771.1,WP_034623592.1	956	3286	2330	1187	NZ_JBALNG010000027.1		GCF_036962445.1	561879	
3114	WP_070325830.1,WP_034623592.1	1569042	1571372	2330	1187	NZ_JBBOQH010000001.1		GCF_038004045.1	2954628	
3115	WP_050945018.1,WP_003211025.1	3139394	3141724	2330	1187	NZ_JBBORY010000001.1		GCF_038004865.1	2921571	
3116	WP_034623592.1,WP_326134545.1	243154	245484	2330	1187	NZ_JBALSZ010000008.1		GCF_036966785.1	561879	
3117	WP_034623594.1,WP_034623592.1	1683555	1685885	2330	1187	NZ_CP146762.1		GCF_037094785.1	561879	
3118	WP_070325830.1,WP_034623592.1	750626	752956	2330	1187	NZ_JBALRI010000004.1		GCF_036966345.1	561879	
3119	WP_065214363.1,WP_034281831.1	200624	202954	2330	1187	NZ_JBBOSG010000002.1		GCF_038005005.1	2921524	
3120	WP_034281831.1,WP_065214363.1	427296	429626	2330	1187	NZ_JBBOSJ010000001.1		GCF_038005085.1	2921498	
3121	WP_003211025.1,WP_050945018.1	471487	473817	2330	1187	NZ_JBBOSQ010000001.1		GCF_038005165.1	2921476	
3122	WP_034281831.1,WP_065214363.1	1386802	1389132	2330	1187	NZ_JBBOSY010000002.1		GCF_038005285.1	2921395	
3123	WP_341053359.1,WP_285708332.1	1721216	1723546	2330	1187	NZ_JBBOTU010000001.1		GCF_038005765.1	2954578	
3124	WP_340867168.1,WP_267586275.1	1180277	1182607	2330	1187	NZ_JBBOZZ010000001.1		GCF_038008825.1	2954575	
3125	WP_034281831.1,WP_034623592.1	1578724	1581054	2330	1187	NZ_JBBOZX010000001.1		GCF_038008885.1	2954584	
3126	WP_034623594.1,WP_034623592.1	435283	437613	2330	1187	NZ_JBBPIB010000003.1		GCF_038039725.1	561879	
3127	WP_339241417.1,WP_197172839.1	1594755	1597085	2330	1187	NZ_CP150197.1		GCF_037966365.1	2954583	
3128	WP_034281831.1,WP_034623592.1	1633374	1635704	2330	1187	NZ_CP151978.1		GCF_038593255.1	2954617	
3129	WP_034281831.1,WP_254001689.1	1573708	1576038	2330	1187	NZ_CP151980.1		GCF_038593275.1	2954592	
3130	WP_034281831.1,WP_034623592.1	1582898	1585228	2330	1187	NZ_CP151982.1		GCF_038593295.1	2954587	
3131	WP_034281831.1,WP_065214363.1	1579642	1581972	2330	1187	NZ_CP151983.1		GCF_038593305.1	2954582	
3132	WP_034281831.1,WP_065214363.1	1578828	1581158	2330	1187	NZ_CP151984.1		GCF_038593315.1	2954581	
3133	WP_034281831.1,WP_317222039.1	1635060	1637390	2330	1187	NZ_CP151985.1		GCF_038593345.1	2954579	
3134	WP_034281831.1,WP_081124380.1	1584683	1587013	2330	1187	NZ_CP151986.1		GCF_038593355.1	2954573	
3135	WP_342500139.1,WP_342500140.1	1580863	1583193	2330	1187	NZ_CP152022.1		GCF_038627085.1	2921535	
3136	WP_125586771.1,WP_034623592.1	1610840	1613170	2330	1187	NZ_CP152024.1		GCF_038628485.1	2921528	
3137	WP_034281831.1,WP_034623592.1	1659923	1662253	2330	1187	NZ_CP152025.1		GCF_038629295.1	2921527	
3138	WP_034281831.1,WP_065214363.1	1600012	1602342	2330	1187	NZ_CP152026.1		GCF_038629965.1	2921526	
3139	WP_034281831.1,WP_046310969.1	1572207	1574537	2330	1187	NZ_CP152027.1		GCF_038630295.1	2921517	
3140	WP_003210769.1,WP_003211025.1	1643623	1645953	2330	1187	NZ_CP152030.1		GCF_038630405.1	2921507	
3141	WP_342496380.1,WP_003211025.1	2576897	2579227	2330	1187	NZ_CP152034.1		GCF_038630515.1	2921488	
3142	WP_034623592.1,WP_070325830.1	1847	4177	2330	1187	NZ_JBALLM010000093.1		GCF_036963545.1	561879	
3143	WP_034281831.1,WP_034623592.1	755	3085	2330	1187	NZ_JBALSF010000011.1		GCF_036966865.1	561879	
3144	WP_046310969.1,WP_034281831.1	311831	314161	2330	1187	NZ_JBALSI010000003.1		GCF_036966945.1	561879	
3145	WP_034281831.1,WP_046310969.1	950	3280	2330	1187	NZ_JBALSR010000044.1		GCF_036967005.1	561879	
3146	WP_417894913.1,WP_003211025.1	0	2334	2334	1187	NZ_JBALSY010000276.1		GCF_036967065.1	1408	
3147	WP_260775940.1,WP_260775941.1	1617678	1620008	2330	1187	NZ_CP152042.1		GCF_038630785.1	2921458	
3148	WP_034281831.1,WP_034623592.1	1556545	1558875	2330	1187	NZ_CP152043.1		GCF_038630815.1	2921457	
3149	WP_034281831.1,WP_065214363.1	1592315	1594645	2330	1187	NZ_CP152045.1		GCF_038630855.1	2921436	
3150	WP_234107810.1,WP_206533855.1	1622719	1625049	2330	1187	NZ_CP152051.1		GCF_038635285.1	2921397	
3151	WP_003210769.1,WP_003211025.1	1629748	1632078	2330	1187	NZ_CP046130.1		GCF_038734075.1	1408	
3152	WP_003210769.1,WP_251191260.1	1628027	1630357	2330	1187	NZ_CP150182.1		GCF_037965155.1	2954647	
3153	WP_039178629.1,WP_039178632.1	1655349	1657679	2330	1187	NZ_CP150196.1		GCF_037966335.1	2954585	
3154	WP_340989458.1,WP_340989459.1	1643874	1646204	2330	1187	NZ_JBBOOU010000001.1		GCF_038003245.1	2921533	
3155	WP_034281831.1,WP_034623592.1	1584569	1586899	2330	1187	NZ_JBBOPB010000001.1		GCF_038003385.1	2921469	
3156	WP_034281831.1,WP_034623592.1	1641547	1643877	2330	1187	NZ_CP151970.1		GCF_038593175.1	2954677	
3157	WP_065214363.1,WP_034281831.1	57813	60143	2330	1187	NZ_JBALLG010000018.1		GCF_036962865.1	561879	
3158	WP_003210769.1,WP_003211025.1	1612000	1614330	2330	1187	NZ_CP154906.1		GCF_039619495.1	1408	
3159	WP_345807466.1,WP_345807467.1	3694373	3696703	2330	1187	NZ_CP154908.1		GCF_039619525.1	1408	
3160	WP_034281831.1,WP_034623592.1	1572742	1575072	2330	1187	NZ_CP154909.1		GCF_039619585.1	561879	
3161	WP_065214363.1,WP_034281831.1	2979875	2982205	2330	1187	NZ_CP154912.1		GCF_039619595.1	561879	
3162	WP_034623592.1,WP_070325830.1	1925	4255	2330	1187	NZ_JBEUTE010000103.1		GCF_040492315.1	561879	
3163	WP_034623594.1,WP_034623592.1	808	3138	2330	1187	NZ_JBALRA010000014.1		GCF_036965965.1	561879	
3164	WP_034281831.1,WP_034623592.1	728471	730801	2330	1187	NZ_JBALSL010000003.1		GCF_036966045.1	561879	
3165	WP_034623592.1,WP_034281831.1	25634	27964	2330	1187	NZ_JBALSK010000035.1		GCF_036966685.1	561879	
3166	WP_034281831.1,WP_046310969.1	1598373	1600703	2330	1187	NZ_CP151976.1		GCF_038593235.1	2954622	
3167	WP_041109037.1,WP_349905063.1	1134254	1136584	2330	1187	NZ_JARTCB010000001.1		GCF_040240945.1	2490859	
3168	WP_034281831.1,WP_034623592.1	20978	23308	2330	1187	NZ_JBDIBS010000014.1		GCF_039704545.1	561879	
3169	WP_003211025.1,WP_050945018.1	232409	234739	2330	1187	NZ_JBDIBT010000007.1		GCF_039704555.1	1408	
3170	WP_003211025.1,WP_050945018.1	232436	234766	2330	1187	NZ_JBDIBU010000010.1		GCF_039704575.1	1408	
3171	WP_070325830.1,WP_034623592.1	1533789	1536119	2330	1187	NZ_JBEUTJ010000001.1		GCF_040492375.1	561879	
3172	WP_034623592.1,WP_353765539.1	1024	3353	2329	1187	NZ_JBEUTX010000120.1		GCF_040492755.1	561879	
3173	WP_353758585.1,WP_065214363.1	0	2294	2294	1187	NZ_JBEUUB010000116.1		GCF_040492795.1	561879	
3174	WP_034623592.1,WP_034281831.1	1322	3652	2330	1187	NZ_JBEUUD010000115.1		GCF_040492835.1	561879	
3175	WP_212039824.1,WP_047202186.1	732551	734887	2336	1187	NZ_JBHVSW010000002.1		GCF_042884995.1	561879	
3176	WP_034623592.1,WP_034281831.1	3119744	3122074	2330	1187	NZ_JBGFSS010000001.1		GCF_041227085.1	561879	
3177	WP_039178632.1,WP_059374837.1	236925	239255	2330	1187	NZ_JAZDWY010000002.1		GCF_041537995.1	561879	
3178	WP_034623592.1,WP_034623594.1	102954	105284	2330	1187	NZ_JBGRWI010000002.1		GCF_041725795.1	561879	
3179	WP_125586771.1,WP_034623592.1	3361967	3364297	2330	1187	NZ_CP152033.1		GCF_040869395.1	2921489	
3180	WP_050945018.1,WP_003211025.1	1635986	1638316	2330	1187	NZ_CP162095.1		GCF_040893075.1	1408	
3181	WP_034623592.1,WP_400518978.1	882347	884677	2330	1187	NZ_JBIVZY010000001.1		GCF_044759775.1	561879	
3182	WP_353770172.1,WP_034623592.1	0	2278	2278	1187	NZ_JBEUUE010000099.1		GCF_040492895.1	561879	
3183	WP_034281831.1,WP_046310969.1	1572224	1574554	2330	1187	NZ_CP160226.1		GCF_040712225.1	561879	
3184	WP_034623594.1,WP_034623592.1	945	3275	2330	1187	NZ_JBHXNC010000037.1		GCF_042720205.1	561879	
3185	WP_034623594.1,WP_034623592.1	269835	272165	2330	1187	NZ_JBHXNO010000004.1		GCF_042719975.1	561879	
3186	WP_395894593.1,WP_395894595.1	1584053	1586383	2330	1187	NZ_CP172339.1		GCF_044336645.1	2490859	
3187	WP_034623594.1,WP_034623592.1	269969	272299	2330	1187	NZ_JBHXNA010000003.1		GCF_042719565.1	561879	
3188	WP_034623592.1,WP_034623594.1	129805	132135	2330	1187	NZ_JBHXND010000004.1		GCF_042719955.1	561879	
3189	WP_003211025.1,WP_003210769.1	225427	227757	2330	1187	NZ_JBIWNB010000003.1		GCF_044767005.1	1408	
3190	WP_404459968.1,WP_404459970.1	721898	724228	2330	1187	NZ_JBJDOU010000001.1		GCF_044901145.1	561879	
3191	WP_198456707.1,WP_034623592.1	754855	757185	2330	1187	NZ_JAWVPR010000002.1		GCF_046592865.1	561879	
3192	WP_034623594.1,WP_034623592.1	1646590	1648920	2330	1187	NZ_CP181431.1		GCF_047948255.1	561879	
3193	WP_034623594.1,WP_034623592.1	1656165	1658495	2330	1187	NZ_CP176416.1		GCF_046245155.1	561879	
3194	WP_034623594.1,WP_034623592.1	1661223	1663553	2330	1187	NZ_CP176527.1		GCF_046267945.1	561879	
3195	WP_409481957.1,WP_106038736.1	60091	62421	2330	1187	NZ_JBKAED010000013.1		GCF_046269165.1	1408	
3196	WP_041109037.1,WP_041109035.1	2702357	2704687	2330	1187	NZ_CP186482.1		GCF_049354745.1	561879	
3197	WP_034281831.1,WP_254001689.1	733088	735418	2330	1187	NZ_JBMYHN010000001.1		GCF_049542595.1	561879	
3198	WP_034623592.1,WP_034281831.1	191291	193621	2330	1187	NZ_JBIQDW010000001.1		GCF_045370685.1	561879	
3199	WP_034623592.1,WP_034281831.1	191291	193621	2330	1187	NZ_JBIQDX010000001.1		GCF_045370705.1	561879	
3200	WP_034281831.1,WP_034623592.1	774848	777178	2330	1187	NZ_JBIQDV010000001.1		GCF_045370715.1	561879	
3201	WP_034623592.1,WP_034281831.1	191291	193621	2330	1187	NZ_JBIQDU010000001.1		GCF_045370745.1	561879	
3202	WP_034623592.1,WP_034281831.1	191291	193621	2330	1187	NZ_JBIQDT010000001.1		GCF_045370755.1	561879	
3203	WP_411244367.1,WP_411244368.1	182077	184407	2330	1187	NZ_JAWVNL010000006.1		GCF_046591615.1	561879	
3204	WP_427369372.1,WP_126681820.1	249062	251392	2330	1187	NZ_JBNNIA010000003.1		GCF_050269255.1	561879	
3205	WP_217012525.1,WP_126741661.1	94150	96480	2330	1187	NZ_JBNNIG010000002.1		GCF_050269395.1	1408	
3206	WP_046310969.1,WP_034281831.1	2778858	2781188	2330	1187	NZ_JBIYEE010000001.1		GCF_044909255.1	561879	
3207	WP_234107810.1,WP_206533855.1	1676327	1678657	2330	1187	NZ_CP150833.1		GCF_045348145.1	561879	
3208	WP_034623592.1,WP_034281831.1	237586	239916	2330	1187	NZ_JBIQFK010000001.1		GCF_045369155.1	561879	
3209	WP_217012525.1,WP_126741661.1	94150	96480	2330	1187	NZ_JBNNJH010000002.1		GCF_050269955.1	1408	
3210	WP_419250770.1,WP_126741662.1	265095	267425	2330	1187	NZ_JBLWOJ010000003.1		GCF_048538065.1	1408	
3211	WP_003211025.1,WP_003210769.1	231981	234311	2330	1187	NZ_JBLUWR010000004.1		GCF_048898085.1	1408	
3212	WP_197172839.1,WP_197172838.1	262384	264714	2330	1187	NZ_JBMGSF010000001.1		GCF_049059285.1	3366882	
3213	WP_034623592.1,WP_413550205.1	213894	216224	2330	1187	NZ_JAWPPM010000014.1		GCF_047308145.1	561879	
3214	WP_046310969.1,WP_034281831.1	312836	315166	2330	1187	NZ_JAWDAB010000001.1		GCF_046055725.1	561879	
3215	WP_034623594.1,WP_034623592.1	1646590	1648920	2330	1187	NZ_CP180263.1		GCF_047651255.1	561879	
3216	WP_003210769.1,WP_003211025.1	423593	425923	2330	1187	NZ_JBCMYK010000013.1		GCF_050476245.1	1408	
3217	WP_432244204.1,WP_218677181.1	213515	215845	2330	1187	NZ_JBOZGP010000002.1		GCF_050846935.1	561879	
3218	WP_125586771.1,WP_034623592.1	182280	184610	2330	1187	NZ_JBNJOE010000004.1		GCF_050112875.1	561879	
3219	WP_003210769.1,WP_003211025.1	190386	192716	2330	1187	NZ_JBCNQT010000007.1		GCF_050468125.1	1408	
3220	WP_003211025.1,WP_003210769.1	181539	183869	2330	1187	NZ_JBCNQU010000016.1		GCF_050468185.1	1408	
3221	WP_003211025.1,WP_003210769.1	181538	183868	2330	1187	NZ_JBCNRF010000012.1		GCF_050468605.1	1408	
3222	WP_003211025.1,WP_003210769.1	181537	183867	2330	1187	NZ_JBCNRG010000022.1		GCF_050468645.1	1408	
3223	WP_003211025.1,WP_003210769.1	181722	184052	2330	1187	NZ_JBCNRW010000010.1		GCF_050469265.1	1408	
3224	WP_003211025.1,WP_003210769.1	181535	183865	2330	1187	NZ_JBCNRX010000011.1		GCF_050469285.1	1408	
3225	WP_034623592.1,WP_034281831.1	2939039	2941369	2330	1187	NZ_CP194772.1		GCF_050995505.1	561879	
3226	WP_034623592.1,WP_034281831.1	1136646	1138976	2330	1187	NZ_JARSEJ010000004.1		GCF_035807535.1	561879	
3227	WP_034281831.1,WP_046310969.1	1499796	1502126	2330	1187	NZ_CP178436.1		GCF_051131695.1	3393462	
3228	WP_041109037.1,WP_218677181.1	1151764	1154094	2330	1187	NZ_CP192519.1		GCF_050613085.1	561879	
3229	WP_254001689.1,WP_034281831.1	2189307	2191637	2330	1187	NZ_CP194721.1		GCF_050994995.1	561879	
3230	WP_034281831.1,WP_034623592.1	1538149	1540479	2330	1187	NZ_CP194762.1		GCF_050995405.1	561879	
3231	WP_070325830.1,WP_034623592.1	421137	423467	2330	1187	NZ_JBQCKZ010000003.1		GCF_051966555.1	561879	
3232	WP_070325830.1,WP_034623592.1	421137	423467	2330	1187	NZ_JBQCKW010000003.1		GCF_051966615.1	561879	
3233	WP_248351304.1,WP_248351303.1	246744	249074	2330	1187	NZ_JBQCKR010000001.1		GCF_051966775.1	561879	
3234	WP_034281831.1,WP_034281833.1	416502	418832	2330	1187	NZ_JBQCKO010000003.1		GCF_051966895.1	561879	
3235	WP_034281831.1,WP_034623592.1	741789	744119	2330	1187	NZ_JBQCKH010000001.1		GCF_051967155.1	561879	
3236	WP_034281833.1,WP_034281831.1	266567	268897	2330	1187	NZ_JBQCKF010000003.1		GCF_051967185.1	561879	
3237	WP_034623592.1,WP_034281831.1	281520	283850	2330	1187	NZ_JBQCKD010000001.1		GCF_051967295.1	561879	
3238	WP_034623592.1,WP_034281831.1	281519	283849	2330	1187	NZ_JBQCKC010000001.1		GCF_051967315.1	561879	
3239	WP_034281831.1,WP_034623592.1	732111	734441	2330	1187	NZ_JBQCKB010000001.1		GCF_051967375.1	561879	
3240	WP_034623592.1,WP_070325830.1	207842	210172	2330	1187	NZ_JBQCKA010000003.1		GCF_051967455.1	561879	
3241	WP_034281831.1,WP_034623592.1	769664	771994	2330	1187	NZ_JBOIMV010000001.1		GCF_051411255.1	561879	
3242	WP_003211025.1,WP_003210769.1	94885	97215	2330	1187	NZ_JBOIQH010000003.1		GCF_051413035.1	1408	
3243	WP_065214363.1,WP_034281831.1	2671594	2673924	2330	1187	NZ_JBQXPL010000001.1		GCF_052656105.1	3461407	
3244	WP_034281831.1,WP_034281833.1	724306	726636	2330	1187	NZ_JBQCNS010000002.1		GCF_051963915.1	561879	
3245	WP_034281831.1,WP_034281833.1	724306	726636	2330	1187	NZ_JBQCNQ010000001.1		GCF_051963955.1	561879	
3246	WP_034281831.1,WP_034281833.1	203950	206280	2330	1187	NZ_JBQCNR010000003.1		GCF_051963975.1	561879	
3247	WP_034281831.1,WP_034281833.1	724306	726636	2330	1187	NZ_JBQCNP010000001.1		GCF_051963995.1	561879	
3248	WP_034281833.1,WP_034281831.1	266567	268897	2330	1187	NZ_JBQCNM010000002.1		GCF_051964135.1	561879	
3249	WP_034281833.1,WP_034281831.1	266567	268897	2330	1187	NZ_JBQCNL010000003.1		GCF_051964195.1	561879	
3250	WP_034281831.1,WP_034281833.1	723733	726063	2330	1187	NZ_JBQCNI010000001.1		GCF_051964295.1	561879	
3251	WP_034281833.1,WP_034281831.1	266567	268897	2330	1187	NZ_JBQCNH010000001.1		GCF_051964335.1	561879	
3252	WP_034281831.1,WP_034281833.1	416499	418829	2330	1187	NZ_JBQCNE010000003.1		GCF_051964435.1	561879	
3253	WP_126741661.1,WP_126741662.1	1669029	1671359	2330	1187	NZ_CP197344.1		GCF_052143355.1	1408	
3254	WP_126741661.1,WP_126741662.1	2763889	2766219	2330	1187	NZ_CP197343.1		GCF_052143365.1	1408	
3255	WP_126741661.1,WP_126741662.1	1669029	1671359	2330	1187	NZ_CP197345.1		GCF_052144035.1	1408	
3256	WP_126741661.1,WP_126741662.1	1669029	1671359	2330	1187	NZ_CP197346.1		GCF_052144045.1	1408	
3257	WP_034281831.1,WP_034281833.1	416502	418832	2330	1187	NZ_JBQCLM010000003.1		GCF_051965975.1	561879	
3258	WP_034281831.1,WP_034623592.1	1578194	1580524	2330	1187	NZ_CM137753.1		GCF_053592795.2	561879	
3259	WP_034281831.1,WP_034623592.1	728771	731101	2330	1187	NZ_JBSSEJ010000001.1		GCF_054061595.1	3470468	
3260	WP_034623592.1,WP_198456707.1	165606	167936	2330	1187	NZ_JBLZWY010000003.1		GCF_056098965.1	561879	
3261	WP_456265074.1,WP_456265073.1	1651315	1653645	2330	1187	NZ_CP096387.1		GCF_053903125.1	2937823	
3262	WP_003210769.1,WP_003211025.1	1629010	1631340	2330	1187	NZ_LT906438.1		GCF_900186955.1	1408	
3263	WP_197172839.1,WP_463110393.1	238272	240602	2330	1187	NZ_JBUQDM010000004.1		GCF_055179655.1	561879	
3264	WP_003211025.1,WP_050945018.1	702024	704354	2330	1187	NZ_JBWBRB010000001.1		GCF_056279285.1	1408	
3265	WP_003210769.1,WP_251191260.1	2760900	2763230	2330	1187	NZ_JBWBRC010000001.1		GCF_056279325.1	1408	
3266	WP_034281831.1,WP_034623592.1	727943	730273	2330	1187	NZ_JBSFAA010000001.1		GCF_053629955.1	3463836	
3267	WP_456265073.1,WP_456265074.1	2118778	2121108	2330	1187	NZ_CP096401.1		GCF_053903185.1	2937825	
3268	WP_456265073.1,WP_456265074.1	2120801	2123131	2330	1187	NZ_CP096402.1		GCF_053903195.1	2937826	
3269	WP_456265074.1,WP_456265073.1	1651238	1653568	2330	1187	NZ_CP096404.1		GCF_053903215.1	2937828	
3270	WP_456265074.1,WP_456265073.1	1651460	1653790	2330	1187	NZ_CP096476.1		GCF_053903235.1	2937830	
3271	WP_034623592.1,WP_456534811.1	208423	210753	2330	1187	NZ_JBSVRY010000005.1		GCF_054051665.1	561879	
3272	WP_003210769.1,WP_003211025.1	1024406	1026736	2330	1187	NZ_CM149702.1		GCF_056237595.1	1408	
3273	WP_476072302.1,WP_476072303.1	29996	32326	2330	1187	NZ_JBWGHV010000003.1		GCF_056315845.1	561879	
3274	WP_267586275.1,WP_476061116.1	1230872	1233202	2330	1187	NZ_JBWEEP010000003.1		GCF_056316145.1	561879	
3275	WP_041109037.1,WP_041109035.1	146143	148473	2330	1187	NZ_CEMBHM010000007.1		GCF_980650695.1	561879	
3276	WP_471654604.1,WP_197172839.1	322804	325134	2330	1187	NZ_CEMBIL010000002.1		GCF_980650805.1	561879	
3277	WP_034623592.1,WP_034623594.1	278179	280509	2330	1187	NZ_CEMBIH010000001.1		GCF_980650815.1	561879	
3278	WP_034623592.1,WP_034623594.1	273065	275395	2330	1187	NZ_CEMBJR010000001.1		GCF_980651185.1	561879	
3279	WP_034281831.1,WP_034623592.1	731624	733954	2330	1187	NZ_CEMBJS010000001.1		GCF_980651195.1	561879	
3280	WP_034623594.1,WP_034623592.1	758199	760529	2330	1187	NZ_CEMBME010000001.1		GCF_980651815.1	561879	
3281	WP_197172839.1,WP_471654604.1	282842	285172	2330	1187	NZ_CEMBMG010000002.1		GCF_980651825.1	561879	
3282	WP_034281831.1,WP_034623592.1	725611	727941	2330	1187	NZ_CEMBRG010000001.1		GCF_980653135.1	561879	
3283	WP_126741662.1,WP_126741661.1	1101742	1104072	2330	1187	NZ_CDRNAB010000004.1		GCF_977010535.1	1408	
3284	WP_449376377.1,WP_034623592.1	744184	746514	2330	1187	NZ_CDRNIM010000002.1		GCF_977013925.1	561879	
3285	WP_218677181.1,WP_041109037.1	107104	109434	2330	1187	NZ_CEMBXE010000001.1		GCF_980654715.1	561879	
3286	WP_034623592.1,WP_034623594.1	278287	280617	2330	1187	NZ_CEMBBX010000001.1		GCF_980649175.1	561879	
3287	WP_394236188.1,WP_394236198.1	24297	31312	2588	1185	NZ_JBHOFM010000006.1		GCF_043419455.1	1737571	
3288	WP_394236188.1,WP_394236198.1	24297	31312	2588	1185	NZ_JBHZRC010000006.1		GCF_043641075.1	1737571	
3289	WP_053428698.1,WP_053428702.1	752110	757494	2579	1182	NZ_LGUE01000004.1		GCF_001274775.1	189381	
3290	WP_063191794.1,WP_063191798.1	120299	125683	2579	1182	NZ_LQQY01000043.1		GCF_001619805.1	189381	
3291	WP_048006869.1,WP_048006873.1	138079	143463	2579	1182	NZ_LDWH01000010.1		GCF_001038695.1	189381	
3292	WP_048012266.1,WP_048012270.1	297028	302409	2579	1182	NZ_LDWJ01000002.1		GCF_001038855.1	189381	
3293	WP_048012266.1,WP_048012270.1	18860	24241	2579	1182	NZ_LDWO01000046.1		GCF_001038985.1	189381	
3294	WP_148797070.1,WP_148797082.1	384601	389985	2579	1182	NZ_VSJG01000016.1		GCF_008124485.1	189381	
3295	WP_148984816.1,WP_056533143.1	47878	53262	2579	1182	NZ_VTEQ01000002.1		GCF_008180685.1	189381	
3296	WP_159129173.1,WP_159129177.1	673581	678965	2579	1182	NZ_CP047095.1		GCF_009806575.1	189381	
3297	WP_056533131.1,WP_238283585.1	670643	676027	2579	1182	NZ_CP081870.1		GCF_022170785.1	189381	
3298	WP_252265741.1,WP_252265744.1	667744	673128	2579	1182	NZ_CP085398.1		GCF_023824015.1	189381	
3299	WP_318548330.1,WP_318548336.1	3734092	3739476	2579	1182	NZ_CP096885.1		GCF_024195225.1	189381	
3300	WP_056533131.1,WP_056533143.1	63018	68402	2579	1182	NZ_JAMQJC010000001.1		GCF_023702835.1	189381	
3301	WP_251401046.1,WP_251401051.1	102170	107554	2579	1182	NZ_JAMQJB010000001.1		GCF_023703245.1	189381	
3302	WP_317947562.1,WP_317947566.1	2553	7937	2579	1182	NZ_BSED01000011.1		GCF_033238765.1	189381	
3303	WP_290031557.1,WP_318340689.1	465367	470751	2579	1182	NZ_JAWQGA010000001.1		GCF_033436885.1	189381	
3304	WP_309517959.1,WP_309517963.1	3008660	3014044	2579	1182	NZ_JAVIVT010000002.1		GCF_031324195.1	189381	
3305	WP_079514802.1,WP_290031557.1	3774099	3779483	2579	1182	NZ_CP128801.1		GCF_030388705.1	189381	
3306	WP_347320324.1,WP_347320330.1	18745	24129	2579	1182	NZ_JBDKWY010000004.1		GCF_039822645.1	3149166	
3307	WP_367079984.1,WP_367079987.1	746780	752164	2579	1182	NZ_JAUKEI010000002.1		GCF_040719875.1	189381	
3308	WP_367037718.1,WP_367037721.1	735362	740746	2579	1182	NZ_JAUKEH010000002.1		GCF_040719935.1	189381	
3309	WP_367024275.1,WP_367024277.1	282007	287391	2579	1182	NZ_JAUKEF010000004.1		GCF_040719955.1	189381	
3310	WP_367258181.1,WP_367258184.1	16501	21885	2579	1182	NZ_JBDOCU010000003.1		GCF_040750295.1	189381	
3311	WP_416313719.1,WP_416313721.1	769987	775371	2579	1182	NZ_JBLRVS010000004.1		GCF_047915635.1	3391447	
3312	WP_056533131.1,WP_056533143.1	65157	70541	2579	1182	NZ_JBLOOZ010000001.1		GCF_048537835.1	189381	
3313	WP_148984816.1,WP_056533143.1	47877	53261	2579	1182	NZ_JBNILK010000003.1		GCF_050107655.1	189381	
3314	WP_063191798.1,WP_063191794.1	2580410	2585794	2579	1182	NZ_JBLGCT010000001.1		GCF_047444825.1	189381	
3315	WP_430344279.1,WP_048012266.1	2040	7424	2579	1182	NZ_JBCMYD010000049.1		GCF_050483265.1	189381	
3316	WP_430481991.1,WP_430481994.1	772742	778126	2579	1182	NZ_JBNKIO010000001.1		GCF_050510715.1	189381	
3317	WP_430494944.1,WP_367258181.1	117584	122968	2579	1182	NZ_JBNKIP010000011.1		GCF_050510735.1	189381	
3318	WP_430507634.1,WP_430507636.1	59655	65039	2579	1182	NZ_JBNKIN010000001.1		GCF_050510755.1	189381	
3319	WP_430489119.1,WP_430489121.1	100748	106132	2579	1182	NZ_JBNKIM010000006.1		GCF_050510795.1	189381	
3320	WP_445509683.1,WP_445509685.1	3414241	3419625	2579	1182	NZ_CP199776.1		GCF_052656535.1	189381	
3321	WP_442637157.1,WP_442637158.1	670844	676228	2579	1182	NZ_CP197480.1		GCF_052180155.1	189381	
3322	WP_079514800.1,WP_079514802.1	293442	298826	2579	1182	NZ_FVYY01000008.1		GCF_900166615.1	189381	
3323	WP_472514158.1,WP_056533143.1	48242	53626	2579	1182	NZ_CEMBGS010000002.1		GCF_980650405.1	189381	
3324	WP_061785966.1,WP_061785967.1	2672	5011	2339	1160	NZ_BCVD01000080.1		GCF_001591565.1	1348625	
3325	WP_098092576.1,WP_098092578.1	121117	123456	2339	1160	NZ_NUEL01000003.1		GCF_002555945.1	1890302	
3326	WP_098092576.1,WP_098092578.1	6305	8644	2339	1160	NZ_NURY01000086.1		GCF_002580565.1	1890302	
3327	WP_061785966.1,WP_061785967.1	2735	5074	2339	1160	NZ_VEEF01000081.1		GCF_007678225.1	86664	
3328	WP_061785966.1,WP_061785967.1	2735	5074	2339	1160	NZ_VEEH01000082.1		GCF_007678245.1	86664	
3329	WP_306200873.1,WP_306200875.1	2950	5289	2339	1160	NZ_JAVBXD010000031.1		GCF_030756675.1	3068506	
3330	WP_061785966.1,WP_061785967.1	2782	5121	2339	1160	NZ_JARTHC010000033.1		GCF_036222005.1	86664	
3331	WP_061785966.1,WP_061785967.1	2194075	2196414	2339	1160	NZ_JBBOYA010000001.1		GCF_038007925.1	2954648	
3332	WP_061785967.1,WP_061785966.1	1815183	1817522	2339	1160	NZ_JBBPAL010000001.1		GCF_038050335.1	2921708	
3333	WP_386845674.1,WP_386845676.1	25204	28302	2912	1160	NZ_JBHZDH010000022.1		GCF_042755925.1	3346737	
3334	WP_403007216.1,WP_403007218.1	81797	84895	2912	1160	NZ_JBIWIB010000014.1		GCF_044764395.1	582475	
3335	WP_098374939.1,WP_472264919.1	183270	185609	2339	1160	NZ_JBVOUL010000002.1		GCF_055685985.1	1392	
3336	WP_098374939.1,WP_474870470.1	37582	39921	2339	1160	NZ_JBMIHL010000029.1		GCF_056155665.1	2499213	
3337	WP_340832281.1,WP_340832283.1	3235468	3237705	2243	1159	NZ_JBBOZS010000001.1		GCF_038008735.1	2954604	
3338	WP_025028229.1,WP_025028232.1	52057	56476	2729	1153	NZ_BAMO01000034.1		GCF_000615945.1	1236954	
3339	WP_103977048.1,WP_103977049.1	1887853	1890047	2171	1151	NZ_PGLV01000001.1		GCF_002923795.1	1421	
3340	WP_046648645.1,WP_046648648.1	73108	77912	2321	1150	NZ_MACD01000050.1		GCF_001884025.1	2026187	
3341	WP_046648645.1,WP_046648648.1	273896	278700	2321	1150	NZ_CP040343.1		GCF_009739985.1	1396	
3342	WP_046648645.1,WP_046648648.1	45572	50376	2321	1150	NZ_JADAMD010000010.1		GCF_014876595.1	2026187	
3343	WP_046648648.1,WP_046648645.1	72645	77449	2321	1150	NZ_NJQG01000008.1		GCF_010628775.1	2026187	
3344	WP_046648645.1,WP_046648648.1	73119	77923	2321	1150	NZ_JADAMF010000010.1		GCF_014876635.1	2026187	
3345	WP_046648648.1,WP_046648645.1	70257	75061	2321	1150	NZ_JADAMG010000010.1		GCF_014876645.1	2026187	
3346	WP_046648648.1,WP_046648645.1	70285	75089	2321	1150	NZ_JADAME010000010.1		GCF_014876665.1	2026187	
3347	WP_046648645.1,WP_046648648.1	214982	219786	2321	1150	NZ_JADAMH010000018.1		GCF_014876695.1	2026187	
3348	WP_046648645.1,WP_046648648.1	45572	50376	2321	1150	NZ_JADAMI010000011.1		GCF_014876735.1	2026187	
3349	WP_046648648.1,WP_046648645.1	382	5186	2321	1150	NZ_JAJESQ010000027.1		GCF_020686065.1	2026186	
3350	WP_046648645.1,WP_046648648.1	164624	169428	2321	1150	NZ_CP086329.1		GCF_020861345.1	2026187	
3351	WP_242227972.1,WP_046648648.1	114497	119301	2321	1150	NZ_JAKUFN010000011.1		GCF_022663445.1	2920329	
3352	WP_046648645.1,WP_046648648.1	45682	50486	2321	1150	NZ_JANHMW010000014.1		GCF_024497995.1	2026186	
3353	WP_046648645.1,WP_046648648.1	73116	77920	2321	1150	NZ_JAPJTS020000011.1		GCF_026275395.2	2026187	
3354	WP_046648645.1,WP_046648648.1	73116	77920	2321	1150	NZ_JAPJTT020000011.1		GCF_026275465.2	2026187	
3355	WP_046648648.1,WP_046648645.1	199991	204795	2321	1150	NZ_CP093422.1		GCF_024205365.1	2026186	
3356	WP_046648645.1,WP_046648648.1	216528	221332	2321	1150	NZ_CP093425.1		GCF_024205385.1	2026187	
3357	WP_046648648.1,WP_046648645.1	40848	45652	2321	1150	NZ_JAGVQQ010000034.1		GCF_023969595.1	2026187	
3358	WP_046648648.1,WP_046648645.1	70371	75175	2321	1150	NZ_JAQQGG010000011.1		GCF_028548245.1	3025192	
3359	WP_046648648.1,WP_046648645.1	70371	75175	2321	1150	NZ_CP099451.1		GCF_029027925.1	2026187	
3360	WP_046648645.1,WP_046648648.1	45682	50486	2321	1150	NZ_JAQFQA010000016.1		GCF_027712745.1	3018101	
3361	WP_242227972.1,WP_046648648.1	12202	17006	2321	1150	NZ_JAQFQU010000028.1		GCF_027713585.1	3018102	
3362	WP_046648648.1,WP_046648645.1	43142	47946	2321	1150	NZ_JAQFRE010000012.1		GCF_027713685.1	3018107	
3363	WP_046648648.1,WP_046648645.1	43142	47946	2321	1150	NZ_JAQFRF010000011.1		GCF_027713705.1	3018108	
3364	WP_046648648.1,WP_242227972.1	51213	56017	2321	1150	NZ_JAQFTZ010000015.1		GCF_027715825.1	3018117	
3365	WP_046648648.1,WP_046648645.1	6069	10873	2321	1150	NZ_JAQFVB010000038.1		GCF_027716865.1	3018128	
3366	WP_046648648.1,WP_046648645.1	6069	10873	2321	1150	NZ_JAQFVA010000039.1		GCF_027716925.1	3018127	
3367	WP_046648648.1,WP_046648645.1	5604	10408	2321	1150	NZ_JAQFVC010000039.1		GCF_027716945.1	3018129	
3368	WP_046648645.1,WP_046648648.1	64789	69593	2321	1150	NZ_JAQFVE010000008.1		GCF_027717045.1	3018130	
3369	WP_046648645.1,WP_046648648.1	48170	52974	2321	1150	NZ_JAQFNN010000016.1		GCF_027710685.1	3018062	
3370	WP_046648648.1,WP_046648645.1	108690	113494	2321	1150	NZ_JAQFOX010000014.1		GCF_027711645.1	3018087	
3371	WP_046648645.1,WP_046648648.1	1543	6347	2321	1150	NZ_JAQFOZ010000041.1		GCF_027711685.1	3018088	
3372	WP_046648648.1,WP_046648645.1	60675	65479	2321	1150	NZ_JAQFPB010000013.1		GCF_027711725.1	3018090	
3373	WP_046648648.1,WP_046648645.1	70042	74846	2321	1150	NZ_JAQFPJ010000013.1		GCF_027712065.1	3018094	
3374	WP_046648648.1,WP_046648645.1	239	5043	2321	1150	NZ_JAPNPC010000027.1		GCF_030222525.1	2026187	
3375	WP_046648648.1,WP_046648645.1	24233	29037	2321	1150	NZ_JAPNPD010000026.1		GCF_030222535.1	2026187	
3376	WP_046648648.1,WP_046648645.1	14831	19635	2321	1150	NZ_JAPNPF010000028.1		GCF_030222555.1	2026187	
3377	WP_046648645.1,WP_046648648.1	97973	102777	2321	1150	NZ_JAPNPJ010000015.1		GCF_030222645.1	2026186	
3378	WP_046648645.1,WP_046648648.1	76135	80939	2321	1150	NZ_JAPNPE010000011.1		GCF_030222665.1	2026187	
3379	WP_046648648.1,WP_046648645.1	70370	75174	2321	1150	NZ_JAPNPP010000013.1		GCF_030222775.1	2026186	
3380	WP_046648645.1,WP_046648648.1	136110	140914	2321	1150	NZ_JAPNPQ010000010.1		GCF_030222825.1	2026186	
3381	WP_046648648.1,WP_046648645.1	70371	75175	2321	1150	NZ_JAPNPU010000012.1		GCF_030222875.1	2026186	
3382	WP_046648645.1,WP_046648648.1	73243	78047	2321	1150	NZ_JAPNPV010000011.1		GCF_030222905.1	2026186	
3383	WP_046648648.1,WP_046648645.1	14765	19569	2321	1150	NZ_JAPNQH010000063.1		GCF_030223125.1	2026186	
3384	WP_046648645.1,WP_046648648.1	97973	102777	2321	1150	NZ_JAPNPM010000007.1		GCF_030222715.1	2026186	
3385	WP_046648645.1,WP_046648648.1	86270	91074	2321	1150	NZ_JAYGBK010000002.1		GCF_035618175.1	2026187	
3386	WP_046648648.1,WP_046648645.1	218750	223554	2321	1150	NZ_JAYGBL010000002.1		GCF_035618215.1	2026187	
3387	WP_046648648.1,WP_046648645.1	14786	19590	2321	1150	NZ_JAYGBI010000067.1		GCF_035618235.1	2026187	
3388	WP_046648648.1,WP_046648645.1	2621	7425	2321	1150	NZ_JAYGBX010000175.1		GCF_035618455.1	2026187	
3389	WP_046648648.1,WP_046648645.1	218715	223519	2321	1150	NZ_JAYGBU010000002.1		GCF_035618415.1	2026187	
3390	WP_046648648.1,WP_046648645.1	14808	19612	2321	1150	NZ_JAYGBA010000095.1		GCF_035617995.1	2026187	
3391	WP_046648645.1,WP_046648648.1	75809	80613	2321	1150	NZ_DALYZR010000009.1		GCF_031983925.1	1409	
3392	WP_046648645.1,WP_046648648.1	75753	80557	2321	1150	NZ_JAZHPJ010000012.1		GCF_036543265.1	2026187	
3393	WP_046648645.1,WP_046648648.1	17473	22277	2321	1150	NZ_JARLZU010000040.1		GCF_036210445.1	2026186	
3394	WP_046648648.1,WP_046648645.1	96569	101373	2321	1150	NZ_JAFLPB010000002.1		GCF_036851715.1	2026187	
3395	WP_046648648.1,WP_046648645.1	96569	101373	2321	1150	NZ_JAFLPG010000002.1		GCF_036851755.1	2026186	
3396	WP_046648645.1,WP_046648648.1	214885	219689	2321	1150	NZ_JAFLPF010000002.1		GCF_036851775.1	2026187	
3397	WP_046648648.1,WP_046648645.1	24324	29128	2321	1150	NZ_JARMCR010000014.1		GCF_036211965.1	2026187	
3398	WP_046648645.1,WP_046648648.1	73149	77953	2321	1150	NZ_JBHHNW010000010.1		GCF_042137815.1	2026186	
3399	WP_046648648.1,WP_046648645.1	70244	75048	2321	1150	NZ_JBFNPN010000010.1		GCF_040796985.1	2026187	
3400	WP_046648645.1,WP_046648648.1	179121	183925	2321	1150	NZ_JBFOAI010000002.1		GCF_040811505.1	2026187	
3401	WP_046648648.1,WP_046648645.1	42886	47690	2321	1150	NZ_JBFOAJ010000006.1		GCF_040811665.1	2026187	
3402	WP_046648648.1,WP_046648645.1	70371	75175	2321	1150	NZ_JBHOQF010000012.1		GCF_042583685.1	2026186	
3403	WP_046648648.1,WP_046648645.1	70244	75048	2321	1150	NZ_JAWMBV010000017.1		GCF_046576325.1	2026186	
3404	WP_046648645.1,WP_046648648.1	73113	77917	2321	1150	NZ_JAWMBK010000010.1		GCF_046576525.1	2026187	
3405	WP_046648645.1,WP_046648648.1	45525	50329	2321	1150	NZ_JAWMCB010000015.1		GCF_046575505.1	2026187	
3406	WP_046648645.1,WP_046648648.1	67947	72751	2321	1150	NZ_JBMMKF010000002.1		GCF_049219125.1	2026187	
3407	WP_046648648.1,WP_046648645.1	47762	52566	2321	1150	NZ_JBMMKE010000002.1		GCF_049219145.1	2026187	
3408	WP_046648648.1,WP_046648645.1	47762	52566	2321	1150	NZ_JBMMKG010000002.1		GCF_049219165.1	2026187	
3409	WP_046648645.1,WP_046648648.1	18041	22845	2321	1150	NZ_JBMMKK010000002.1		GCF_049219345.1	2026187	
3410	WP_046648648.1,WP_046648645.1	62858	67662	2321	1150	NZ_JAYKJZ010000022.1		GCF_046825375.1	2026187	
3411	WP_046648645.1,WP_046648648.1	73118	77922	2321	1150	NZ_JBLEPZ010000015.1		GCF_047345785.1	2026187	
3412	WP_046648648.1,WP_046648645.1	37895	42699	2321	1150	NZ_JBNTOU010000027.1		GCF_050629525.1	2026186	
3413	WP_046648648.1,WP_046648645.1	94908	99712	2321	1150	NZ_JBNTKW010000012.1		GCF_050627475.1	2026187	
3414	WP_046648645.1,WP_046648648.1	72045	76849	2321	1150	NZ_JBNTKX010000013.1		GCF_050627495.1	2026187	
3415	WP_046648648.1,WP_046648645.1	61825	66629	2321	1150	NZ_JBNTMD010000017.1		GCF_050628145.1	2026187	
3416	WP_046648645.1,WP_046648648.1	77090	81894	2321	1150	NZ_JBNTME010000012.1		GCF_050628165.1	2026187	
3417	WP_046648648.1,WP_046648645.1	61827	66631	2321	1150	NZ_JBNTMF010000013.1		GCF_050628185.1	2026187	
3418	WP_046648645.1,WP_046648648.1	105317	110121	2321	1150	NZ_JBNTPV010000010.1		GCF_050630085.1	2026187	
3419	WP_046648648.1,WP_046648645.1	53402	58206	2321	1150	NZ_JBNTPV010000011.1		GCF_050630085.1	2026187	
3420	WP_046648648.1,WP_046648645.1	93535	98339	2321	1150	NZ_JBNTQB010000014.1		GCF_050630165.1	2026187	
3421	WP_046648648.1,WP_046648645.1	6762	11566	2321	1150	NZ_JAWXWB010000043.1		GCF_033842275.1	3094866	
3422	WP_046648648.1,WP_046648645.1	70355	75159	2321	1150	NZ_JBPWHQ010000011.1		GCF_051780385.1	3445184	
3423	WP_046648645.1,WP_046648648.1	73147	77951	2321	1150	NZ_JBPWIB010000010.1		GCF_051780625.1	3445195	
3424	WP_046648645.1,WP_046648648.1	79302	84106	2321	1150	NZ_JBPWKG010000028.1		GCF_051781925.1	3445257	
3425	WP_046648645.1,WP_046648648.1	71999	76803	2321	1150	NZ_JBPVZY010000016.1		GCF_051776365.1	3444976	
3426	WP_046648648.1,WP_046648645.1	70355	75159	2321	1150	NZ_JBPVZZ010000013.1		GCF_051776385.1	3444977	
3427	WP_046648648.1,WP_046648645.1	70355	75159	2321	1150	NZ_JBPWAD010000012.1		GCF_051776465.1	3444981	
3428	WP_046648648.1,WP_046648645.1	8516	13320	2321	1150	NZ_JBPWBB010000013.1		GCF_051776945.1	3445009	
3429	WP_046648648.1,WP_046648645.1	19502	24306	2321	1150	NZ_JBPWCQ010000038.1		GCF_051777785.1	3445050	
3430	WP_046648648.1,WP_046648645.1	70355	75159	2321	1150	NZ_JBPWDT010000012.1		GCF_051778365.1	3445081	
3431	WP_046648645.1,WP_046648648.1	73147	77951	2321	1150	NZ_JBPWGI010000013.1		GCF_051779725.1	3445150	
3432	WP_046648648.1,WP_046648645.1	120814	125618	2321	1150	NZ_JBQAET010000008.1		GCF_051915465.1	3450611	
3433	WP_046648645.1,WP_046648648.1	73147	77951	2321	1150	NZ_JBQAGB010000013.1		GCF_051916145.1	3450645	
3434	WP_046648645.1,WP_046648648.1	73147	77951	2321	1150	NZ_JBQAGC010000012.1		GCF_051916185.1	3450646	
3435	WP_046648648.1,WP_046648645.1	48493	53297	2321	1150	NZ_JBQAHW010000012.1		GCF_051917085.1	3450692	
3436	WP_046648645.1,WP_046648648.1	45682	50486	2321	1150	NZ_JBQBKX010000016.1		GCF_051917385.1	2026187	
3437	WP_046648645.1,WP_046648648.1	71976	76780	2321	1150	NZ_JBSBCD010000013.1		GCF_053456625.1	2026187	
3438	WP_046648645.1,WP_046648648.1	71976	76780	2321	1150	NZ_JBSBCF010000013.1		GCF_053456665.1	2026187	
3439	WP_046648648.1,WP_046648645.1	47889	52693	2321	1150	NZ_JBROTK010000002.1		GCF_053092585.1	2026186	
3440	WP_046648645.1,WP_046648648.1	84990	89794	2321	1150	NZ_JBRFVB010000003.1		GCF_052947615.1	2026187	
3441	WP_046648645.1,WP_046648648.1	76171	80975	2321	1150	NZ_FWZA01000014.1		GCF_900176985.1	2026186	
3442	WP_046648645.1,WP_046648648.1	73135	77939	2321	1150	NZ_FWZB01000033.1		GCF_900176875.1	2026187	
3443	WP_273130558.1,WP_273130561.1	42852	45187	2348	1137	NZ_WTKO01000099.1		GCF_011524325.1	1547283	
3444	WP_211741400.1,WP_339215012.1	3812465	3817205	2300	1129	NZ_CP150248.1		GCF_037975285.1	2921616	
3445	WP_206857861.1,WP_206857862.1,WP_206857865.1	47417	51311	3066	1124	NZ_JAFKOH010000014.1		GCF_017303375.1	2802174	
3446	WP_078595726.1,WP_169911016.1	3107620	3110847	3212	1120	NZ_KV917376.1		GCF_002019695.1	79879	
3447	WP_458729281.1,WP_458729284.1	6407	11570	2213	1100	NZ_JBTIYD010000062.1		GCF_054404575.1	1396	
3448	WP_061808956.1,WP_061808957.1	78712	80958	2252	1090	NZ_BCVQ01000002.1		GCF_001591825.1	1349757	
3449	WP_342540146.1,WP_342540148.1	4217268	4219485	2204	1072	NZ_CP152029.1		GCF_038630395.1	2921510	
3450	WP_341071942.1,WP_341071943.1	4513052	4516484	2426	1045	NZ_JBBOZG010000001.1		GCF_038008515.1	2978211	
3451	WP_476426229.1,WP_476426231.1	142009	145330	2684	1008	NZ_JBWHYQ010000008.1		GCF_056322905.1	3470551	
3452	WP_244721740.1,WP_244721755.1	1072531	1077521	2300	990	NZ_CP095072.1		GCF_022919115.1	2932256	
3453	WP_248717726.1,WP_248717728.1	281387	286767	2567	764	NZ_CP096780.1		GCF_023242215.1	2936682	
3454	WP_427515343.1,WP_427515346.1	19915	25118	2561	747	NZ_JBNNUZ010000017.1		GCF_050280245.1	28031	
3455	WP_461183778.1,WP_461183776.1	1612986	1615744	1931	732	NZ_AP043951.1		GCF_055379185.1	2685937	
3456	WP_461183776.1,WP_461183778.1	408	3166	1931	732	NZ_BAAHCJ010000092.1		GCF_054775915.1	2685937	
3457	WP_281217355.1,WP_427434927.1	24897	30109	2558	728	NZ_JBNNTA010000009.1		GCF_050278285.1	2115968	
3458	WP_281217352.1,WP_281217355.1	147934	153152	2558	728	NZ_CANLUV010000005.1		GCF_947494345.1	2115968	
3459	WP_042513076.1,WP_242434925.1	590393	593615	3228	695	NZ_LOJQ01000003.1		GCF_002021695.1	1396	
